353649.985000000 -1.671961552e-04 -6.912454541e-05 -1.461721473e-06 2.903107228e-03 1.929997936e-03 -4.442629793e-02
353649.990000000 -1.315448765e-04 -9.989354831e-05 9.008745737e-06 2.447226615e-03 1.611139713e-04 -4.673181439e-02
353649.995000000 -9.818976637e-05 -1.277374128e-04 1.142518627e-05 8.495437846e-04 -2.301697625e-03 -5.052565279e-02
353650.000000000 -1.000322055e-04 -1.316574932e-04 6.549217644e-06 -1.081905020e-03 -2.912182677e-03 -5.193127807e-02
353650.005000000 -1.187307965e-04 -1.226141011e-04 3.996268241e-06 -1.744297729e-03 -2.364837525e-03 -5.069605029e-02
353650.010000000 -1.551826460e-04 -1.024905483e-04 3.819850395e-06 -3.011547037e-04 -7.504311535e-04 -4.775729199e-02
353650.015000000 -1.780641443e-04 -8.682656812e-05 6.083129270e-06 1.308669838e-03 7.147721445e-04 -4.530835495e-02
353650.020000000 -1.681504205e-04 -9.011914440e-05 8.191208242e-06 1.947538825e-03 7.085717662e-04 -4.467979735e-02
353650.025000000 -1.427849902e-04 -9.934145128e-05 5.423878785e-06 1.956548893e-03 -3.322888758e-04 -4.613065919e-02
353650.030000000 -1.109475611e-04 -9.961721756e-05 -2.813904683e-07 -1.017240881e-04 -1.367626986e-03 -4.924343499e-02
353650.035000000 -1.045769012e-04 -8.581995506e-05 -8.386614912e-06 -2.085254325e-03 -1.289939926e-03 -5.037244468e-02
353650.040000000 -1.295351043e-04 -6.795944043e-05 -1.385620456e-05 -1.512934528e-03 -6.808366233e-04 -4.929624349e-02
353650.045000000 -1.570798230e-04 -5.243816223e-05 -1.689588683e-05 9.047218103e-05 -1.976161647e-04 -4.824071576e-02
353650.050000000 -1.643680224e-04 -5.771446600e-05 -1.937286402e-05 2.272930828e-03 -2.216761501e-04 -4.647541097e-02
353650.055000000 -1.440546661e-04 -8.095737437e-05 -2.140332982e-05 3.843416731e-03 -1.160431234e-03 -4.609577271e-02
353650.060000000 -1.157758982e-04 -1.016401866e-04 -2.324106783e-05 3.189893665e-03 -1.980340438e-03 -4.788568324e-02
353650.065000000 -1.011072870e-04 -1.205781569e-04 -2.300692086e-05 8.501533265e-04 -1.843475960e-03 -4.889350854e-02
353650.070000000 -1.033660478e-04 -1.210895491e-04 -2.536326810e-05 -1.566748704e-03 -1.337418493e-03 -4.876768770e-02
353650.075000000 -1.259094305e-04 -1.030143560e-04 -2.610778356e-05 -2.138091738e-03 -1.093169658e-03 -4.844549165e-02
353650.080000000 -1.547235874e-04 -8.571281948e-05 -2.892452339e-05 -9.723591211e-04 -6.946021854e-04 -4.756338568e-02
353650.085000000 -1.729489071e-04 -7.473569458e-05 -2.808773705e-05 9.792956342e-04 -1.229340054e-04 -4.637495258e-02
353650.090000000 -1.588441081e-04 -8.103588331e-05 -1.758265854e-05 2.727407031e-03 1.493136431e-04 -4.728593605e-02
353650.095000000 -1.163761566e-04 -1.002543004e-04 -9.436196430e-06 2.170062453e-03 3.014105858e-04 -4.886429863e-02
353650.100000000 -8.103740486e-05 -1.106827609e-04 -4.182535420e-06 3.418082765e-05 1.833667267e-04 -4.898147288e-02
353650.105000000 -6.976067806e-05 -1.031663889e-04 -2.048371341e-06 -1.326036076e-03 -6.620953978e-04 -4.909115606e-02
353650.110000000 -1.019226835e-04 -8.024674380e-05 -2.633572349e-06 -1.357679182e-03 -2.020452350e-03 -4.856247538e-02
353650.115000000 -1.534561035e-04 -6.149620029e-05 -3.296524515e-06 3.868199202e-04 -2.682186138e-03 -4.687061678e-02
353650.120000000 -1.829179277e-04 -5.581966490e-05 -5.524570674e-06 3.140071566e-03 -2.566765863e-03 -4.597879879e-02
353650.125000000 -1.849144975e-04 -6.679987192e-05 -2.018422662e-06 4.652956467e-03 -1.827268702e-03 -4.639758350e-02
353650.130000000 -1.561366704e-04 -1.055326377e-04 6.263224320e-06 2.897726915e-03 2.502685844e-04 -4.674409087e-02
353650.135000000 -1.169827364e-04 -1.390737721e-04 7.138063799e-06 -2.011637733e-04 1.541239388e-03 -4.751498049e-02
353650.140000000 -9.490524846e-05 -1.445545546e-04 7.240289307e-06 -2.552354661e-03 8.294051913e-04 -4.916130453e-02
353650.145000000 -9.701319707e-05 -1.288855148e-04 6.044094774e-06 -3.779021957e-03 -6.567485759e-04 -5.001479104e-02
353650.150000000 -1.431288704e-04 -9.153303156e-05 -2.663489482e-06 -1.049295086e-03 -2.553421111e-03 -4.919346144e-02
353650.155000000 -1.847692979e-04 -6.896963459e-05 -8.043084203e-06 2.826145191e-03 -3.059877588e-03 -4.814346444e-02
353650.160000000 -1.827420477e-04 -7.448742848e-05 -8.121464418e-06 3.953039412e-03 -1.535273357e-03 -4.712552278e-02
353650.165000000 -1.589552098e-04 -8.199186402e-05 -1.062985681e-05 3.364996790e-03 3.035316672e-04 -4.579626007e-02
353650.170000000 -1.125519433e-04 -8.852062617e-05 -1.346061530e-05 7.447116536e-04 8.283093444e-04 -4.703160875e-02
353650.175000000 -8.698820154e-05 -8.937724693e-05 -1.883234309e-05 -2.440579190e-03 -1.898559583e-04 -4.933298598e-02
353650.180000000 -1.019757663e-04 -7.568870952e-05 -2.427921666e-05 -3.283761800e-03 -1.708948305e-03 -4.979438351e-02
353650.185000000 -1.326350611e-04 -5.390454087e-05 -2.749569696e-05 -1.160571546e-03 -3.111343313e-03 -4.973497098e-02
353650.190000000 -1.699831852e-04 -4.931888158e-05 -2.973430006e-05 2.760085872e-03 -2.156003185e-03 -4.824494172e-02
353650.195000000 -1.741348388e-04 -7.147657225e-05 -2.640310025e-05 5.225143057e-03 4.366284107e-04 -4.534013846e-02
353650.200000000 -1.412853632e-04 -1.025292397e-04 -2.313871985e-05 4.877869550e-03 1.813837266e-03 -4.409110058e-02
353650.205000000 -1.070965205e-04 -1.325564746e-04 -2.213510783e-05 2.389540329e-03 1.884651380e-03 -4.523364003e-02
353650.210000000 -8.778940493e-05 -1.480856727e-04 -1.907066927e-05 -2.113257591e-03 -4.402215215e-04 -4.806203873e-02
353650.215000000 -9.821026220e-05 -1.328594367e-04 -1.704475612e-05 -4.324133814e-03 -3.677082656e-03 -5.080805125e-02
353650.220000000 -1.342849350e-04 -9.443143057e-05 -1.787344745e-05 -2.459474465e-03 -4.928349827e-03 -5.195789597e-02
353650.225000000 -1.750368281e-04 -6.603923091e-05 -1.552901183e-05 3.554320715e-04 -3.518766561e-03 -5.061444235e-02
353650.230000000 -1.823301885e-04 -6.962884457e-05 -7.424142989e-06 3.327702692e-03 3.183714324e-04 -4.662150662e-02
353650.235000000 -1.494629650e-04 -8.416614843e-05 4.854290914e-07 4.136497704e-03 2.880179467e-03 -4.469853115e-02
353650.240000000 -1.103281838e-04 -9.380848661e-05 3.115446979e-06 1.850753154e-03 2.477254332e-03 -4.599506596e-02
353650.245000000 -8.605902194e-05 -1.023271606e-04 3.489128293e-06 -9.230169372e-04 6.245286039e-04 -4.797095466e-02
353650.250000000 -9.641791289e-05 -9.049767747e-05 5.829053092e-06 -2.308438152e-03 -2.546579967e-03 -5.076470974e-02
353650.255000000 -1.346514916e-04 -6.302255176e-05 7.218839094e-06 -1.219979630e-03 -4.159781720e-03 -5.134146467e-02
353650.260000000 -1.762161110e-04 -4.989016701e-05 1.631322672e-06 1.650536820e-03 -2.709794069e-03 -4.852098577e-02
353650.265000000 -1.962377780e-04 -6.088221301e-05 -3.110753384e-06 4.589973981e-03 -4.499054517e-04 -4.553303329e-02
353650.270000000 -1.645541650e-04 -1.029535604e-04 -4.435617712e-06 4.714056111e-03 1.471135477e-03 -4.445725061e-02
353650.275000000 -1.148541550e-04 -1.450126495e-04 -3.328882330e-06 1.936029009e-03 1.567334888e-03 -4.576424118e-02
353650.280000000 -9.200984061e-05 -1.592002349e-04 -3.155431269e-06 -1.170759395e-03 -5.604367753e-04 -4.888163868e-02
353650.285000000 -9.190660041e-05 -1.536931666e-04 -6.147174221e-06 -3.681594054e-03 -2.832555661e-03 -5.232142132e-02
353650.290000000 -1.286198492e-04 -1.065060143e-04 -1.293072871e-05 -3.181749997e-03 -3.072157725e-03 -5.190923684e-02
353650.295000000 -1.782644403e-04 -5.763374728e-05 -2.220633727e-05 4.013247146e-04 -1.226123268e-03 -4.817175471e-02
353650.300000000 -1.948796998e-04 -5.145961387e-05 -2.998737156e-05 3.537668462e-03 9.683481988e-04 -4.522909387e-02
353650.305000000 -1.762275485e-04 -6.254903216e-05 -3.203940829e-05 4.422678474e-03 2.313751551e-03 -4.368891556e-02
353650.310000000 -1.203215053e-04 -8.493809508e-05 -2.904483455e-05 2.568945557e-03 1.151546478e-03 -4.576742694e-02
353650.315000000 -7.456373097e-05 -1.040282733e-04 -2.861387696e-05 -6.677370127e-04 -1.350149485e-03 -5.002076978e-02
353650.320000000 -7.060938775e-05 -1.056596148e-04 -2.857718108e-05 -3.445145451e-03 -2.903820934e-03 -5.226920433e-02
353650.325000000 -9.167881500e-05 -9.193544634e-05 -2.877025751e-05 -3.947341836e-03 -3.342560795e-03 -5.179999370e-02
353650.330000000 -1.472528102e-04 -6.524556242e-05 -2.688663259e-05 1.752103856e-04 -1.575395692e-03 -4.826604834e-02
353650.335000000 -1.842243933e-04 -6.257726755e-05 -2.671412689e-05 4.371690651e-03 7.600677002e-04 -4.446125495e-02
353650.340000000 -1.694424561e-04 -8.871741001e-05 -2.302729451e-05 5.217256549e-03 1.453622205e-03 -4.312503287e-02
353650.345000000 -1.392940146e-04 -1.144795956e-04 -1.438024727e-05 4.428028377e-03 7.030971501e-04 -4.434703800e-02
353650.350000000 -1.052009591e-04 -1.412770039e-04 -5.709075230e-06 1.285920127e-04 -1.030019431e-03 -4.871605004e-02
353650.355000000 -9.313088411e-05 -1.416010143e-04 1.962791997e-06 -4.246956352e-03 -2.000073303e-03 -5.165305882e-02
353650.360000000 -1.054363545e-04 -1.095071797e-04 3.433230457e-06 -4.301352056e-03 -2.024580073e-03 -5.097914291e-02
353650.365000000 -1.358530222e-04 -7.121347955e-05 -1.429624417e-07 -1.889506756e-03 -1.638486017e-03 -4.972647662e-02
353650.370000000 -1.692266028e-04 -4.962457477e-05 -4.220118283e-07 1.990420173e-03 -2.230195435e-04 -4.632567230e-02
353650.375000000 -1.678583411e-04 -5.816560317e-05 5.143638454e-06 4.703988214e-03 5.213863261e-04 -4.412847757e-02
353650.380000000 -1.433809089e-04 -8.122866571e-05 1.094810794e-05 4.191717622e-03 -9.489946222e-05 -4.598790271e-02
353650.385000000 -1.192231393e-04 -1.014874578e-04 1.376966377e-05 1.580305089e-03 -6.828603383e-04 -4.833784232e-02
353650.390000000 -1.011852985e-04 -1.133441635e-04 8.628421544e-06 -2.103400023e-03 -1.473687251e-03 -5.002874172e-02
353650.395000000 -1.027005050e-04 -9.950405709e-05 4.826876565e-07 -3.482021072e-03 -2.232514945e-03 -5.045950737e-02
353650.400000000 -1.305741158e-04 -6.914679283e-05 -3.105295196e-06 -1.621241897e-03 -2.215333322e-03 -4.887378639e-02
353650.405000000 -1.699436246e-04 -5.850861186e-05 -8.514182650e-06 1.418872965e-03 -1.464645485e-03 -4.638551721e-02
353650.410000000 -1.887887751e-04 -8.329901579e-05 -1.026338159e-05 4.267979400e-03 -4.762840079e-04 -4.584215936e-02
353650.415000000 -1.631768035e-04 -1.139549314e-04 -9.645850914e-06 3.957561861e-03 2.729978605e-04 -4.718697496e-02
353650.420000000 -1.156068437e-04 -1.287586993e-04 -1.456021256e-05 1.036961279e-03 6.303433786e-04 -4.835330300e-02
353650.425000000 -8.503807095e-05 -1.372513975e-04 -1.715515971e-05 -1.799855876e-03 2.764973531e-05 -4.968082850e-02
353650.430000000 -9.501330443e-05 -1.075036259e-04 -2.342863210e-05 -3.485996133e-03 -1.173911615e-03 -5.008360825e-02
353650.435000000 -1.386601743e-04 -5.667144590e-05 -3.249313850e-05 -2.058135167e-03 -1.640453774e-03 -4.825858463e-02
353650.440000000 -1.779175620e-04 -3.479534773e-05 -3.292793146e-05 1.838260027e-03 -1.351686449e-03 -4.628679969e-02
353650.445000000 -1.840328900e-04 -4.374136771e-05 -2.989789622e-05 4.678727315e-03 -1.063529458e-03 -4.581937598e-02
353650.450000000 -1.430723133e-04 -7.718289635e-05 -2.370520110e-05 4.127905340e-03 -4.600156238e-04 -4.626066803e-02
353650.455000000 -9.557543337e-05 -1.099397567e-04 -1.773353839e-05 1.680360146e-03 -2.885103089e-05 -4.758990101e-02
353650.460000000 -8.238575254e-05 -1.275698985e-04 -1.716606147e-05 -1.132082078e-03 -1.465419337e-04 -4.942244586e-02
353650.465000000 -8.617144636e-05 -1.238508082e-04 -1.460474504e-05 -3.848416149e-03 -3.969363731e-04 -5.008243547e-02
353650.470000000 -1.245614353e-04 -8.782246922e-05 -1.298327351e-05 -2.039747165e-03 -1.551836510e-03 -4.892792618e-02
353650.475000000 -1.718496888e-04 -6.607994728e-05 -1.341319169e-05 2.421489588e-03 -2.321641641e-03 -4.789354570e-02
353650.480000000 -1.813503285e-04 -7.972788350e-05 -1.024616364e-05 4.507305610e-03 -1.566879180e-03 -4.721897941e-02
353650.485000000 -1.615326512e-04 -1.004265014e-04 -4.304058940e-06 4.688497116e-03 -3.216529982e-04 -4.607438901e-02
353650.490000000 -1.160518511e-04 -1.227645038e-04 4.200727221e-06 2.005888461e-03 6.793988671e-04 -4.705141125e-02
353650.495000000 -8.219633469e-05 -1.343519951e-04 1.222042433e-05 -2.320636541e-03 5.557209755e-04 -4.900360306e-02
353650.500000000 -8.840491508e-05 -1.207605034e-04 1.170497982e-05 -4.618413308e-03 -6.783555830e-04 -4.940777883e-02
353650.505000000 -1.188125010e-04 -8.955729555e-05 5.612434124e-06 -3.680103370e-03 -2.623721065e-03 -4.955123568e-02
353650.510000000 -1.670446517e-04 -5.175376806e-05 1.977442141e-06 7.445248999e-04 -3.021264201e-03 -4.888697471e-02
353650.515000000 -1.899889114e-04 -5.301743324e-05 -5.772570493e-07 4.613203786e-03 -1.193658234e-03 -4.660808550e-02
353650.520000000 -1.678461097e-04 -8.165470405e-05 -2.395506932e-06 5.504820757e-03 6.672622938e-04 -4.485171557e-02
353650.525000000 -1.354138398e-04 -1.022704641e-04 -1.929288223e-06 4.405518674e-03 1.988133792e-03 -4.530140223e-02
353650.530000000 -1.005491251e-04 -1.277009649e-04 -3.938076320e-06 -4.018736181e-04 1.247419862e-03 -4.717804053e-02
353650.535000000 -8.254442532e-05 -1.294693485e-04 -6.639181579e-06 -3.966516405e-03 -1.682776408e-03 -4.957685687e-02
353650.540000000 -1.022273713e-04 -1.007714048e-04 -1.279634670e-05 -2.961750047e-03 -4.332838157e-03 -5.161190452e-02
353650.545000000 -1.454344614e-04 -6.791526939e-05 -2.153626584e-05 -6.530246682e-04 -4.944716390e-03 -5.149062194e-02
353650.550000000 -1.795716476e-04 -6.390979253e-05 -2.417212863e-05 3.253447408e-03 -2.408024934e-03 -4.788968202e-02
353650.555000000 -1.759319382e-04 -8.764492407e-05 -2.344339989e-05 5.276619500e-03 7.666015468e-04 -4.513441198e-02
353650.560000000 -1.409101695e-04 -1.025865300e-04 -2.044319661e-05 3.171396153e-03 2.350195798e-03 -4.534339278e-02
353650.565000000 -9.852502908e-05 -1.093177732e-04 -1.777252344e-05 1.009790481e-04 2.229583066e-03 -4.614212366e-02
353650.570000000 -8.585975841e-05 -1.008504589e-04 -2.072232749e-05 -2.632877455e-03 -9.565421407e-04 -4.967632378e-02
353650.575000000 -1.133879811e-04 -6.708798855e-05 -2.429889015e-05 -3.104769867e-03 -3.711553030e-03 -5.233345339e-02
353650.580000000 -1.564392754e-04 -4.182705578e-05 -2.758177698e-05 -5.642815032e-04 -3.339196165e-03 -5.039001599e-02
353650.585000000 -1.879541454e-04 -4.286251453e-05 -3.001731143e-05 2.993220061e-03 -1.638573493e-03 -4.751061892e-02
353650.590000000 -1.684923740e-04 -7.140385081e-05 -1.860163126e-05 4.477271183e-03 9.612025053e-04 -4.513402937e-02
353650.595000000 -1.277209211e-04 -1.126513743e-04 -9.564267987e-06 2.962367317e-03 2.121906176e-03 -4.420947672e-02
353650.600000000 -1.005273318e-04 -1.410828145e-04 -6.134871355e-06 5.780876943e-04 5.408561508e-04 -4.619114860e-02
353650.605000000 -8.714795241e-05 -1.511574853e-04 -3.233904847e-06 -1.979438593e-03 -1.870864382e-03 -4.997095007e-02
353650.610000000 -1.172487696e-04 -1.172389612e-04 -4.140618009e-06 -2.883731162e-03 -3.168027831e-03 -5.119907293e-02
353650.615000000 -1.661381406e-04 -7.051935640e-05 -2.731420036e-06 -5.058944012e-04 -2.269439546e-03 -4.923503822e-02
353650.620000000 -1.929282897e-04 -6.053861631e-05 -2.947023143e-06 2.599431123e-03 1.571711631e-04 -4.699498784e-02
353650.625000000 -1.738772501e-04 -7.862111530e-05 1.926563688e-07 3.613788609e-03 2.199637426e-03 -4.474795106e-02
353650.630000000 -1.255477824e-04 -9.876655450e-05 6.500691119e-07 2.703030976e-03 1.587435412e-03 -4.531936463e-02
353650.635000000 -9.598564452e-05 -1.113707759e-04 9.314291022e-07 6.462400488e-04 -1.021753481e-03 -4.922368253e-02
353650.640000000 -8.779013223e-05 -1.191694523e-04 1.143841423e-06 -2.234811974e-03 -3.232659546e-03 -5.232534328e-02
353650.645000000 -1.149907836e-04 -8.812042511e-05 -2.351701113e-06 -2.547207381e-03 -3.545561032e-03 -5.125971709e-02
353650.650000000 -1.636864818e-04 -4.955912252e-05 -8.654210880e-06 2.530184481e-04 -1.793066475e-03 -4.798161141e-02
353650.655000000 -1.876818777e-04 -5.274368136e-05 -1.380925270e-05 2.711323231e-03 7.087331540e-04 -4.504228353e-02
353650.660000000 -1.793504496e-04 -7.644211840e-05 -1.579956354e-05 3.921446574e-03 2.405115350e-03 -4.272008578e-02
353650.665000000 -1.389729810e-04 -1.073442292e-04 -1.502348343e-05 3.098593380e-03 1.256015578e-03 -4.537416976e-02
353650.670000000 -9.853421723e-05 -1.303106827e-04 -1.182025596e-05 1.451087401e-04 -1.087771840e-03 -5.020803079e-02
353650.675000000 -8.753730441e-05 -1.356986252e-04 -1.693830677e-05 -2.887758595e-03 -2.384050863e-03 -5.201843319e-02
353650.680000000 -9.306234219e-05 -1.200916732e-04 -1.744451858e-05 -3.800435580e-03 -3.042712135e-03 -5.198661561e-02
353650.685000000 -1.282068101e-04 -8.137438065e-05 -2.110846090e-05 -1.231063644e-03 -1.865634797e-03 -4.900777129e-02
353650.690000000 -1.686042508e-04 -5.853363674e-05 -3.221538781e-05 2.174782465e-03 1.380821643e-04 -4.465629549e-02
353650.695000000 -1.689365939e-04 -6.621225125e-05 -3.474294396e-05 4.059031727e-03 7.266738026e-04 -4.310305159e-02
353650.700000000 -1.476387165e-04 -7.877160891e-05 -2.922614661e-05 4.196188173e-03 2.488143681e-04 -4.470261005e-02
353650.705000000 -1.127824751e-04 -9.876131538e-05 -1.817838316e-05 8.999157616e-04 -6.281646508e-04 -4.813211368e-02
353650.710000000 -8.574292619e-05 -1.112999022e-04 -9.870130104e-06 -2.535900662e-03 -1.351369742e-03 -5.058253563e-02
353650.715000000 -9.083076326e-05 -9.846990952e-05 -7.491087236e-06 -2.924886986e-03 -1.802899424e-03 -5.090571971e-02
353650.720000000 -1.124226443e-04 -7.262019558e-05 -8.149981946e-06 -1.832591785e-03 -2.012490567e-03 -4.959181255e-02
353650.725000000 -1.574056188e-04 -6.264501415e-05 -5.704388895e-06 1.980175787e-03 -1.502996806e-03 -4.658988893e-02
353650.730000000 -1.890403256e-04 -8.655389450e-05 -2.239352392e-06 5.323116809e-03 -8.556875035e-04 -4.514619621e-02
353650.735000000 -1.708330849e-04 -1.124975370e-04 3.735601795e-06 4.597018350e-03 -4.269963221e-04 -4.616552476e-02
353650.740000000 -1.336296305e-04 -1.276281986e-04 9.395468567e-06 2.036460179e-03 -1.047631671e-04 -4.731211254e-02
353650.745000000 -1.039674762e-04 -1.376869810e-04 9.721216197e-06 -2.034591933e-03 -6.091387963e-04 -4.941203051e-02
353650.750000000 -1.036416259e-04 -1.224377569e-04 6.671919738e-06 -4.604510280e-03 -9.770710479e-04 -5.034914874e-02
353650.755000000 -1.357966512e-04 -7.878385020e-05 2.810146223e-06 -3.184698915e-03 -6.825778979e-04 -4.856048798e-02
353650.760000000 -1.762135010e-04 -4.756732595e-05 -6.524111183e-07 4.431932099e-04 -6.670299117e-04 -4.692005545e-02
353650.765000000 -1.822229034e-04 -5.723559831e-05 -4.202126351e-07 3.748276044e-03 -5.991847287e-04 -4.675988001e-02
353650.770000000 -1.481358184e-04 -8.260528777e-05 2.371592133e-07 4.095849646e-03 -4.685982735e-04 -4.728835093e-02
353650.775000000 -1.106278371e-04 -9.806160091e-05 -2.002896025e-06 2.334123923e-03 -7.244504499e-04 -4.830259727e-02
353650.780000000 -8.860148237e-05 -1.109981711e-04 -4.339549301e-06 -1.945207751e-04 -1.204787000e-03 -5.003212067e-02
353650.785000000 -1.036713747e-04 -1.016977088e-04 -1.238631988e-05 -2.483912450e-03 -1.415581990e-03 -4.951570742e-02
353650.790000000 -1.436592469e-04 -6.639698496e-05 -1.871774556e-05 -1.501741778e-03 -1.530310107e-03 -4.752690029e-02
353650.795000000 -1.761929512e-04 -5.060865405e-05 -2.182855429e-05 1.902871879e-03 -1.467870318e-03 -4.679315944e-02
353650.800000000 -1.923904955e-04 -6.349381434e-05 -2.662778468e-05 4.210240261e-03 -7.535339225e-04 -4.635412578e-02
353650.805000000 -1.587798243e-04 -9.655271423e-05 -2.592730162e-05 4.191665550e-03 3.021333444e-04 -4.651663578e-02
353650.810000000 -1.053844428e-04 -1.323588179e-04 -2.245273171e-05 1.910701880e-03 8.530854096e-04 -4.824168884e-02
353650.815000000 -8.010101576e-05 -1.458279298e-04 -1.947239859e-05 -1.719210706e-03 5.215324079e-04 -5.015659429e-02
353650.820000000 -7.181739397e-05 -1.331486986e-04 -1.465371442e-05 -4.492933882e-03 -4.283750666e-04 -5.058088962e-02
353650.825000000 -1.108218830e-04 -9.262048277e-05 -1.553960986e-05 -2.803887780e-03 -2.246508559e-03 -5.012334630e-02
353650.830000000 -1.618056898e-04 -5.645486300e-05 -1.902181768e-05 1.156301451e-03 -3.085977959e-03 -4.895542896e-02
353650.835000000 -1.714828347e-04 -5.521750854e-05 -1.913337088e-05 3.609601875e-03 -2.081335392e-03 -4.657062979e-02
353650.840000000 -1.663470336e-04 -7.040886722e-05 -1.869732644e-05 4.863522057e-03 -8.362287241e-04 -4.488374666e-02
353650.845000000 -1.349581794e-04 -9.564862570e-05 -1.294745104e-05 2.655164438e-03 8.522502810e-04 -4.601658104e-02
353650.850000000 -1.024739938e-04 -1.186843223e-04 -4.494513659e-06 -1.459367541e-03 1.621542374e-03 -4.780570199e-02
353650.855000000 -9.853273763e-05 -1.195337663e-04 -1.592828683e-06 -3.426343651e-03 2.553802738e-04 -4.916450757e-02
353650.860000000 -1.039015300e-04 -1.018714821e-04 -1.985215207e-06 -3.144330161e-03 -1.973886178e-03 -5.077631968e-02
353650.865000000 -1.401373183e-04 -8.148201405e-05 5.338084189e-08 3.163872968e-04 -2.975579018e-03 -4.940247030e-02
353650.870000000 -1.748549941e-04 -8.121576443e-05 2.809356151e-06 4.310014598e-03 -2.175592288e-03 -4.646437240e-02
353650.875000000 -1.684141446e-04 -1.013281378e-04 3.511759625e-06 5.364660784e-03 -8.105011390e-04 -4.544191597e-02
353650.880000000 -1.421824508e-04 -1.245157709e-04 4.122575345e-06 3.687652182e-03 4.919939798e-04 -4.530942089e-02
353650.885000000 -1.102845396e-04 -1.349801766e-04 6.864797470e-06 -4.457367445e-04 2.410587761e-06 -4.685255205e-02
353650.890000000 -1.063692003e-04 -1.253168176e-04 6.702864869e-06 -3.788297403e-03 -1.883371866e-03 -4.978131099e-02
353650.895000000 -1.347064539e-04 -9.532800041e-05 8.488105486e-07 -4.057056445e-03 -3.152923046e-03 -5.134933545e-02
353650.900000000 -1.673723483e-04 -5.671671202e-05 -2.998445791e-06 -1.972149818e-03 -3.234940372e-03 -5.069522963e-02
353650.905000000 -1.818858060e-04 -4.754715157e-05 -8.399155039e-06 2.261329441e-03 -1.216859773e-03 -4.820956029e-02
353650.910000000 -1.595244502e-04 -6.682055784e-05 -1.070069068e-05 4.682806331e-03 1.147520159e-03 -4.581402305e-02
353650.915000000 -1.200262464e-04 -8.700778780e-05 -5.335991472e-06 3.520354085e-03 1.772863201e-03 -4.478306892e-02
353650.920000000 -9.472368783e-05 -1.076734294e-04 -4.498145792e-06 1.578336473e-03 7.411420071e-04 -4.549749400e-02
353650.925000000 -9.579211869e-05 -1.115025548e-04 -6.892147732e-06 -1.633005844e-03 -1.992565062e-03 -4.852941791e-02
353650.930000000 -1.115008003e-04 -8.964243504e-05 -1.265355583e-05 -3.355784479e-03 -4.196525722e-03 -5.012151664e-02
353650.935000000 -1.381269320e-04 -6.158415352e-05 -2.122970836e-05 -9.553763045e-04 -4.282334913e-03 -4.901760713e-02
353650.940000000 -1.699851240e-04 -5.067317642e-05 -2.443410434e-05 2.347999878e-03 -2.782356093e-03 -4.763880048e-02
353650.945000000 -1.738616464e-04 -7.500924610e-05 -2.136375097e-05 3.851737583e-03 6.518422638e-04 -4.553799193e-02
353650.950000000 -1.457206090e-04 -1.105179634e-04 -7.759794182e-06 3.059568172e-03 2.682498811e-03 -4.493664132e-02
353650.955000000 -1.110812502e-04 -1.266400659e-04 3.423171341e-06 9.331804511e-04 1.445986796e-03 -4.761293810e-02
353650.960000000 -8.889507735e-05 -1.296810640e-04 1.629468106e-06 -1.952245495e-03 -6.370207422e-04 -5.065732281e-02
353650.965000000 -9.808854722e-05 -1.027316329e-04 6.810215896e-07 -2.832854596e-03 -3.042979104e-03 -5.141591439e-02
353650.970000000 -1.345168473e-04 -6.181847397e-05 2.061882193e-06 -5.662123724e-04 -3.716918071e-03 -5.004803667e-02
353650.975000000 -1.696557891e-04 -4.492033322e-05 1.839590973e-06 2.052869329e-03 -1.656668698e-03 -4.724248195e-02
353650.980000000 -1.768479891e-04 -4.881112519e-05 6.932042595e-06 3.934433722e-03 8.415064089e-04 -4.390917325e-02
353650.985000000 -1.467899178e-04 -7.793732774e-05 1.550415233e-05 3.634019522e-03 1.327244316e-03 -4.435194794e-02
353650.990000000 -1.141445939e-04 -1.089910814e-04 1.935575235e-05 1.085278118e-03 -1.295892657e-04 -4.812453811e-02
353650.995000000 -1.017475114e-04 -1.208167206e-04 1.985555965e-05 -1.649612839e-03 -1.736942302e-03 -5.092224505e-02
353651.000000000 -1.035584064e-04 -1.167605965e-04 1.727294145e-05 -2.993521771e-03 -3.035074289e-03 -5.223990725e-02
353651.005000000 -1.389052535e-04 -9.023799499e-05 1.146469010e-05 -1.145318211e-03 -2.257950794e-03 -5.047142457e-02
353651.010000000 -1.815606884e-04 -6.929946446e-05 1.304078614e-05 1.994162069e-03 2.849836250e-04 -4.616590241e-02
353651.015000000 -1.918380263e-04 -8.018633373e-05 1.606047741e-05 4.048239417e-03 1.942098802e-03 -4.339334068e-02
353651.020000000 -1.697877787e-04 -1.028784951e-04 1.440477830e-05 4.403540182e-03 1.940007128e-03 -4.365764612e-02
353651.025000000 -1.233853789e-04 -1.184406130e-04 1.207356903e-05 1.253305841e-03 7.506041833e-05 -4.690194324e-02
353651.030000000 -9.508629588e-05 -1.217095642e-04 4.521571014e-06 -2.423953189e-03 -2.298428401e-03 -5.057622323e-02
353651.035000000 -1.056178639e-04 -1.076365957e-04 -1.392082559e-06 -3.489730150e-03 -3.276749469e-03 -5.228659225e-02
353651.040000000 -1.366987439e-04 -8.025888992e-05 -4.976751493e-06 -2.699236195e-03 -2.449206807e-03 -5.154214826e-02
353651.045000000 -1.691643681e-04 -5.682791841e-05 -1.068128399e-05 1.184387596e-03 -6.974130193e-05 -4.760831611e-02
353651.050000000 -1.716937520e-04 -6.000601442e-05 -1.589530511e-05 4.818351158e-03 1.485165606e-03 -4.486131315e-02
353651.055000000 -1.443244566e-04 -8.179570915e-05 -1.576659507e-05 4.689965634e-03 9.436713405e-04 -4.546154101e-02
353651.060000000 -1.146457126e-04 -1.000720288e-04 -1.287000688e-05 2.935246577e-03 -3.171148551e-04 -4.687794646e-02
353651.065000000 -9.959058899e-05 -1.183179253e-04 -1.215159083e-05 -4.878495706e-04 -1.722545038e-03 -4.951012037e-02
353651.070000000 -1.082732605e-04 -1.152427499e-04 -1.221710784e-05 -3.332111548e-03 -2.172867897e-03 -5.100849643e-02
353651.075000000 -1.316873029e-04 -8.866208937e-05 -1.536628728e-05 -2.792793273e-03 -1.474195124e-03 -4.939620738e-02
353651.080000000 -1.609749827e-04 -6.755257109e-05 -2.099342150e-05 -2.621457318e-05 -3.999227242e-04 -4.708184201e-02
353651.085000000 -1.754353244e-04 -7.815772258e-05 -2.110315264e-05 3.022277824e-03 1.072830580e-03 -4.576803555e-02
353651.090000000 -1.565220785e-04 -1.077507493e-04 -1.301062664e-05 3.656027327e-03 1.952849083e-03 -4.574896719e-02
353651.095000000 -1.226873055e-04 -1.265747823e-04 -6.994521150e-06 2.074679180e-03 1.668749854e-03 -4.722246496e-02
353651.100000000 -9.024346922e-05 -1.396536459e-04 -8.640845536e-06 -2.074788519e-04 8.519675700e-04 -4.950355268e-02
353651.105000000 -7.555059689e-05 -1.260554297e-04 -9.335285815e-06 -2.692312019e-03 -1.506898648e-04 -5.012998433e-02
353651.110000000 -9.936914067e-05 -8.660140071e-05 -1.284272724e-05 -2.543634282e-03 -9.999579759e-04 -4.865111071e-02
353651.115000000 -1.435898628e-04 -5.490137526e-05 -1.872727463e-05 6.190921426e-04 -1.166937415e-03 -4.715747387e-02
353651.120000000 -1.697566238e-04 -4.529592412e-05 -1.943327762e-05 3.699997333e-03 -6.795388371e-04 -4.604739296e-02
353651.125000000 -1.521521997e-04 -7.290145454e-05 -1.626191053e-05 4.482633155e-03 -4.541476552e-04 -4.596866588e-02
353651.130000000 -1.107562443e-04 -1.109769055e-04 -1.259337944e-05 2.848351497e-03 -6.280881769e-04 -4.768988829e-02
353651.135000000 -8.216201919e-05 -1.311226928e-04 -1.662005295e-05 -4.523768760e-04 -6.977410638e-04 -4.945972556e-02
353651.140000000 -7.701888057e-05 -1.378764832e-04 -2.415173994e-05 -3.679393341e-03 -7.478461227e-04 -4.991487368e-02
353651.145000000 -1.085989074e-04 -1.083515548e-04 -3.529970980e-05 -2.998212140e-03 -1.285334812e-03 -4.917458116e-02
353651.150000000 -1.607740274e-04 -7.293672400e-05 -4.683361979e-05 7.047686187e-04 -1.304260788e-03 -4.777330263e-02
353651.155000000 -1.901397617e-04 -7.005860096e-05 -5.268198011e-05 3.742202910e-03 -3.843181234e-04 -4.615060572e-02
353651.160000000 -1.806458641e-04 -8.187143774e-05 -5.528952656e-05 5.226050981e-03 2.299313083e-04 -4.532150879e-02
353651.165000000 -1.262977347e-04 -1.032872831e-04 -5.032095981e-05 3.286140107e-03 5.489990402e-04 -4.660993554e-02
353651.170000000 -7.221839478e-05 -1.161875516e-04 -4.239697582e-05 -1.021798832e-03 3.805339901e-04 -4.831231034e-02
353651.175000000 -6.197570150e-05 -1.126249895e-04 -4.407415140e-05 -4.039335503e-03 -5.878090940e-04 -4.941553984e-02
353651.180000000 -7.592235494e-05 -1.031225277e-04 -5.173161537e-05 -4.775013066e-03 -1.977432404e-03 -5.008884313e-02
353651.185000000 -1.188264803e-04 -6.756228113e-05 -5.825884084e-05 -1.374720130e-03 -3.320130997e-03 -4.888654009e-02
353651.190000000 -1.598889207e-04 -4.301899043e-05 -6.418175696e-05 3.543197288e-03 -3.702122281e-03 -4.684394142e-02
353651.195000000 -1.662059165e-04 -5.955410501e-05 -6.425199069e-05 5.784962391e-03 -2.604095310e-03 -4.591402194e-02
353651.200000000 -1.517499138e-04 -8.269861421e-05 -5.887172495e-05 5.399036188e-03 -6.600922354e-04 -4.580584936e-02
353651.205000000 -1.185306541e-04 -1.126847398e-04 -5.040102814e-05 1.590897505e-03 8.816838452e-04 -4.669645009e-02
353651.210000000 -9.057660064e-05 -1.318814817e-04 -4.193739610e-05 -2.889803020e-03 6.662588326e-04 -4.878823996e-02
353651.215000000 -8.319845608e-05 -1.171810129e-04 -3.913994045e-05 -4.725383062e-03 -1.274317647e-03 -5.053733631e-02
353651.220000000 -1.045999658e-04 -8.264151329e-05 -4.215708913e-05 -3.562888984e-03 -3.363313924e-03 -5.085448114e-02
353651.225000000 -1.502344794e-04 -6.045853003e-05 -3.828332256e-05 1.252187345e-03 -3.441705385e-03 -4.927865670e-02
353651.230000000 -1.671873873e-04 -7.453362046e-05 -2.778859581e-05 5.040971603e-03 -1.558430042e-03 -4.673499447e-02
353651.235000000 -1.376481465e-04 -9.697305041e-05 -2.127781461e-05 4.666110777e-03 -8.861440707e-05 -4.485068422e-02
353651.240000000 -9.805272762e-05 -1.104099392e-04 -1.568050057e-05 2.751000545e-03 -1.224314177e-04 -4.483055274e-02
353651.245000000 -9.312680235e-05 -1.188827587e-04 -1.481203606e-05 -1.247663051e-03 -1.918502367e-03 -4.769517558e-02
353651.250000000 -1.239291144e-04 -1.042439978e-04 -1.750010109e-05 -4.191367380e-03 -3.795492356e-03 -5.008822987e-02
353651.255000000 -1.593963336e-04 -6.549677282e-05 -2.120112769e-05 -2.540963745e-03 -4.272275538e-03 -5.023021915e-02
353651.260000000 -1.947637697e-04 -3.087665425e-05 -2.478494673e-05 1.340079543e-03 -3.079630786e-03 -4.959483890e-02
353651.265000000 -1.988864714e-04 -3.608691914e-05 -2.494124597e-05 5.013044451e-03 2.585903624e-04 -4.690800508e-02
353651.270000000 -1.631329179e-04 -6.921288560e-05 -2.406350819e-05 6.098691449e-03 2.809352563e-03 -4.472636561e-02
353651.275000000 -1.202980970e-04 -9.611552388e-05 -2.339174317e-05 4.179890637e-03 2.623798308e-03 -4.564851745e-02
353651.280000000 -8.661743200e-05 -1.148585205e-04 -2.061075380e-05 7.326962661e-04 9.944940870e-04 -4.782460480e-02
353651.285000000 -8.291676936e-05 -1.009344873e-04 -2.301859041e-05 -2.072886544e-03 -2.674875073e-03 -4.998305224e-02
353651.290000000 -1.117386262e-04 -6.000970444e-05 -3.145288620e-05 -1.646299877e-03 -5.947089093e-03 -5.069930036e-02
353651.295000000 -1.581576597e-04 -3.455307811e-05 -3.540896235e-05 1.364135164e-03 -5.765422148e-03 -4.921144725e-02
353651.300000000 -1.991355341e-04 -3.251021552e-05 -3.800310598e-05 4.508245184e-03 -3.657271389e-03 -4.636119721e-02
353651.305000000 -1.991080417e-04 -5.788365979e-05 -3.528665067e-05 5.942172979e-03 -5.358380319e-04 -4.465949111e-02
353651.310000000 -1.654245151e-04 -8.381100911e-05 -2.733284147e-05 4.507349117e-03 1.728913576e-03 -4.548938470e-02
353651.315000000 -1.325353329e-04 -9.573252299e-05 -2.602468077e-05 1.460670682e-03 1.858450761e-03 -4.757187858e-02
353651.320000000 -1.124065105e-04 -8.531557657e-05 -3.100710019e-05 -1.161801373e-03 1.588476060e-04 -5.042264030e-02
353651.325000000 -1.199088771e-04 -5.155751599e-05 -3.500228680e-05 -1.248940098e-03 -1.473761518e-03 -5.154367804e-02
353651.330000000 -1.517767235e-04 -2.874777722e-05 -3.134400286e-05 1.529046986e-03 -1.092323353e-03 -4.931807095e-02
353651.335000000 -1.795461188e-04 -2.396713361e-05 -2.378600509e-05 5.128428365e-03 4.338473163e-05 -4.647411812e-02
353651.340000000 -1.664332132e-04 -5.286564281e-05 -1.499506853e-05 6.488033902e-03 6.474289790e-04 -4.491548205e-02
353651.345000000 -1.215776057e-04 -9.531053279e-05 -5.891049642e-06 4.674234263e-03 -2.966609100e-04 -4.537435292e-02
353651.350000000 -8.930623386e-05 -1.145913429e-04 -6.597362072e-06 1.822814288e-03 -2.586221065e-03 -4.798457519e-02
353651.355000000 -8.981488551e-05 -1.147727542e-04 -1.382823901e-05 -8.101722417e-04 -4.478427096e-03 -5.110606233e-02
353651.360000000 -1.416692713e-04 -7.917075917e-05 -1.813599453e-05 -8.484587762e-04 -3.485626796e-03 -5.102854700e-02
353651.365000000 -2.125500069e-04 -3.827291840e-05 -1.951454606e-05 2.225250435e-03 -5.286758036e-05 -4.816459211e-02
353651.370000000 -2.433175974e-04 -3.750227406e-05 -1.944585542e-05 5.453034889e-03 3.326866955e-03 -4.596732609e-02
353651.375000000 -2.190336368e-04 -5.357429986e-05 -1.676480251e-05 6.957200121e-03 5.364489795e-03 -4.464746558e-02
353651.380000000 -1.432872190e-04 -7.942329923e-05 -1.356176837e-05 5.722219456e-03 3.629818937e-03 -4.615383804e-02
353651.385000000 -8.073788441e-05 -1.025919726e-04 -1.040419316e-05 2.596325335e-03 -2.352142854e-04 -5.010248059e-02
353651.390000000 -6.980398979e-05 -1.080101243e-04 -7.615227091e-06 -4.833759929e-04 -2.626983697e-03 -5.247017480e-02
353651.395000000 -9.017029764e-05 -9.314838819e-05 -1.213757400e-05 -1.829523353e-03 -3.759650013e-03 -5.209456641e-02
353651.400000000 -1.465483358e-04 -6.264947098e-05 -2.498614733e-05 9.311395578e-04 -2.946635640e-03 -4.903246439e-02
353651.405000000 -1.944307314e-04 -5.224703229e-05 -3.844515234e-05 5.064557384e-03 -6.284901618e-04 -4.531537688e-02
353651.410000000 -1.985645376e-04 -6.944030296e-05 -4.443554666e-05 7.105726072e-03 1.085122066e-03 -4.342134168e-02
353651.415000000 -1.773147216e-04 -9.249622750e-05 -4.461387703e-05 7.327712322e-03 1.614189529e-03 -4.417916935e-02
353651.420000000 -1.347748415e-04 -1.178249141e-04 -4.849368282e-05 3.727086508e-03 1.423903760e-03 -4.799592155e-02
353651.425000000 -9.383821783e-05 -1.278054462e-04 -5.138981366e-05 -9.171583643e-04 1.075540113e-03 -5.111772990e-02
353651.430000000 -8.364479997e-05 -1.085599751e-04 -5.239452221e-05 -2.002017517e-03 5.227621745e-04 -5.136808379e-02
353651.435000000 -1.015057124e-04 -7.845616580e-05 -5.773119870e-05 -4.050896883e-04 7.574531844e-05 -5.043228953e-02
353651.440000000 -1.345127557e-04 -5.625280318e-05 -5.688070968e-05 3.557862835e-03 7.802444028e-05 -4.738495668e-02
353651.445000000 -1.511115403e-04 -5.762682728e-05 -5.188475982e-05 7.383070651e-03 -7.667539918e-05 -4.496969656e-02
353651.450000000 -1.326234812e-04 -7.592603692e-05 -5.056028902e-05 7.661699658e-03 -7.786330104e-04 -4.584643582e-02
353651.455000000 -9.479937751e-05 -9.638263493e-05 -5.230007437e-05 5.210753719e-03 -1.436705434e-03 -4.742195244e-02
353651.460000000 -7.931359557e-05 -1.040504149e-04 -5.701130363e-05 1.298585577e-03 -1.779330459e-03 -4.891553396e-02
353651.465000000 -1.046764316e-04 -9.212984218e-05 -5.814624580e-05 -1.245620043e-03 -1.350223172e-03 -4.981815210e-02
353651.470000000 -1.438305937e-04 -6.817812307e-05 -5.873618424e-05 -4.638339017e-04 -5.232573612e-06 -4.886894887e-02
353651.475000000 -1.773789996e-04 -5.356918249e-05 -6.130019403e-05 2.426808542e-03 1.530578573e-03 -4.680563914e-02
353651.480000000 -1.644067982e-04 -7.090396170e-05 -5.459051389e-05 6.170498645e-03 1.985089034e-03 -4.626369397e-02
353651.485000000 -1.113068286e-04 -9.993736827e-05 -4.368475527e-05 7.335080660e-03 1.139960640e-03 -4.712007634e-02
353651.490000000 -6.783404564e-05 -1.218867705e-04 -4.140348612e-05 5.099237145e-03 -2.246184510e-04 -4.785617216e-02
353651.495000000 -4.757339148e-05 -1.361077478e-04 -4.326091638e-05 2.094948435e-03 -1.726570012e-03 -4.890014274e-02
353651.500000000 -7.191892586e-05 -1.169345487e-04 -4.862546476e-05 -6.371001469e-04 -2.602048545e-03 -4.915350254e-02
353651.505000000 -1.202387451e-04 -7.850692400e-05 -5.936319075e-05 -7.767460141e-04 -2.582292703e-03 -4.765692569e-02
353651.510000000 -1.602710835e-04 -5.478162757e-05 -6.616715127e-05 2.165253444e-03 -2.057328094e-03 -4.608720659e-02
353651.515000000 -1.867498903e-04 -4.305635960e-05 -6.954325714e-05 5.408740439e-03 -9.757157659e-04 -4.564486243e-02
353651.520000000 -1.706721148e-04 -5.856246758e-05 -7.179097362e-05 6.565671672e-03 1.079737134e-03 -4.567755348e-02
353651.525000000 -1.195460793e-04 -9.194386329e-05 -7.360683659e-05 5.303164328e-03 2.424498014e-03 -4.683741163e-02
353651.530000000 -7.203066282e-05 -1.128213832e-04 -7.798517376e-05 2.571067956e-03 1.828143604e-03 -4.916657457e-02
353651.535000000 -4.439374216e-05 -1.133966862e-04 -8.336631874e-05 -3.275061982e-04 3.122776688e-04 -5.051857102e-02
353651.540000000 -7.380247159e-05 -8.309255256e-05 -8.949507908e-05 2.098488190e-04 -2.150244545e-03 -4.993121798e-02
353651.545000000 -1.406906943e-04 -5.408389472e-05 -9.328482740e-05 3.363301090e-03 -3.629101477e-03 -4.852389170e-02
353651.550000000 -1.730907725e-04 -5.392422022e-05 -8.928935100e-05 5.634687361e-03 -2.835365726e-03 -4.677627679e-02
353651.555000000 -1.618201595e-04 -6.331995968e-05 -8.809036513e-05 6.892575790e-03 -1.580664284e-03 -4.512382629e-02
353651.560000000 -1.143176425e-04 -8.614716770e-05 -9.410766837e-05 5.327906075e-03 -1.118803828e-03 -4.595649733e-02
353651.565000000 -7.371067918e-05 -1.075575379e-04 -9.720637650e-05 1.606096688e-03 -1.254187727e-03 -4.804272098e-02
353651.570000000 -8.669809217e-05 -1.030043400e-04 -9.778224160e-05 -9.163366087e-04 -1.218325950e-03 -4.900376773e-02
353651.575000000 -1.263476766e-04 -8.241614619e-05 -9.827588727e-05 -9.837535189e-04 -8.863004951e-04 -4.960294040e-02
353651.580000000 -1.499267932e-04 -5.686921780e-05 -9.896469315e-05 1.945775015e-03 -1.320269718e-04 -4.935470537e-02
353651.585000000 -1.427547763e-04 -4.530240399e-05 -9.932968993e-05 5.624054401e-03 4.181498405e-04 -4.797533700e-02
353651.590000000 -1.161326444e-04 -5.817641269e-05 -9.252857859e-05 7.554513317e-03 8.386344315e-05 -4.693145768e-02
353651.595000000 -9.273663035e-05 -8.450073554e-05 -7.950770293e-05 7.078206825e-03 -4.870514593e-04 -4.703379423e-02
353651.600000000 -8.381933356e-05 -1.112221917e-04 -7.409637481e-05 3.044249300e-03 -1.389893842e-03 -4.752923403e-02
353651.605000000 -8.271779828e-05 -1.163121664e-04 -7.777298691e-05 -8.074395765e-04 -3.165088461e-03 -4.848741240e-02
353651.610000000 -9.184452422e-05 -9.511899602e-05 -8.369143510e-05 -1.066953324e-03 -4.931991702e-03 -4.995610934e-02
353651.615000000 -1.245853892e-04 -7.162085855e-05 -8.960807085e-05 6.334843839e-04 -5.421628233e-03 -5.018054771e-02
353651.620000000 -1.814129083e-04 -6.189489781e-05 -8.859196359e-05 4.510371513e-03 -2.638380031e-03 -4.825137143e-02
353651.625000000 -2.101552981e-04 -6.940776296e-05 -8.132140885e-05 7.642645250e-03 1.781165573e-03 -4.638207494e-02
353651.630000000 -1.773440796e-04 -8.567372678e-05 -7.940096148e-05 6.838710031e-03 4.398794856e-03 -4.597969016e-02
353651.635000000 -1.124376077e-04 -1.028374154e-04 -8.123230934e-05 4.092493893e-03 4.349899835e-03 -4.657797515e-02
353651.640000000 -6.465541660e-05 -1.054381514e-04 -8.395270594e-05 8.747934736e-04 -6.690131500e-05 -4.972582812e-02
353651.645000000 -7.381433497e-05 -9.075207352e-05 -8.702230385e-05 -7.100209759e-04 -4.725341853e-03 -5.238721230e-02
353651.650000000 -1.274665737e-04 -7.775279792e-05 -8.990423241e-05 8.356369031e-04 -5.176392606e-03 -5.099683637e-02
353651.655000000 -1.782039047e-04 -6.793305079e-05 -9.483822245e-05 3.902125246e-03 -3.381042732e-03 -4.821540824e-02
353651.660000000 -1.641122653e-04 -7.411801335e-05 -9.788220356e-05 6.101330633e-03 -6.633612444e-04 -4.543567765e-02
353651.665000000 -1.151488353e-04 -9.655237719e-05 -1.021444903e-04 5.938768174e-03 8.236728776e-04 -4.399710089e-02
353651.670000000 -9.344466985e-05 -1.164193114e-04 -1.069399366e-04 3.984047261e-03 -6.340440395e-05 -4.561801447e-02
353651.675000000 -9.483861594e-05 -1.244768689e-04 -1.077622288e-04 1.320372666e-03 -1.489035164e-03 -4.891742853e-02
353651.680000000 -1.176850902e-04 -1.007033303e-04 -1.105204880e-04 7.435229461e-05 -1.933360118e-03 -5.098237631e-02
353651.685000000 -1.407750230e-04 -6.940537757e-05 -1.140421528e-04 1.748447264e-03 -1.385036463e-03 -5.069615655e-02
353651.690000000 -1.474619155e-04 -5.878824303e-05 -1.127634135e-04 4.440787190e-03 -3.462249933e-04 -4.906898137e-02
353651.695000000 -1.415435292e-04 -6.380992489e-05 -1.099712967e-04 6.226908432e-03 7.518222833e-04 -4.676692660e-02
353651.700000000 -1.160630275e-04 -9.010553933e-05 -1.066104774e-04 5.972837610e-03 5.334287598e-04 -4.549388804e-02
353651.705000000 -8.617540996e-05 -1.170158320e-04 -1.032394039e-04 3.619282909e-03 -1.172196305e-03 -4.684933412e-02
353651.710000000 -7.361668407e-05 -1.243969438e-04 -1.046113199e-04 7.194273197e-04 -3.068009650e-03 -4.919378558e-02
353651.715000000 -7.849572724e-05 -1.146345598e-04 -1.075473758e-04 -9.343582673e-04 -4.488407549e-03 -5.042434848e-02
353651.720000000 -1.270063398e-04 -8.778654292e-05 -1.087565356e-04 8.209983002e-04 -3.755600886e-03 -4.986067425e-02
353651.725000000 -1.881531372e-04 -6.569021702e-05 -1.092309979e-04 4.203759985e-03 -6.875490823e-04 -4.767601095e-02
353651.730000000 -2.031730543e-04 -6.567219376e-05 -1.070924184e-04 6.364728932e-03 2.198720135e-03 -4.529727309e-02
353651.735000000 -1.782586465e-04 -8.085466475e-05 -1.061468218e-04 7.117007481e-03 3.284610069e-03 -4.471108104e-02
353651.740000000 -1.163930712e-04 -1.106330983e-04 -1.075406715e-04 4.309775953e-03 1.473063583e-03 -4.711748843e-02
353651.745000000 -6.554629696e-05 -1.315101515e-04 -1.076404662e-04 1.098634767e-04 -1.748876118e-03 -5.012649145e-02
353651.750000000 -7.062293233e-05 -1.231843043e-04 -1.099568969e-04 -1.228490500e-03 -3.815458454e-03 -5.131119306e-02
353651.755000000 -1.106724646e-04 -9.790303870e-05 -1.153309509e-04 -3.436322493e-04 -4.131271352e-03 -5.089593069e-02
353651.760000000 -1.627306810e-04 -7.212448565e-05 -1.212578351e-04 2.625893147e-03 -1.928843566e-03 -4.744103798e-02
353651.765000000 -1.891275389e-04 -6.288058048e-05 -1.246933480e-04 6.068040983e-03 5.143983837e-04 -4.409556371e-02
353651.770000000 -1.742167603e-04 -7.598472380e-05 -1.270038416e-04 6.934112324e-03 8.797180110e-04 -4.460659281e-02
353651.775000000 -1.455866915e-04 -1.002997503e-04 -1.310986173e-04 5.077494561e-03 3.052285366e-04 -4.680514170e-02
353651.780000000 -1.159957382e-04 -1.160862892e-04 -1.381025076e-04 1.679935368e-03 -9.833384670e-04 -4.966864124e-02
353651.785000000 -1.054859940e-04 -1.107139037e-04 -1.442036198e-04 -6.672738781e-04 -2.039528685e-03 -5.171732837e-02
353651.790000000 -1.295249264e-04 -9.248106052e-05 -1.479208792e-04 -2.731198845e-04 -1.516831654e-03 -5.073387866e-02
353651.795000000 -1.659988548e-04 -7.427947000e-05 -1.530747973e-04 2.015040808e-03 -8.481078643e-05 -4.759349659e-02
353651.800000000 -1.744350769e-04 -7.238012209e-05 -1.543048282e-04 5.152191741e-03 1.027558337e-03 -4.523249373e-02
353651.805000000 -1.451760796e-04 -9.069077297e-05 -1.497306610e-04 6.334293187e-03 9.679223416e-04 -4.491921484e-02
353651.810000000 -1.053625331e-04 -1.137166029e-04 -1.500096636e-04 4.583794266e-03 -2.201256713e-04 -4.609299344e-02
353651.815000000 -7.945975846e-05 -1.310996980e-04 -1.563378967e-04 1.984597165e-03 -1.855223156e-03 -4.835819663e-02
353651.820000000 -9.128757638e-05 -1.188317484e-04 -1.625901612e-04 -4.041512151e-04 -2.525522361e-03 -5.008473033e-02
353651.825000000 -1.338579112e-04 -8.437857412e-05 -1.688030094e-04 -5.525115549e-04 -1.627684116e-03 -4.936825844e-02
353651.830000000 -1.760153039e-04 -6.597469069e-05 -1.704536740e-04 2.125274240e-03 -1.325723857e-04 -4.729366401e-02
353651.835000000 -1.893625690e-04 -6.511997315e-05 -1.663527449e-04 5.067687915e-03 1.102432642e-03 -4.602929375e-02
353651.840000000 -1.575202255e-04 -8.310732728e-05 -1.585589739e-04 5.978193022e-03 1.086140667e-03 -4.590003584e-02
353651.845000000 -1.102520557e-04 -1.098266817e-04 -1.519649667e-04 4.659180570e-03 -1.537725593e-04 -4.720025419e-02
353651.850000000 -8.042852414e-05 -1.221191539e-04 -1.524768996e-04 2.110942878e-03 -1.273142901e-03 -4.938778222e-02
353651.855000000 -7.281806804e-05 -1.199078495e-04 -1.572563106e-04 -6.236524477e-04 -1.653053541e-03 -5.034609932e-02
353651.860000000 -1.092937230e-04 -9.526196630e-05 -1.611679652e-04 -3.164666645e-04 -1.706518228e-03 -4.918004941e-02
353651.865000000 -1.659521221e-04 -6.664355951e-05 -1.604541714e-04 2.748975014e-03 -1.502319979e-03 -4.747479059e-02
353651.870000000 -1.921461385e-04 -6.229131918e-05 -1.598678147e-04 5.230910707e-03 -6.567849670e-04 -4.631976308e-02
353651.875000000 -1.835470007e-04 -7.492392428e-05 -1.615435073e-04 6.692350249e-03 1.887894915e-04 -4.564790285e-02
353651.880000000 -1.386550291e-04 -1.040430164e-04 -1.634674454e-04 5.427749063e-03 3.535842096e-04 -4.710203219e-02
353651.885000000 -8.881861311e-05 -1.335715734e-04 -1.674142333e-04 1.719101415e-03 6.829611210e-05 -4.937717665e-02
353651.890000000 -7.725728324e-05 -1.324402703e-04 -1.707855995e-04 -1.070849201e-03 -4.092454056e-04 -5.004717467e-02
353651.895000000 -9.593841936e-05 -1.082380165e-04 -1.741044653e-04 -1.468228106e-03 -1.071793784e-03 -4.978228878e-02
353651.900000000 -1.386016537e-04 -8.008114719e-05 -1.774745450e-04 1.171989777e-03 -1.287686146e-03 -4.839254162e-02
353651.905000000 -1.708188153e-04 -6.364083422e-05 -1.785175482e-04 4.874760207e-03 -9.176432039e-04 -4.656463708e-02
353651.910000000 -1.611642671e-04 -7.023316277e-05 -1.803528366e-04 6.886759576e-03 -7.488874597e-04 -4.609488199e-02
353651.915000000 -1.313732291e-04 -9.298798401e-05 -1.844258708e-04 6.542837257e-03 -8.873341050e-04 -4.697518379e-02
353651.920000000 -9.892895715e-05 -1.171224766e-04 -1.931159831e-04 3.055103740e-03 -9.817497879e-04 -4.820036478e-02
353651.925000000 -9.089732193e-05 -1.211177170e-04 -1.996687619e-04 -6.200727990e-04 -1.111192088e-03 -4.907138650e-02
353651.930000000 -1.113176952e-04 -1.010299936e-04 -2.015261545e-04 -1.174997417e-03 -1.381220799e-03 -4.944160513e-02
353651.935000000 -1.404939410e-04 -7.512388538e-05 -2.022140814e-04 4.440731576e-04 -1.433542730e-03 -4.899643501e-02
353651.940000000 -1.600308134e-04 -6.470691929e-05 -1.964990738e-04 3.970619887e-03 -9.769698508e-04 -4.793646458e-02
353651.945000000 -1.478821618e-04 -7.679033092e-05 -1.901842494e-04 6.819976758e-03 -2.350712078e-04 -4.727250873e-02
353651.950000000 -1.140945667e-04 -1.024380778e-04 -1.861939407e-04 6.208192922e-03 4.143556512e-04 -4.724863196e-02
353651.955000000 -8.418574909e-05 -1.290453669e-04 -1.867907511e-04 3.553598414e-03 5.653213370e-04 -4.738623762e-02
353651.960000000 -7.530144527e-05 -1.338184203e-04 -1.913178963e-04 3.853091103e-04 -9.675893088e-04 -4.853801623e-02
353651.965000000 -9.884531264e-05 -1.120501714e-04 -1.952311050e-04 -1.115141943e-03 -3.193142696e-03 -4.981696426e-02
353651.970000000 -1.411887144e-04 -8.769649633e-05 -1.945456564e-04 3.918481563e-04 -3.957761315e-03 -4.945944466e-02
353651.975000000 -1.768327969e-04 -7.424326225e-05 -1.882352226e-04 3.440516239e-03 -3.167709228e-03 -4.821282060e-02
353651.980000000 -1.770862257e-04 -8.125482835e-05 -1.859546510e-04 5.705891499e-03 -5.765893451e-04 -4.659576883e-02
353651.985000000 -1.403225089e-04 -1.055558035e-04 -1.873112964e-04 5.506812563e-03 1.901537071e-03 -4.563289907e-02
353651.990000000 -1.005371390e-04 -1.261057359e-04 -1.894746217e-04 3.305057219e-03 1.897071085e-03 -4.659105519e-02
353651.995000000 -9.078972148e-05 -1.249738675e-04 -1.921978055e-04 2.671409401e-04 -2.905715544e-04 -4.894935969e-02
353652.000000000 -1.147920671e-04 -1.039314644e-04 -1.954069530e-04 -9.275370076e-04 -2.600433518e-03 -5.025771622e-02
353652.005000000 -1.511255999e-04 -8.225374386e-05 -2.005572349e-04 1.186144382e-03 -3.265140278e-03 -4.972020660e-02
353652.010000000 -1.749012205e-04 -7.336458154e-05 -2.041152286e-04 4.090663914e-03 -2.490042886e-03 -4.851607096e-02
353652.015000000 -1.658427495e-04 -8.937015187e-05 -2.063221008e-04 5.681132301e-03 -5.135786730e-04 -4.629305532e-02
353652.020000000 -1.368165833e-04 -1.186223784e-04 -2.101461548e-04 5.154398347e-03 1.015604582e-03 -4.512158151e-02
353652.025000000 -1.103428441e-04 -1.363330758e-04 -2.111274835e-04 2.650926916e-03 8.483296939e-04 -4.670583192e-02
353652.030000000 -9.605190133e-05 -1.396403479e-04 -2.130077316e-04 -4.485614558e-04 -2.151934975e-04 -4.885085266e-02
353652.035000000 -1.131171078e-04 -1.170446667e-04 -2.221094616e-04 -9.710081776e-04 -1.833627348e-03 -5.029915052e-02
353652.040000000 -1.502284377e-04 -8.227085553e-05 -2.278561599e-04 1.387993559e-03 -2.602978571e-03 -5.038953937e-02
353652.045000000 -1.730010557e-04 -6.877067259e-05 -2.269729571e-04 3.923504277e-03 -1.403038937e-03 -4.848638402e-02
353652.050000000 -1.714601352e-04 -7.305985007e-05 -2.261255390e-04 5.914690077e-03 3.618526271e-04 -4.588584475e-02
353652.055000000 -1.340195161e-04 -9.565442945e-05 -2.274940086e-04 5.524705310e-03 1.098516327e-03 -4.543667665e-02
353652.060000000 -8.545207703e-05 -1.259171890e-04 -2.332515096e-04 2.339719396e-03 3.670675809e-04 -4.686620158e-02
353652.065000000 -6.637764025e-05 -1.305632487e-04 -2.373003888e-04 -5.771947239e-04 -1.434492831e-03 -4.841085999e-02
353652.070000000 -7.809771134e-05 -1.101581773e-04 -2.386014175e-04 -1.495626506e-03 -3.358123198e-03 -5.022998318e-02
353652.075000000 -1.280031105e-04 -8.461487328e-05 -2.353807042e-04 2.583828113e-04 -2.779987505e-03 -4.983606626e-02
353652.080000000 -1.798707353e-04 -7.241520416e-05 -2.283470433e-04 3.581190763e-03 2.526237342e-04 -4.667081463e-02
353652.085000000 -1.834584863e-04 -8.168698435e-05 -2.258335128e-04 6.103781271e-03 2.667332551e-03 -4.450655086e-02
353652.090000000 -1.466918468e-04 -1.044884086e-04 -2.271759427e-04 6.348294161e-03 3.295458510e-03 -4.478966899e-02
353652.095000000 -8.749218339e-05 -1.316289085e-04 -2.272985062e-04 3.365659748e-03 1.010172480e-03 -4.702917489e-02
353652.100000000 -5.585162098e-05 -1.410136061e-04 -2.252034644e-04 -1.980882117e-04 -2.786655332e-03 -5.014176162e-02
353652.105000000 -7.775517204e-05 -1.193980801e-04 -2.250277722e-04 -1.479537072e-03 -4.690529008e-03 -5.198253865e-02
353652.110000000 -1.195470877e-04 -8.662545502e-05 -2.277772279e-04 -7.848409536e-04 -4.023943380e-03 -5.094299344e-02
353652.115000000 -1.530758970e-04 -6.622869016e-05 -2.309439470e-04 2.293916781e-03 -1.347282033e-03 -4.727528525e-02
353652.120000000 -1.539338567e-04 -6.353980015e-05 -2.298865512e-04 5.511652973e-03 1.036492487e-03 -4.443442105e-02
353652.125000000 -1.296682638e-04 -7.892516308e-05 -2.306261933e-04 5.769500177e-03 1.245016788e-03 -4.435799934e-02
353652.130000000 -1.112136569e-04 -1.036972907e-04 -2.345007724e-04 4.106034868e-03 -1.116265258e-04 -4.604944472e-02
353652.135000000 -1.070687974e-04 -1.170744224e-04 -2.375391258e-04 1.277638005e-03 -1.760621387e-03 -4.938647748e-02
353652.140000000 -1.147877362e-04 -1.103445004e-04 -2.441463489e-04 -1.051244123e-03 -2.175469858e-03 -5.132287782e-02
353652.145000000 -1.239873217e-04 -9.181148488e-05 -2.507637867e-04 -3.832900667e-04 -1.275407043e-03 -4.956572842e-02
353652.150000000 -1.341935272e-04 -7.647458456e-05 -2.527404293e-04 2.301313681e-03 -3.532585736e-04 -4.677635807e-02
353652.155000000 -1.503863120e-04 -8.052420663e-05 -2.544491054e-04 4.658897929e-03 9.263723674e-05 -4.486677485e-02
353652.160000000 -1.516601697e-04 -1.005994031e-04 -2.546347859e-04 5.161808667e-03 -1.301438994e-04 -4.459209372e-02
353652.165000000 -1.271427230e-04 -1.202041065e-04 -2.541202075e-04 3.787894901e-03 -1.156129297e-03 -4.667200462e-02
353652.170000000 -9.322013369e-05 -1.270438632e-04 -2.615011866e-04 1.384614825e-03 -2.407026283e-03 -4.983312737e-02
353652.175000000 -8.536222274e-05 -1.036531553e-04 -2.709895944e-04 -3.038017224e-04 -2.988978898e-03 -5.075112920e-02
353652.180000000 -1.243100362e-04 -6.813441128e-05 -2.724375483e-04 5.195444427e-04 -2.482710553e-03 -4.922858753e-02
353652.185000000 -1.778545969e-04 -5.252211029e-05 -2.682196008e-04 2.884845619e-03 -9.834838428e-04 -4.741021002e-02
353652.190000000 -2.012927121e-04 -5.050652210e-05 -2.628937440e-04 4.921354280e-03 8.756644456e-04 -4.558483601e-02
353652.195000000 -1.613490106e-04 -6.821346277e-05 -2.645975932e-04 5.652949993e-03 9.890562262e-04 -4.562720172e-02
353652.200000000 -9.195262629e-05 -1.027084631e-04 -2.709597114e-04 4.244017194e-03 -8.231325304e-04 -4.804339356e-02
353652.205000000 -6.047445354e-05 -1.233950572e-04 -2.728501994e-04 1.490673573e-03 -2.397317547e-03 -5.002203121e-02
353652.210000000 -7.312816041e-05 -1.221737510e-04 -2.728488177e-04 -4.105797749e-04 -2.947577405e-03 -5.036608767e-02
353652.215000000 -1.234664545e-04 -9.862445072e-05 -2.697055692e-04 4.556017431e-04 -1.864352374e-03 -4.908529518e-02
353652.220000000 -1.759931124e-04 -7.329444201e-05 -2.649806769e-04 3.183497241e-03 6.875855082e-05 -4.687756811e-02
353652.225000000 -1.833663326e-04 -6.971026411e-05 -2.615957718e-04 5.492179495e-03 7.117151401e-04 -4.539885788e-02
353652.230000000 -1.521551956e-04 -8.347322799e-05 -2.604581015e-04 6.654122160e-03 -1.732235195e-04 -4.567807145e-02
353652.235000000 -1.172050775e-04 -1.087976302e-04 -2.653237766e-04 4.798550676e-03 -1.313401608e-03 -4.772550870e-02
353652.240000000 -1.033373170e-04 -1.231849395e-04 -2.692466286e-04 1.219841994e-03 -1.602249369e-03 -4.959308118e-02
353652.245000000 -1.092606529e-04 -1.130476482e-04 -2.721804926e-04 -3.518422498e-04 -1.143800226e-03 -4.997931143e-02
353652.250000000 -1.276874337e-04 -9.318477100e-05 -2.772100525e-04 1.971444203e-05 -5.827926405e-04 -4.953864806e-02
353652.255000000 -1.475704179e-04 -7.414495898e-05 -2.757230687e-04 2.243292764e-03 -3.109698161e-04 -4.773087643e-02
353652.260000000 -1.535307706e-04 -6.833171077e-05 -2.723804813e-04 5.369538098e-03 -7.429603502e-04 -4.623506953e-02
353652.265000000 -1.440908207e-04 -8.284515183e-05 -2.766109540e-04 6.723324035e-03 -1.518740215e-03 -4.710272746e-02
353652.270000000 -1.302749570e-04 -1.056926489e-04 -2.784945511e-04 5.591967131e-03 -1.691666909e-03 -4.847997478e-02
353652.275000000 -1.147946640e-04 -1.220468467e-04 -2.798603896e-04 2.816671491e-03 -1.460831961e-03 -4.940019592e-02
353652.280000000 -1.043257227e-04 -1.208419232e-04 -2.880380267e-04 4.079099265e-04 -1.449265902e-03 -5.002992852e-02
353652.285000000 -1.148298816e-04 -1.060248177e-04 -2.936415527e-04 -6.959566094e-05 -1.527404993e-03 -4.935244842e-02
353652.290000000 -1.428768250e-04 -8.996793218e-05 -2.966905453e-04 1.431765785e-03 -1.533610189e-03 -4.755673567e-02
353652.295000000 -1.622467792e-04 -8.527344764e-05 -2.958216236e-04 4.073978568e-03 -1.262254242e-03 -4.691228330e-02
353652.300000000 -1.518643827e-04 -9.391799771e-05 -2.911269667e-04 5.427099337e-03 -5.556159414e-04 -4.731226995e-02
353652.305000000 -1.212397360e-04 -1.082966510e-04 -2.908816619e-04 4.535505587e-03 -6.409540745e-05 -4.754862341e-02
353652.310000000 -9.177232911e-05 -1.219690107e-04 -2.968196592e-04 2.764012621e-03 -3.312637402e-04 -4.834991972e-02
353652.315000000 -9.583453818e-05 -1.175336191e-04 -3.013250212e-04 8.888210804e-04 -9.949474464e-04 -4.910655382e-02
353652.320000000 -1.346642837e-04 -9.792708968e-05 -3.008565398e-04 4.913013498e-04 -1.607212398e-03 -4.868239672e-02
353652.325000000 -1.667611216e-04 -8.183456415e-05 -2.985836725e-04 2.374878623e-03 -1.970252861e-03 -4.803449547e-02
353652.330000000 -1.764587161e-04 -7.756742719e-05 -2.942332905e-04 4.644347189e-03 -1.751926028e-03 -4.788592720e-02
353652.335000000 -1.537023984e-04 -9.478596523e-05 -2.902586936e-04 5.414932852e-03 -8.254248794e-04 -4.724660933e-02
353652.340000000 -1.131308229e-04 -1.223073364e-04 -2.922542959e-04 4.439565505e-03 -8.014472095e-05 -4.681561383e-02
353652.345000000 -9.513107252e-05 -1.406054431e-04 -2.970853213e-04 2.399337973e-03 -1.275800419e-04 -4.768467598e-02
353652.350000000 -1.058110239e-04 -1.417552390e-04 -2.987751774e-04 2.672625912e-04 -5.059010077e-04 -4.847149792e-02
353652.355000000 -1.373755605e-04 -1.194083688e-04 -2.993451399e-04 4.606670876e-04 -1.226881721e-03 -4.872732166e-02
353652.360000000 -1.681113033e-04 -9.347713140e-05 -2.982516432e-04 2.772127984e-03 -1.687943623e-03 -4.890353551e-02
353652.365000000 -1.718368010e-04 -8.544519050e-05 -2.940487783e-04 4.430097455e-03 -9.997792273e-04 -4.827644020e-02
353652.370000000 -1.513493769e-04 -9.010373433e-05 -2.886553881e-04 5.010568792e-03 1.066253803e-04 -4.674374480e-02
353652.375000000 -1.173300284e-04 -1.062264467e-04 -2.917854339e-04 3.899225504e-03 3.671365281e-04 -4.645044080e-02
353652.380000000 -9.738853118e-05 -1.220657775e-04 -3.011231396e-04 1.383438244e-03 -2.954415972e-04 -4.744485266e-02
353652.385000000 -1.079706223e-04 -1.199200958e-04 -3.064981883e-04 -1.137426461e-04 -1.207626691e-03 -4.798237641e-02
353652.390000000 -1.296859515e-04 -1.011457876e-04 -3.114089542e-04 3.938703875e-04 -1.960830319e-03 -4.846684614e-02
353652.395000000 -1.531736716e-04 -8.133016529e-05 -3.137346694e-04 2.392633100e-03 -1.596171460e-03 -4.832120216e-02
353652.400000000 -1.613910505e-04 -7.863899169e-05 -3.120330785e-04 4.533217400e-03 -1.083331990e-04 -4.691175925e-02
353652.405000000 -1.436321492e-04 -8.882773027e-05 -3.126266422e-04 5.495943381e-03 1.106135791e-03 -4.582750156e-02
353652.410000000 -1.202085157e-04 -1.034033298e-04 -3.149238667e-04 4.731036191e-03 1.604769346e-03 -4.600402498e-02
353652.415000000 -1.021592456e-04 -1.155339225e-04 -3.172726304e-04 2.457593055e-03 7.474070811e-04 -4.702801419e-02
353652.420000000 -9.674650812e-05 -1.122383876e-04 -3.217889447e-04 8.200959565e-04 -1.372683428e-03 -4.856998310e-02
353652.425000000 -1.145256058e-04 -9.696432516e-05 -3.275057818e-04 1.057909576e-03 -2.972443845e-03 -4.998974140e-02
353652.430000000 -1.397667492e-04 -8.074434374e-05 -3.297552282e-04 2.301206404e-03 -2.945156750e-03 -4.986490197e-02
353652.435000000 -1.464582169e-04 -7.530027694e-05 -3.281578557e-04 3.999192441e-03 -1.201795108e-03 -4.783137339e-02
353652.440000000 -1.331195802e-04 -8.709612319e-05 -3.269232085e-04 4.725128393e-03 8.622811930e-04 -4.599904887e-02
353652.445000000 -1.089791646e-04 -1.016851865e-04 -3.265616294e-04 3.475770729e-03 1.475415948e-03 -4.588299551e-02
353652.450000000 -8.566352555e-05 -1.092460337e-04 -3.264064021e-04 1.670473480e-03 3.714132960e-04 -4.700278149e-02
353652.455000000 -9.387274314e-05 -1.027417264e-04 -3.282990707e-04 8.864055878e-04 -1.733701104e-03 -4.925138372e-02
353652.460000000 -1.286202461e-04 -8.344293187e-05 -3.314295416e-04 1.445713809e-03 -2.838848774e-03 -5.063404882e-02
353652.465000000 -1.550299664e-04 -7.043009471e-05 -3.309554614e-04 3.016255114e-03 -1.857202274e-03 -4.925121792e-02
353652.470000000 -1.633556213e-04 -6.943601633e-05 -3.282996673e-04 4.885018595e-03 -7.862093118e-05 -4.702402208e-02
353652.475000000 -1.365337418e-04 -8.343778361e-05 -3.270217340e-04 5.144419897e-03 8.444661486e-04 -4.596882497e-02
353652.480000000 -9.855223468e-05 -1.073666131e-04 -3.298460454e-04 3.474857103e-03 9.658445399e-05 -4.632392150e-02
353652.485000000 -9.104566843e-05 -1.219187612e-04 -3.330486002e-04 1.801392077e-03 -1.790672322e-03 -4.798015449e-02
353652.490000000 -1.041926054e-04 -1.199854455e-04 -3.340112479e-04 8.911985281e-04 -3.472860728e-03 -5.028498255e-02
353652.495000000 -1.342687146e-04 -9.913131784e-05 -3.362498225e-04 1.438989764e-03 -3.181263296e-03 -5.040250976e-02
353652.500000000 -1.635019959e-04 -7.733994632e-05 -3.360639223e-04 3.536987966e-03 -1.166269729e-03 -4.819891812e-02
353652.505000000 -1.636901038e-04 -7.396010737e-05 -3.335032358e-04 5.317277607e-03 6.715497685e-04 -4.655715306e-02
353652.510000000 -1.450310127e-04 -8.564895715e-05 -3.339475817e-04 5.449141472e-03 1.617301989e-03 -4.568923113e-02
353652.515000000 -1.199120187e-04 -1.062981896e-04 -3.394558057e-04 3.899510485e-03 5.997133498e-04 -4.652062301e-02
353652.520000000 -1.048619586e-04 -1.199818211e-04 -3.470705794e-04 1.634031685e-03 -1.857244993e-03 -4.923210877e-02
353652.525000000 -1.105507898e-04 -1.147194277e-04 -3.518052172e-04 2.096359251e-04 -3.368017683e-03 -5.083772285e-02
353652.530000000 -1.293187225e-04 -9.688781294e-05 -3.549345542e-04 5.801776879e-04 -3.397623121e-03 -5.041645761e-02
353652.535000000 -1.526471464e-04 -8.124708992e-05 -3.563073557e-04 2.763928092e-03 -1.684363315e-03 -4.846207548e-02
353652.540000000 -1.598235604e-04 -7.810525378e-05 -3.530133891e-04 4.880646447e-03 8.038315498e-04 -4.590342334e-02
353652.545000000 -1.417915348e-04 -8.867738909e-05 -3.507927284e-04 5.288936941e-03 1.668597121e-03 -4.464580773e-02
353652.550000000 -1.164832558e-04 -1.057715005e-04 -3.520406218e-04 4.402152967e-03 5.981026692e-04 -4.572321527e-02
353652.555000000 -1.024600166e-04 -1.125337500e-04 -3.578823981e-04 2.440957122e-03 -1.418429000e-03 -4.865465098e-02
353652.560000000 -1.080966330e-04 -1.028327719e-04 -3.644652578e-04 8.375511108e-04 -2.832145709e-03 -5.075875903e-02
353652.565000000 -1.283990324e-04 -8.908850617e-05 -3.667836255e-04 1.355879239e-03 -2.395894225e-03 -5.025221518e-02
353652.570000000 -1.442547745e-04 -7.778126378e-05 -3.654123865e-04 3.020350361e-03 -6.801585973e-04 -4.835351356e-02
353652.575000000 -1.398067920e-04 -8.186850194e-05 -3.609760117e-04 4.297936923e-03 9.153686103e-04 -4.604154642e-02
353652.580000000 -1.160092001e-04 -1.045232281e-04 -3.583828766e-04 4.559328995e-03 9.996822857e-04 -4.500970925e-02
353652.585000000 -8.964708099e-05 -1.232493817e-04 -3.595624202e-04 3.425922923e-03 -5.513236881e-04 -4.665758458e-02
353652.590000000 -7.882195482e-05 -1.296929791e-04 -3.604088805e-04 1.427555662e-03 -2.348614974e-03 -4.910275048e-02
353652.595000000 -9.459281972e-05 -1.194965576e-04 -3.606597536e-04 6.798294338e-04 -2.997516106e-03 -5.011984402e-02
353652.600000000 -1.283273344e-04 -9.676170184e-05 -3.628896538e-04 1.860702092e-03 -2.060890626e-03 -4.944800277e-02
353652.605000000 -1.527385297e-04 -8.067567175e-05 -3.643031319e-04 3.378236168e-03 -2.312330297e-04 -4.750346798e-02
353652.610000000 -1.522767785e-04 -7.820811390e-05 -3.627331730e-04 4.498659356e-03 1.070521061e-03 -4.528900521e-02
353652.615000000 -1.281390766e-04 -9.346927783e-05 -3.629752542e-04 4.515529982e-03 2.770625600e-04 -4.567247373e-02
353652.620000000 -1.006886727e-04 -1.136257744e-04 -3.667633057e-04 2.958882259e-03 -1.714533959e-03 -4.830476651e-02
353652.625000000 -9.143682233e-05 -1.173847955e-04 -3.703530484e-04 1.286910687e-03 -2.810589456e-03 -4.994321660e-02
353652.630000000 -1.030836595e-04 -1.091519070e-04 -3.732235175e-04 7.987457449e-04 -2.836177293e-03 -5.040767853e-02
353652.635000000 -1.318112477e-04 -9.595743510e-05 -3.745535720e-04 1.607161412e-03 -1.426230658e-03 -4.908393849e-02
353652.640000000 -1.535816863e-04 -8.534587314e-05 -3.731747237e-04 3.209074212e-03 5.000704071e-04 -4.624446104e-02
353652.645000000 -1.505008743e-04 -8.866683818e-05 -3.720514441e-04 4.576847969e-03 8.482448638e-04 -4.488638292e-02
353652.650000000 -1.303981875e-04 -1.021374908e-04 -3.733403850e-04 4.674577583e-03 -2.185732254e-04 -4.570482586e-02
353652.655000000 -1.093562544e-04 -1.177344646e-04 -3.772167128e-04 3.224575632e-03 -1.937172255e-03 -4.779299550e-02
353652.660000000 -1.036264979e-04 -1.224926073e-04 -3.856516615e-04 1.544089701e-03 -3.332642420e-03 -4.993209083e-02
353652.665000000 -1.146682481e-04 -1.105616393e-04 -3.917556043e-04 1.002573573e-03 -3.313670199e-03 -5.066485303e-02
353652.670000000 -1.423759278e-04 -9.091780893e-05 -3.900651242e-04 2.030843351e-03 -1.689564976e-03 -4.877453101e-02
353652.675000000 -1.643819979e-04 -7.648637913e-05 -3.867238255e-04 3.947578312e-03 1.687396865e-04 -4.600345793e-02
353652.680000000 -1.566705476e-04 -7.852751824e-05 -3.856395761e-04 4.998488575e-03 5.736231690e-04 -4.549554199e-02
353652.685000000 -1.334511997e-04 -9.349548268e-05 -3.868703104e-04 4.447826043e-03 -1.918682221e-04 -4.659789146e-02
353652.690000000 -1.107109998e-04 -1.116611349e-04 -3.890588445e-04 2.928926164e-03 -1.532637373e-03 -4.842439001e-02
353652.695000000 -1.085389296e-04 -1.174902592e-04 -3.915475580e-04 1.597552040e-03 -2.559089037e-03 -5.030546972e-02
353652.700000000 -1.306680507e-04 -1.057715320e-04 -3.928917421e-04 1.148987009e-03 -2.105073348e-03 -5.016065185e-02
353652.705000000 -1.537888051e-04 -9.403839803e-05 -3.915703060e-04 1.849374816e-03 -6.874497261e-04 -4.798092505e-02
353652.710000000 -1.596047484e-04 -9.573411627e-05 -3.904407191e-04 3.347247927e-03 1.277027825e-04 -4.639355759e-02
353652.715000000 -1.423528115e-04 -1.064449456e-04 -3.885828771e-04 4.054797064e-03 -2.039811234e-04 -4.654702751e-02
353652.720000000 -1.154608605e-04 -1.190207938e-04 -3.856287553e-04 3.359101507e-03 -1.118438558e-03 -4.745182847e-02
353652.725000000 -9.979693177e-05 -1.272594558e-04 -3.875327934e-04 2.265270133e-03 -1.950822575e-03 -4.880250665e-02
353652.730000000 -1.125932931e-04 -1.203173212e-04 -3.914387206e-04 1.258815233e-03 -1.574678248e-03 -4.944176786e-02
353652.735000000 -1.428258619e-04 -1.003035187e-04 -3.914321369e-04 1.075158602e-03 -2.131394778e-04 -4.824996282e-02
353652.740000000 -1.593968202e-04 -7.989128979e-05 -3.909120252e-04 2.441798489e-03 5.423059892e-04 -4.678260453e-02
353652.745000000 -1.554588887e-04 -7.065042361e-05 -3.911982916e-04 4.150105378e-03 4.409876649e-04 -4.638509219e-02
353652.750000000 -1.366640048e-04 -8.340085561e-05 -3.940216083e-04 4.587484785e-03 -4.075523702e-04 -4.678073288e-02
353652.755000000 -1.137682921e-04 -1.069751450e-04 -3.987104567e-04 3.699194343e-03 -1.675431192e-03 -4.789151892e-02
353652.760000000 -1.000303058e-04 -1.212779411e-04 -4.020692972e-04 2.226495871e-03 -2.337118804e-03 -4.931154692e-02
353652.765000000 -1.045863937e-04 -1.216649618e-04 -4.062702025e-04 8.369157503e-04 -2.048313157e-03 -4.967688010e-02
353652.770000000 -1.291537136e-04 -1.061484163e-04 -4.104111677e-04 1.098997116e-03 -1.170880200e-03 -4.842577330e-02
353652.775000000 -1.536851144e-04 -8.755617740e-05 -4.135391966e-04 3.027465528e-03 -2.752620455e-04 -4.688361255e-02
353652.780000000 -1.584720397e-04 -8.111084811e-05 -4.163769777e-04 4.449498165e-03 2.455619036e-04 -4.613221139e-02
353652.785000000 -1.436793534e-04 -8.697315584e-05 -4.157986123e-04 4.774354263e-03 3.341435945e-04 -4.596002042e-02
353652.790000000 -1.158140066e-04 -1.031419751e-04 -4.142932985e-04 3.822790285e-03 -2.709872369e-04 -4.737390112e-02
353652.795000000 -9.143291457e-05 -1.130887953e-04 -4.171756511e-04 1.716367453e-03 -1.095337025e-03 -4.947508294e-02
353652.800000000 -8.999471707e-05 -1.081299762e-04 -4.226432287e-04 3.009934789e-04 -1.332193757e-03 -4.958211308e-02
353652.805000000 -1.086431964e-04 -9.646395938e-05 -4.251603212e-04 6.618077697e-04 -1.346111765e-03 -4.855591248e-02
353652.810000000 -1.299184787e-04 -7.734157754e-05 -4.210327249e-04 2.361450617e-03 -1.304570182e-03 -4.734125141e-02
353652.815000000 -1.379938573e-04 -6.576548120e-05 -4.164558389e-04 4.290675096e-03 -1.112954240e-03 -4.601169849e-02
353652.820000000 -1.269731669e-04 -7.682323766e-05 -4.196590606e-04 5.232526698e-03 -1.026519540e-03 -4.588732492e-02
353652.825000000 -1.063512313e-04 -9.781595094e-05 -4.255385095e-04 4.572427917e-03 -9.056243123e-04 -4.700916822e-02
353652.830000000 -9.704609258e-05 -1.113246263e-04 -4.289435243e-04 2.583320358e-03 -6.834818882e-04 -4.793537876e-02
353652.835000000 -1.078329772e-04 -1.088656939e-04 -4.301153618e-04 1.063602685e-03 -7.368104586e-04 -4.835326649e-02
353652.840000000 -1.267450054e-04 -9.546582875e-05 -4.258707836e-04 1.339346245e-03 -1.094740033e-03 -4.878055339e-02
353652.845000000 -1.441059011e-04 -8.276188711e-05 -4.197445574e-04 2.573536163e-03 -1.298891377e-03 -4.868579762e-02
353652.850000000 -1.448262673e-04 -8.268300090e-05 -4.159558838e-04 4.110115045e-03 -1.232749399e-03 -4.792799321e-02
353652.855000000 -1.216938274e-04 -9.622169787e-05 -4.160008226e-04 4.919878093e-03 -1.018549179e-03 -4.748206961e-02
353652.860000000 -9.704345397e-05 -1.114025302e-04 -4.213225743e-04 3.730874091e-03 -6.134737624e-04 -4.727961698e-02
353652.865000000 -9.043850771e-05 -1.171247232e-04 -4.261149998e-04 1.740995324e-03 -3.515033040e-04 -4.692710149e-02
353652.870000000 -1.085422522e-04 -1.040157180e-04 -4.291060060e-04 7.970179167e-04 -8.313039340e-04 -4.758715727e-02
353652.875000000 -1.383783287e-04 -7.935202344e-05 -4.324104870e-04 1.220126544e-03 -1.612393622e-03 -4.875624153e-02
353652.880000000 -1.529423747e-04 -6.224711669e-05 -4.355307474e-04 2.704771042e-03 -1.840241381e-03 -4.862388502e-02
353652.885000000 -1.481437624e-04 -5.911539107e-05 -4.382986154e-04 4.579498074e-03 -1.648221269e-03 -4.803533886e-02
353652.890000000 -1.311384701e-04 -7.493666446e-05 -4.390330800e-04 4.958887026e-03 -9.357144558e-04 -4.762803627e-02
353652.895000000 -1.077578242e-04 -1.009878930e-04 -4.383287007e-04 3.457106485e-03 -1.257946830e-04 -4.703808728e-02
353652.900000000 -9.854835304e-05 -1.124707643e-04 -4.410078157e-04 2.015661818e-03 -3.865032452e-04 -4.718097165e-02
353652.905000000 -1.088424878e-04 -1.069451165e-04 -4.479562928e-04 1.408964960e-03 -1.417814702e-03 -4.839358676e-02
353652.910000000 -1.295786568e-04 -9.397434512e-05 -4.532686888e-04 2.045225037e-03 -2.178746747e-03 -4.901415142e-02
353652.915000000 -1.507992614e-04 -8.301888627e-05 -4.546976799e-04 3.871164552e-03 -2.161860857e-03 -4.847530732e-02
353652.920000000 -1.515621262e-04 -8.245835754e-05 -4.532258567e-04 5.121666884e-03 -1.265728803e-03 -4.792868006e-02
353652.925000000 -1.306823667e-04 -8.868632659e-05 -4.504424371e-04 4.803835937e-03 1.156497777e-04 -4.727206732e-02
353652.930000000 -1.068195380e-04 -9.912799246e-05 -4.519911040e-04 3.342968249e-03 5.316887041e-04 -4.710912633e-02
353652.935000000 -9.719681060e-05 -1.079333008e-04 -4.570792261e-04 1.695365482e-03 -5.665080190e-04 -4.841118307e-02
353652.940000000 -1.091046285e-04 -1.047364065e-04 -4.594976515e-04 8.784425172e-04 -1.814528785e-03 -4.965568000e-02
353652.945000000 -1.292097081e-04 -9.162010304e-05 -4.598274872e-04 1.477780823e-03 -2.316919204e-03 -4.964597649e-02
353652.950000000 -1.377700424e-04 -8.018874806e-05 -4.571998832e-04 3.311353572e-03 -1.707665855e-03 -4.876258690e-02
353652.955000000 -1.289242892e-04 -8.070196234e-05 -4.533582025e-04 4.735383088e-03 -2.621638645e-04 -4.734393031e-02
353652.960000000 -1.097528465e-04 -9.254917630e-05 -4.504129729e-04 4.576917744e-03 6.326030036e-04 -4.595894497e-02
353652.965000000 -9.251234272e-05 -1.080571074e-04 -4.488011100e-04 3.549840281e-03 1.069350701e-04 -4.590678307e-02
353652.970000000 -9.517117838e-05 -1.139371005e-04 -4.515500205e-04 2.220986662e-03 -1.527891231e-03 -4.765039256e-02
353652.975000000 -1.172361655e-04 -1.031033248e-04 -4.542008829e-04 1.492095990e-03 -2.976177118e-03 -4.932729479e-02
353652.980000000 -1.368192553e-04 -9.077760050e-05 -4.545087845e-04 2.460393641e-03 -3.094050839e-03 -4.948008555e-02
353652.985000000 -1.443793621e-04 -8.739311925e-05 -4.560398171e-04 4.102720850e-03 -1.957357638e-03 -4.867729539e-02
353652.990000000 -1.352990441e-04 -9.306979343e-05 -4.585587347e-04 4.684684967e-03 -7.799067246e-05 -4.679078778e-02
353652.995000000 -1.163740362e-04 -1.062066314e-04 -4.594323325e-04 3.995237069e-03 1.104661925e-03 -4.526748429e-02
353653.000000000 -1.061545287e-04 -1.190210140e-04 -4.590820403e-04 2.604300671e-03 3.763278948e-04 -4.658755076e-02
353653.005000000 -1.048662856e-04 -1.224558538e-04 -4.604265894e-04 1.036270905e-03 -1.298290026e-03 -4.916698267e-02
353653.010000000 -1.124326697e-04 -1.071321446e-04 -4.649600790e-04 9.626211667e-04 -2.713421133e-03 -5.074193830e-02
353653.015000000 -1.262850234e-04 -8.386534919e-05 -4.694884155e-04 2.717920623e-03 -2.987296094e-03 -5.070435508e-02
353653.020000000 -1.340472770e-04 -7.431768773e-05 -4.709693022e-04 4.204331898e-03 -1.678870751e-03 -4.860564297e-02
353653.025000000 -1.365760500e-04 -8.011165997e-05 -4.707896370e-04 4.857966474e-03 5.208695556e-06 -4.561547696e-02
353653.030000000 -1.288826991e-04 -9.490588399e-05 -4.718029900e-04 4.341525740e-03 1.643883535e-04 -4.495262630e-02
353653.035000000 -1.139973426e-04 -1.104917600e-04 -4.768996415e-04 2.517916931e-03 -1.353828564e-03 -4.726458963e-02
353653.040000000 -1.134828878e-04 -1.139538834e-04 -4.819250823e-04 1.294092276e-03 -2.931260553e-03 -4.967119555e-02
353653.045000000 -1.286376410e-04 -1.032846055e-04 -4.820026339e-04 1.597032718e-03 -3.526063806e-03 -5.097943078e-02
353653.050000000 -1.446680898e-04 -9.188285702e-05 -4.796382295e-04 2.797245945e-03 -2.065113133e-03 -5.024624477e-02
353653.055000000 -1.452457951e-04 -8.955860920e-05 -4.784622300e-04 4.123115765e-03 7.144649466e-04 -4.718965221e-02
353653.060000000 -1.273362649e-04 -9.746144421e-05 -4.782858609e-04 4.868646257e-03 1.723726394e-03 -4.506452960e-02
353653.065000000 -1.072855175e-04 -1.131166842e-04 -4.778753212e-04 4.477070770e-03 4.774654806e-04 -4.570045141e-02
353653.070000000 -1.009503914e-04 -1.246163029e-04 -4.803767222e-04 2.865684389e-03 -1.732441629e-03 -4.789867662e-02
353653.075000000 -1.093300617e-04 -1.218471105e-04 -4.857500215e-04 1.470112459e-03 -3.592641495e-03 -5.005163293e-02
353653.080000000 -1.229960942e-04 -1.060369385e-04 -4.900905987e-04 1.476385136e-03 -3.647771288e-03 -5.082690335e-02
353653.085000000 -1.395164593e-04 -8.799662944e-05 -4.918309509e-04 2.200383009e-03 -2.020276494e-03 -4.955481987e-02
353653.090000000 -1.498662276e-04 -8.204957356e-05 -4.905775085e-04 3.364717265e-03 -7.481760160e-06 -4.700842272e-02
353653.095000000 -1.397050405e-04 -9.128608082e-05 -4.848792650e-04 4.309120623e-03 9.037786846e-04 -4.562206248e-02
353653.100000000 -1.166686522e-04 -1.065353362e-04 -4.793066973e-04 3.787241543e-03 1.987367318e-04 -4.646099371e-02
353653.105000000 -9.947419483e-05 -1.165609979e-04 -4.805846615e-04 2.607485213e-03 -1.316710943e-03 -4.812069782e-02
353653.110000000 -1.027560551e-04 -1.165189091e-04 -4.845030156e-04 2.061541475e-03 -2.603328208e-03 -4.976557235e-02
353653.115000000 -1.244487215e-04 -1.089253596e-04 -4.845463903e-04 2.135247517e-03 -2.481270109e-03 -5.016392303e-02
353653.120000000 -1.442795323e-04 -1.014811997e-04 -4.834319704e-04 2.687872910e-03 -9.480898538e-04 -4.814283529e-02
353653.125000000 -1.506833283e-04 -1.005084190e-04 -4.848283519e-04 3.701703149e-03 4.949010682e-04 -4.579655613e-02
353653.130000000 -1.394392626e-04 -1.099770636e-04 -4.899936934e-04 3.824131631e-03 6.476773588e-04 -4.544009674e-02
353653.135000000 -1.164664352e-04 -1.242830177e-04 -4.976186726e-04 2.552108000e-03 -6.504100355e-04 -4.684027063e-02
353653.140000000 -1.048430218e-04 -1.277535511e-04 -5.000213919e-04 1.541221463e-03 -2.438194232e-03 -4.907598998e-02
353653.145000000 -1.119225512e-04 -1.184418229e-04 -4.989876368e-04 1.198111523e-03 -3.325659159e-03 -5.098228215e-02
353653.150000000 -1.296893805e-04 -1.028697970e-04 -5.007711572e-04 1.570732837e-03 -2.233647085e-03 -5.012684423e-02
353653.155000000 -1.417609503e-04 -8.731617034e-05 -5.024866497e-04 2.916766628e-03 -2.021217923e-04 -4.699843087e-02
353653.160000000 -1.322081598e-04 -8.331254443e-05 -5.012704832e-04 4.002501686e-03 4.015010468e-04 -4.534475808e-02
353653.165000000 -1.134499271e-04 -9.224339571e-05 -4.997614403e-04 4.002890410e-03 -5.420819914e-04 -4.561007600e-02
353653.170000000 -1.107036721e-04 -1.097180486e-04 -5.046892880e-04 3.123545090e-03 -2.343579580e-03 -4.720984350e-02
353653.175000000 -1.264914331e-04 -1.234803169e-04 -5.121587166e-04 1.939633701e-03 -3.898580439e-03 -4.980409924e-02
353653.180000000 -1.424259534e-04 -1.196645028e-04 -5.121171135e-04 1.277917040e-03 -3.446285463e-03 -5.069220340e-02
353653.185000000 -1.519464734e-04 -1.092643533e-04 -5.111340877e-04 1.563030193e-03 -1.431352896e-03 -4.891209612e-02
353653.190000000 -1.519521361e-04 -1.040271338e-04 -5.126071087e-04 2.532159743e-03 4.585963079e-04 -4.656850135e-02
353653.195000000 -1.358228914e-04 -1.062533884e-04 -5.085417915e-04 3.056442626e-03 1.210262636e-03 -4.538008194e-02
353653.200000000 -1.170516864e-04 -1.150088326e-04 -5.043954441e-04 2.600085761e-03 5.166931885e-04 -4.556931605e-02
353653.205000000 -1.089551983e-04 -1.227715033e-04 -5.041940286e-04 1.913214304e-03 -1.159822285e-03 -4.716199695e-02
353653.210000000 -1.104014604e-04 -1.187499610e-04 -5.043040918e-04 1.255965888e-03 -2.565824185e-03 -4.910812142e-02
353653.215000000 -1.201348828e-04 -1.017541484e-04 -5.074560383e-04 1.140609810e-03 -2.631147692e-03 -4.915469374e-02
353653.220000000 -1.325194389e-04 -8.353514142e-05 -5.106106650e-04 2.341184414e-03 -1.760227070e-03 -4.748333862e-02
353653.225000000 -1.420308179e-04 -7.441686522e-05 -5.095178270e-04 3.849778845e-03 -7.752733803e-04 -4.599664279e-02
353653.230000000 -1.418477802e-04 -8.230343549e-05 -5.066286334e-04 4.166270723e-03 -2.207382108e-04 -4.533581905e-02
353653.235000000 -1.267743108e-04 -1.018053351e-04 -5.034335643e-04 3.355754645e-03 -6.027557392e-04 -4.605998485e-02
353653.240000000 -1.104692571e-04 -1.161140431e-04 -5.043695294e-04 2.213298895e-03 -1.488748284e-03 -4.824820653e-02
353653.245000000 -1.051373011e-04 -1.162080601e-04 -5.097036897e-04 1.093991098e-03 -1.881175035e-03 -4.990186601e-02
353653.250000000 -1.172750959e-04 -1.046854582e-04 -5.140032080e-04 1.218680250e-03 -1.274065427e-03 -4.938104274e-02
353653.255000000 -1.441274780e-04 -9.339309688e-05 -5.169193109e-04 2.886017527e-03 -1.213215806e-04 -4.764469775e-02
353653.260000000 -1.563493654e-04 -9.100419865e-05 -5.182968992e-04 4.006618081e-03 4.677007388e-04 -4.630452055e-02
353653.265000000 -1.429740841e-04 -9.850836660e-05 -5.154940085e-04 4.003155272e-03 -4.657204047e-05 -4.580067409e-02
353653.270000000 -1.200652010e-04 -1.124928512e-04 -5.124402904e-04 3.078716653e-03 -1.448038937e-03 -4.704916763e-02
353653.275000000 -1.025150647e-04 -1.189789966e-04 -5.149195878e-04 1.250191064e-03 -2.598569897e-03 -4.939352987e-02
353653.280000000 -1.025365695e-04 -1.099697709e-04 -5.204980461e-04 1.830701221e-04 -2.413590286e-03 -4.991172875e-02
353653.285000000 -1.188380530e-04 -9.071653330e-05 -5.276422639e-04 8.664789815e-04 -1.386379893e-03 -4.868670661e-02
353653.290000000 -1.419581838e-04 -6.745696535e-05 -5.323445814e-04 2.692219345e-03 -2.619937682e-04 -4.719932746e-02
353653.295000000 -1.531182740e-04 -5.925289595e-05 -5.299608992e-04 4.447472977e-03 2.368699314e-04 -4.608793868e-02
353653.300000000 -1.371775665e-04 -7.316687522e-05 -5.242789976e-04 4.960160360e-03 -6.170109675e-04 -4.663171757e-02
353653.305000000 -1.101173535e-04 -8.987600404e-05 -5.224154578e-04 4.155663205e-03 -1.973112615e-03 -4.859856266e-02
353653.310000000 -9.491772448e-05 -1.029845671e-04 -5.273106613e-04 2.469765382e-03 -2.191682106e-03 -4.977707816e-02
353653.315000000 -9.719973949e-05 -1.087938876e-04 -5.325340270e-04 1.116215735e-03 -1.261804707e-03 -4.924366143e-02
353653.320000000 -1.118937879e-04 -1.001420008e-04 -5.354027629e-04 1.385257357e-03 -5.366074843e-04 -4.816601925e-02
353653.325000000 -1.333340710e-04 -8.849223872e-05 -5.345079543e-04 3.031557051e-03 -4.659935633e-04 -4.706310415e-02
353653.330000000 -1.457913820e-04 -8.698507651e-05 -5.279127992e-04 4.759732399e-03 -8.249826569e-04 -4.634890415e-02
353653.335000000 -1.328087177e-04 -9.569233349e-05 -5.235487713e-04 4.890934337e-03 -1.409681490e-03 -4.709289133e-02
353653.340000000 -1.072296401e-04 -1.071596015e-04 -5.245557696e-04 3.332281103e-03 -1.797641857e-03 -4.864359153e-02
353653.345000000 -9.464395690e-05 -1.113171392e-04 -5.296682317e-04 1.553620006e-03 -1.793458770e-03 -4.975838093e-02
353653.350000000 -1.025100777e-04 -1.014531605e-04 -5.366479554e-04 7.975659486e-04 -1.506017611e-03 -5.003408678e-02
353653.355000000 -1.188809205e-04 -8.326965847e-05 -5.386586706e-04 1.445116095e-03 -1.195859462e-03 -4.919537982e-02
353653.360000000 -1.376582449e-04 -7.002648303e-05 -5.350743619e-04 3.031658719e-03 -1.088366805e-03 -4.760733210e-02
353653.365000000 -1.475123759e-04 -7.356318892e-05 -5.334002922e-04 4.640761470e-03 -1.149091273e-03 -4.676120560e-02
353653.370000000 -1.318254840e-04 -9.306217982e-05 -5.367895425e-04 4.811357902e-03 -1.149285055e-03 -4.722079495e-02
353653.375000000 -1.071764153e-04 -1.115146755e-04 -5.403718971e-04 3.346059154e-03 -1.042168645e-03 -4.782316971e-02
353653.380000000 -9.835049677e-05 -1.221857451e-04 -5.427416749e-04 1.755266340e-03 -1.038860506e-03 -4.842880408e-02
353653.385000000 -1.123293120e-04 -1.192856804e-04 -5.441931065e-04 8.767342635e-04 -1.156491892e-03 -4.905982741e-02
353653.390000000 -1.405909061e-04 -1.014877510e-04 -5.446377527e-04 1.199174409e-03 -1.320571025e-03 -4.881769422e-02
353653.395000000 -1.589372100e-04 -8.808117257e-05 -5.437380109e-04 2.968881024e-03 -1.624383077e-03 -4.823301000e-02
353653.400000000 -1.555339979e-04 -8.884962389e-05 -5.423056513e-04 4.756978999e-03 -1.820470904e-03 -4.809514449e-02
353653.405000000 -1.332476190e-04 -1.025448120e-04 -5.432085471e-04 4.756070570e-03 -1.443272072e-03 -4.782211350e-02
353653.410000000 -1.046539226e-04 -1.195274640e-04 -5.454445347e-04 2.998710946e-03 -8.195499861e-04 -4.748874073e-02
353653.415000000 -9.421477255e-05 -1.240154960e-04 -5.480028179e-04 1.101404700e-03 -6.973010500e-04 -4.790887761e-02
353653.420000000 -1.084199500e-04 -1.129176623e-04 -5.497150179e-04 8.257933906e-05 -1.049828109e-03 -4.854083675e-02
353653.425000000 -1.352580418e-04 -9.370022335e-05 -5.502060749e-04 8.386804940e-04 -1.643488642e-03 -4.886358900e-02
353653.430000000 -1.525550042e-04 -8.019707198e-05 -5.505557627e-04 3.238168264e-03 -2.089570925e-03 -4.902345860e-02
353653.435000000 -1.441350102e-04 -8.199390845e-05 -5.493044498e-04 4.909310183e-03 -1.752631274e-03 -4.849956579e-02
353653.440000000 -1.212944010e-04 -9.693485409e-05 -5.474884441e-04 5.043711235e-03 -1.031539955e-03 -4.741465260e-02
353653.445000000 -1.029478143e-04 -1.190344642e-04 -5.481094748e-04 3.670422351e-03 -7.625235422e-04 -4.701236724e-02
353653.450000000 -1.017031975e-04 -1.344639414e-04 -5.490948761e-04 1.161161749e-03 -1.132204162e-03 -4.752868339e-02
353653.455000000 -1.160247148e-04 -1.328601886e-04 -5.503126637e-04 -5.946704850e-05 -1.856133600e-03 -4.806274774e-02
353653.460000000 -1.337232082e-04 -1.202664241e-04 -5.520844635e-04 7.342012950e-04 -2.540573321e-03 -4.845913767e-02
353653.465000000 -1.451678752e-04 -1.057089832e-04 -5.500624628e-04 2.468809313e-03 -2.357536112e-03 -4.832683377e-02
353653.470000000 -1.445590099e-04 -1.007542948e-04 -5.473057107e-04 4.078510353e-03 -9.865308141e-04 -4.716579260e-02
353653.475000000 -1.303358464e-04 -1.105989767e-04 -5.482632323e-04 4.256617634e-03 2.610915809e-04 -4.632537347e-02
353653.480000000 -1.099884023e-04 -1.225208106e-04 -5.494250415e-04 2.927179627e-03 5.511529153e-04 -4.675830393e-02
353653.485000000 -1.009251910e-04 -1.242891795e-04 -5.493994822e-04 1.223120260e-03 -3.398447001e-04 -4.785059502e-02
353653.490000000 -1.110003179e-04 -1.145003209e-04 -5.520500828e-04 6.090505328e-04 -2.205519511e-03 -4.893269601e-02
353653.495000000 -1.311999403e-04 -9.795851039e-05 -5.566101624e-04 1.526915081e-03 -3.331987952e-03 -4.928514910e-02
353653.500000000 -1.491856292e-04 -8.576963949e-05 -5.583792999e-04 2.906023206e-03 -2.896624112e-03 -4.828375897e-02
353653.505000000 -1.504994734e-04 -8.999226813e-05 -5.582550464e-04 3.926998868e-03 -1.526261578e-03 -4.658112068e-02
353653.510000000 -1.320345513e-04 -1.078900091e-04 -5.577731619e-04 3.853426319e-03 -1.855859324e-04 -4.583426081e-02
353653.515000000 -1.124467390e-04 -1.251852585e-04 -5.585048477e-04 2.309936992e-03 8.130572472e-05 -4.642910275e-02
353653.520000000 -1.037409544e-04 -1.312788204e-04 -5.610051538e-04 7.496058246e-04 -7.162334524e-04 -4.756292679e-02
353653.525000000 -1.130877888e-04 -1.218496743e-04 -5.639180099e-04 6.118523340e-04 -1.769447973e-03 -4.890920082e-02
353653.530000000 -1.385750749e-04 -1.062308220e-04 -5.657871651e-04 1.729314205e-03 -1.899709583e-03 -4.937957292e-02
353653.535000000 -1.524198961e-04 -9.916789740e-05 -5.671276685e-04 3.280610763e-03 -7.785362591e-04 -4.796156941e-02
353653.540000000 -1.414892952e-04 -1.025129743e-04 -5.697213718e-04 4.537858891e-03 4.038041775e-04 -4.620081389e-02
353653.545000000 -1.153467188e-04 -1.110587885e-04 -5.698671800e-04 4.176304338e-03 5.434669927e-04 -4.548657534e-02
353653.550000000 -9.026490984e-05 -1.175287329e-04 -5.670890797e-04 2.028116335e-03 -7.291961222e-04 -4.599537248e-02
353653.555000000 -8.718782945e-05 -1.142885032e-04 -5.668624003e-04 4.334280916e-04 -2.622941973e-03 -4.797321257e-02
353653.560000000 -1.054464985e-04 -1.006474336e-04 -5.687147571e-04 1.956682626e-04 -3.739851043e-03 -5.018199376e-02
353653.565000000 -1.285857534e-04 -8.489010242e-05 -5.691089144e-04 1.258981498e-03 -3.085452757e-03 -5.016406057e-02
353653.570000000 -1.407857750e-04 -7.769908810e-05 -5.704453488e-04 3.616409171e-03 -1.000557179e-03 -4.790197420e-02
353653.575000000 -1.325532849e-04 -8.443276287e-05 -5.706223477e-04 4.975406792e-03 6.081249680e-04 -4.601371392e-02
353653.580000000 -1.146740399e-04 -1.022237886e-04 -5.686353453e-04 4.428386049e-03 8.573606604e-04 -4.531259759e-02
353653.585000000 -1.029417643e-04 -1.187357492e-04 -5.716238012e-04 2.940277670e-03 -2.401127096e-04 -4.631511582e-02
353653.590000000 -1.020778761e-04 -1.249515037e-04 -5.771306677e-04 1.137126697e-03 -2.043249714e-03 -4.918294211e-02
353653.595000000 -1.098122793e-04 -1.194321052e-04 -5.776395001e-04 2.663642479e-04 -2.656387337e-03 -5.067070209e-02
353653.600000000 -1.196829197e-04 -1.028622760e-04 -5.754469811e-04 9.532251898e-04 -1.794058300e-03 -4.951684663e-02
353653.605000000 -1.257599655e-04 -8.619821803e-05 -5.732634364e-04 2.557066502e-03 -3.715394109e-04 -4.729975062e-02
353653.610000000 -1.239162673e-04 -8.458950494e-05 -5.729283934e-04 3.749800010e-03 7.271408945e-04 -4.528514478e-02
353653.615000000 -1.122259036e-04 -9.843880994e-05 -5.752122731e-04 3.603368847e-03 2.503746436e-04 -4.507630151e-02
353653.620000000 -9.821809378e-05 -1.122884980e-04 -5.774979289e-04 2.749361937e-03 -1.614372322e-03 -4.725121906e-02
353653.625000000 -9.660568014e-05 -1.124951530e-04 -5.824089014e-04 1.738444920e-03 -3.188661094e-03 -4.989777527e-02
353653.630000000 -1.153948528e-04 -1.013521665e-04 -5.884138785e-04 1.238943040e-03 -3.122640433e-03 -5.052014457e-02
353653.635000000 -1.415263635e-04 -9.096864432e-05 -5.901741291e-04 2.043118628e-03 -1.607164504e-03 -4.910650013e-02
353653.640000000 -1.539646794e-04 -8.551798650e-05 -5.903041527e-04 3.173919624e-03 2.596402581e-04 -4.710759781e-02
353653.645000000 -1.404750858e-04 -8.924782297e-05 -5.902283837e-04 3.636410751e-03 1.076306783e-03 -4.566273669e-02
353653.650000000 -1.071206204e-04 -1.029190972e-04 -5.910397190e-04 3.382231023e-03 -2.370000463e-04 -4.624374629e-02
353653.655000000 -8.451875278e-05 -1.150905830e-04 -5.934008159e-04 2.329145952e-03 -2.424849705e-03 -4.860241504e-02
353653.660000000 -8.913576771e-05 -1.177513088e-04 -5.970765542e-04 1.100867297e-03 -3.695400972e-03 -5.050568842e-02
353653.665000000 -1.157699090e-04 -1.065123663e-04 -6.004362725e-04 1.077683075e-03 -3.233626385e-03 -5.048142468e-02
353653.670000000 -1.467762335e-04 -8.923725789e-05 -5.997492180e-04 2.329394538e-03 -1.041003251e-03 -4.862035853e-02
353653.675000000 -1.538396217e-04 -8.377636845e-05 -5.983353354e-04 3.255153156e-03 9.074887085e-04 -4.632094588e-02
353653.680000000 -1.326801705e-04 -9.076543574e-05 -5.970929015e-04 3.312190673e-03 1.121344593e-03 -4.510803209e-02
353653.685000000 -1.027008072e-04 -1.017447867e-04 -5.952906265e-04 2.653466371e-03 -5.182829301e-04 -4.621663592e-02
353653.690000000 -8.901689538e-05 -1.114765451e-04 -5.961400068e-04 1.307653291e-03 -2.976601716e-03 -4.894747471e-02
353653.695000000 -1.042190159e-04 -1.095556586e-04 -5.977171442e-04 6.948032850e-04 -3.807235242e-03 -5.029263465e-02
353653.700000000 -1.337614271e-04 -9.694506051e-05 -5.980038633e-04 1.476372798e-03 -2.668279164e-03 -4.983973535e-02
353653.705000000 -1.502030317e-04 -8.726504812e-05 -5.971575141e-04 2.708097769e-03 -7.078138398e-04 -4.821789498e-02
353653.710000000 -1.345716602e-04 -8.474690519e-05 -5.946183168e-04 3.669102011e-03 7.712915209e-04 -4.579877793e-02
353653.715000000 -1.041252167e-04 -9.313292212e-05 -5.928842578e-04 3.836058544e-03 9.096675415e-05 -4.547184777e-02
353653.720000000 -8.625304413e-05 -1.112958281e-04 -5.913205028e-04 2.932403359e-03 -1.944140840e-03 -4.767308032e-02
353653.725000000 -8.987356508e-05 -1.213633147e-04 -5.904996417e-04 1.635257374e-03 -3.140918347e-03 -4.964302456e-02
353653.730000000 -1.177866892e-04 -1.141362242e-04 -5.954413619e-04 1.230102054e-03 -2.580089918e-03 -5.002295388e-02
353653.735000000 -1.446409664e-04 -1.000713365e-04 -6.016113590e-04 1.826367802e-03 -7.565353502e-04 -4.891609283e-02
353653.740000000 -1.469752076e-04 -8.895495018e-05 -6.013887757e-04 2.664597043e-03 9.462438669e-04 -4.673776653e-02
353653.745000000 -1.321058700e-04 -8.681847305e-05 -5.951108751e-04 3.520431320e-03 9.887572007e-04 -4.545358579e-02
353653.750000000 -1.105495565e-04 -9.839693935e-05 -5.900456451e-04 3.476521282e-03 -7.715535439e-04 -4.693853235e-02
353653.755000000 -9.423984025e-05 -1.135113196e-04 -5.917691478e-04 1.883985502e-03 -2.284561886e-03 -4.911845756e-02
353653.760000000 -8.827135473e-05 -1.188185535e-04 -5.948314316e-04 3.267149726e-04 -2.754484996e-03 -5.016969355e-02
353653.765000000 -9.425106878e-05 -1.099658931e-04 -5.950715316e-04 2.830749382e-04 -2.458835364e-03 -5.002946113e-02
353653.770000000 -1.195947616e-04 -9.306183349e-05 -5.976069727e-04 1.587541479e-03 -1.204789679e-03 -4.807619452e-02
353653.775000000 -1.470447905e-04 -8.311274207e-05 -6.010383743e-04 3.403682444e-03 -2.802025370e-04 -4.566709610e-02
353653.780000000 -1.525022118e-04 -8.369012087e-05 -5.999531978e-04 4.934246858e-03 -6.005870434e-04 -4.501150322e-02
353653.785000000 -1.290353069e-04 -9.572206267e-05 -5.980542596e-04 4.813105258e-03 -1.561136417e-03 -4.628252649e-02
353653.790000000 -9.016118232e-05 -1.166695301e-04 -5.975476387e-04 2.634089777e-03 -2.404622235e-03 -4.811592265e-02
353653.795000000 -7.473037473e-05 -1.245423234e-04 -5.983986728e-04 7.250572238e-04 -2.584546565e-03 -4.937747549e-02
353653.800000000 -9.288831689e-05 -1.139262525e-04 -6.002841194e-04 6.276838633e-05 -1.999351831e-03 -4.964660438e-02
353653.805000000 -1.266721294e-04 -9.666259201e-05 -5.996574544e-04 7.645330380e-04 -8.814317530e-04 -4.844189727e-02
353653.810000000 -1.555685154e-04 -8.116970245e-05 -5.984076325e-04 3.200529065e-03 -1.142422851e-04 -4.683667455e-02
353653.815000000 -1.486698440e-04 -8.128347968e-05 -5.984247876e-04 4.886947153e-03 -3.969844596e-04 -4.681642746e-02
353653.820000000 -1.127319054e-04 -9.575947328e-05 -5.970754628e-04 4.511341463e-03 -1.159295719e-03 -4.754180099e-02
353653.825000000 -8.231108531e-05 -1.115601256e-04 -5.950597091e-04 2.991607310e-03 -1.875300450e-03 -4.826920568e-02
353653.830000000 -7.687570895e-05 -1.165472174e-04 -5.949328341e-04 8.887832280e-04 -2.271288182e-03 -4.931385747e-02
353653.835000000 -1.012666743e-04 -1.050533104e-04 -5.951966000e-04 -2.363507056e-04 -1.784143355e-03 -4.905110783e-02
353653.840000000 -1.358574368e-04 -8.732036588e-05 -5.976575884e-04 5.944995070e-04 -1.049739428e-03 -4.754668871e-02
353653.845000000 -1.501779001e-04 -7.523219026e-05 -6.012631706e-04 2.584119038e-03 -1.040070889e-03 -4.677402442e-02
353653.850000000 -1.313264216e-04 -7.919710910e-05 -6.001854951e-04 4.264557717e-03 -1.590615976e-03 -4.690166236e-02
353653.855000000 -1.051458930e-04 -9.344184341e-05 -5.971847888e-04 4.499472741e-03 -2.120576189e-03 -4.717090624e-02
353653.860000000 -9.490607346e-05 -1.074105768e-04 -5.941397206e-04 3.623133625e-03 -2.277843601e-03 -4.790774357e-02
353653.865000000 -1.037173027e-04 -1.175604108e-04 -5.941661836e-04 2.041398564e-03 -1.666654013e-03 -4.873584262e-02
353653.870000000 -1.258404948e-04 -1.101889425e-04 -5.986397477e-04 7.147821324e-04 -5.656814953e-04 -4.842269445e-02
353653.875000000 -1.368645294e-04 -9.222946048e-05 -6.007927112e-04 1.382322195e-03 -3.358926464e-04 -4.788183860e-02
353653.880000000 -1.334220439e-04 -8.284971127e-05 -6.010867399e-04 3.020262062e-03 -9.171846233e-04 -4.779622207e-02
353653.885000000 -1.230171183e-04 -8.783185633e-05 -5.989785792e-04 3.794099633e-03 -1.444707443e-03 -4.740683751e-02
353653.890000000 -1.029294515e-04 -1.078291720e-04 -5.941187336e-04 3.539621922e-03 -1.897226674e-03 -4.725589232e-02
353653.895000000 -9.118755647e-05 -1.235399096e-04 -5.930072749e-04 2.368260522e-03 -2.076441513e-03 -4.811065458e-02
353653.900000000 -1.004956591e-04 -1.225833435e-04 -5.966538632e-04 9.477212197e-04 -1.782336086e-03 -4.876190265e-02
353653.905000000 -1.197317930e-04 -1.082832762e-04 -6.003718657e-04 8.219686563e-04 -1.509277674e-03 -4.873123398e-02
353653.910000000 -1.413073713e-04 -8.310665163e-05 -5.990900668e-04 2.489644483e-03 -1.650808466e-03 -4.888374976e-02
353653.915000000 -1.477752299e-04 -6.902113539e-05 -5.961286660e-04 4.020879014e-03 -1.671791705e-03 -4.847447770e-02
353653.920000000 -1.350162882e-04 -7.626578921e-05 -5.959565195e-04 4.442967791e-03 -1.386647327e-03 -4.734355547e-02
353653.925000000 -1.147455962e-04 -9.463329342e-05 -5.944934955e-04 3.750923182e-03 -1.173532690e-03 -4.681946403e-02
353653.930000000 -9.351665634e-05 -1.141607088e-04 -5.932611078e-04 1.808872495e-03 -1.191569559e-03 -4.708797988e-02
353653.935000000 -9.532049209e-05 -1.217611357e-04 -5.956904721e-04 6.769152978e-04 -1.595282515e-03 -4.758889559e-02
353653.940000000 -1.213077737e-04 -1.168648820e-04 -5.974491203e-04 1.174592657e-03 -2.237224204e-03 -4.843023728e-02
353653.945000000 -1.450529667e-04 -1.048242112e-04 -5.967738272e-04 2.185875090e-03 -2.403804106e-03 -4.903893918e-02
353653.950000000 -1.489588521e-04 -9.460872677e-05 -5.934453787e-04 3.368181343e-03 -1.623629748e-03 -4.828383405e-02
353653.955000000 -1.316668526e-04 -1.007814088e-04 -5.889547173e-04 3.872645032e-03 -6.993788604e-04 -4.733737961e-02
353653.960000000 -1.082983041e-04 -1.178674983e-04 -5.877705645e-04 2.901713054e-03 -2.148299743e-04 -4.727389815e-02
353653.965000000 -9.353476178e-05 -1.249532538e-04 -5.893124213e-04 1.191264758e-03 -2.782842223e-04 -4.758253635e-02
353653.970000000 -9.785329058e-05 -1.113337531e-04 -5.887495221e-04 4.751237992e-04 -1.347572994e-03 -4.841211684e-02
353653.975000000 -1.161935410e-04 -8.964918086e-05 -5.866837496e-04 1.371427781e-03 -2.517126713e-03 -4.935064687e-02
353653.980000000 -1.359500337e-04 -7.330814236e-05 -5.844498883e-04 2.924942712e-03 -2.740261813e-03 -4.909340703e-02
353653.985000000 -1.406519746e-04 -7.049645638e-05 -5.846896746e-04 4.289430830e-03 -2.235247642e-03 -4.783292254e-02
353653.990000000 -1.204408660e-04 -9.177762274e-05 -5.884993227e-04 4.408449512e-03 -1.444946664e-03 -4.703010331e-02
353653.995000000 -9.980667157e-05 -1.184940162e-04 -5.876069799e-04 2.657756327e-03 -8.287310669e-04 -4.688281719e-02
353654.000000000 -9.803282912e-05 -1.332073589e-04 -5.837276113e-04 5.839109037e-04 -8.651250900e-04 -4.714186333e-02
353654.005000000 -1.133645398e-04 -1.322437165e-04 -5.846473845e-04 -8.251849260e-05 -1.773173316e-03 -4.830725311e-02
353654.010000000 -1.377577185e-04 -1.123549128e-04 -5.859628647e-04 9.993042757e-04 -2.702503173e-03 -4.937619489e-02
353654.015000000 -1.564908936e-04 -9.623791569e-05 -5.846519531e-04 3.161411038e-03 -2.564011530e-03 -4.869194354e-02
353654.020000000 -1.570571998e-04 -9.637293879e-05 -5.846513668e-04 5.050542692e-03 -1.509903682e-03 -4.723931835e-02
353654.025000000 -1.352183170e-04 -1.066797341e-04 -5.834836021e-04 4.809094540e-03 -3.341228856e-04 -4.636604046e-02
353654.030000000 -1.012421435e-04 -1.243558926e-04 -5.813230479e-04 2.143420740e-03 -1.128997945e-04 -4.636487188e-02
353654.035000000 -8.831737500e-05 -1.290455600e-04 -5.803058473e-04 -4.327544041e-05 -1.420539117e-03 -4.803725782e-02
353654.040000000 -1.101889951e-04 -1.143264353e-04 -5.798450751e-04 -2.389129358e-04 -3.010510740e-03 -5.009905035e-02
353654.045000000 -1.443165414e-04 -9.127185306e-05 -5.830940861e-04 1.488405617e-03 -3.461126597e-03 -4.992687476e-02
353654.050000000 -1.594673686e-04 -7.413234861e-05 -5.852998450e-04 4.282365430e-03 -2.722656336e-03 -4.818646926e-02
353654.055000000 -1.469259547e-04 -7.484355693e-05 -5.844150420e-04 6.023453112e-03 -1.372787757e-03 -4.655596756e-02
353654.060000000 -1.260712106e-04 -9.570684289e-05 -5.811916247e-04 5.451720864e-03 -2.965309883e-04 -4.548615529e-02
353654.065000000 -1.112225372e-04 -1.280506599e-04 -5.794265882e-04 2.683117694e-03 -5.709972060e-04 -4.625920670e-02
353654.070000000 -1.100910068e-04 -1.420969437e-04 -5.807696242e-04 4.017774716e-05 -1.825035701e-03 -4.877958338e-02
353654.075000000 -1.200608558e-04 -1.333951906e-04 -5.801025798e-04 -9.569756847e-04 -2.870760752e-03 -5.078739241e-02
353654.080000000 -1.364352535e-04 -1.159792126e-04 -5.788040612e-04 2.294559071e-04 -3.175038547e-03 -5.081951069e-02
353654.085000000 -1.545060434e-04 -1.005093876e-04 -5.801057694e-04 3.360394099e-03 -2.241031697e-03 -4.892385501e-02
353654.090000000 -1.570902315e-04 -1.024318399e-04 -5.818081633e-04 5.125178455e-03 -6.241403616e-04 -4.623243254e-02
353654.095000000 -1.407324332e-04 -1.198043277e-04 -5.822263884e-04 4.505201983e-03 3.433998657e-04 -4.439958965e-02
353654.100000000 -1.208974719e-04 -1.345397800e-04 -5.853913089e-04 2.608268912e-03 -1.888357062e-04 -4.523849018e-02
353654.105000000 -1.147305012e-04 -1.310162446e-04 -5.899497591e-04 -1.879657747e-04 -2.019576353e-03 -4.846454063e-02
353654.110000000 -1.337389993e-04 -1.129340545e-04 -5.922078183e-04 -1.297032961e-03 -3.268617717e-03 -5.036931980e-02
353654.115000000 -1.600504097e-04 -8.780900413e-05 -5.911250556e-04 2.250335342e-04 -3.126159610e-03 -5.017068560e-02
353654.120000000 -1.730025642e-04 -6.743181267e-05 -5.863708212e-04 2.770771751e-03 -1.805007765e-03 -4.874398701e-02
353654.125000000 -1.649692623e-04 -7.493843159e-05 -5.826015334e-04 5.021776869e-03 2.809000866e-04 -4.588303956e-02
353654.130000000 -1.385963214e-04 -1.053059157e-04 -5.817778262e-04 5.427478672e-03 9.003475423e-04 -4.493492117e-02
353654.135000000 -1.121330667e-04 -1.349433625e-04 -5.818413060e-04 3.647281974e-03 -3.573014672e-04 -4.695239513e-02
353654.140000000 -1.035310269e-04 -1.475254284e-04 -5.850059219e-04 1.116317902e-03 -2.052274328e-03 -4.907638659e-02
353654.145000000 -1.238524612e-04 -1.368470482e-04 -5.880427552e-04 -1.928116373e-04 -3.371847581e-03 -5.028550042e-02
353654.150000000 -1.564255467e-04 -1.144102446e-04 -5.859571292e-04 3.667639299e-04 -2.859897936e-03 -4.989228786e-02
353654.155000000 -1.775547191e-04 -9.689227673e-05 -5.845749221e-04 1.917227943e-03 -5.283540116e-04 -4.741620623e-02
353654.160000000 -1.711121510e-04 -9.293517825e-05 -5.847065466e-04 3.619133935e-03 1.409533682e-03 -4.500297188e-02
353654.165000000 -1.318727363e-04 -1.052474007e-04 -5.853125714e-04 4.014462781e-03 1.263713302e-03 -4.562053149e-02
353654.170000000 -9.836860667e-05 -1.188883595e-04 -5.868151228e-04 2.461216845e-03 -3.656668653e-04 -4.812467199e-02
353654.175000000 -9.093336514e-05 -1.215193221e-04 -5.876038752e-04 6.723921520e-04 -2.129186363e-03 -5.028051282e-02
353654.180000000 -1.023587307e-04 -1.132877917e-04 -5.896327334e-04 4.865670977e-06 -3.025461003e-03 -5.139099862e-02
353654.185000000 -1.242416103e-04 -9.246834537e-05 -5.885067654e-04 6.238362994e-04 -2.041283879e-03 -4.955871195e-02
353654.190000000 -1.354733535e-04 -7.884779957e-05 -5.843991433e-04 2.488957233e-03 -4.640009625e-04 -4.578003263e-02
353654.195000000 -1.336810168e-04 -8.388416167e-05 -5.815943303e-04 4.645034268e-03 7.844986463e-05 -4.342116356e-02
353654.200000000 -1.254773767e-04 -1.001123551e-04 -5.793080808e-04 5.082633004e-03 -4.435705211e-04 -4.391826548e-02
353654.205000000 -1.115514134e-04 -1.274388791e-04 -5.802016847e-04 3.084618373e-03 -1.882839633e-03 -4.696883042e-02
353654.210000000 -1.028813115e-04 -1.430123232e-04 -5.842538831e-04 9.678932994e-04 -3.183664526e-03 -5.044976908e-02
353654.215000000 -1.106511728e-04 -1.364700980e-04 -5.862562111e-04 -6.389121650e-05 -3.359391306e-03 -5.238618549e-02
353654.220000000 -1.329721532e-04 -1.185657999e-04 -5.867216942e-04 1.046506986e-04 -2.094708480e-03 -5.129506740e-02
353654.225000000 -1.561094728e-04 -9.925431137e-05 -5.864073378e-04 2.382168310e-03 1.531801071e-05 -4.751257019e-02
353654.230000000 -1.551659065e-04 -9.505797796e-05 -5.838742778e-04 4.444101815e-03 1.006963748e-03 -4.528125108e-02
353654.235000000 -1.303580852e-04 -1.066918507e-04 -5.817611732e-04 4.354206492e-03 3.905876383e-04 -4.549955657e-02
353654.240000000 -1.014352293e-04 -1.179305379e-04 -5.823249334e-04 2.922661173e-03 -1.208303506e-03 -4.681871900e-02
353654.245000000 -9.072322280e-05 -1.171819471e-04 -5.850396014e-04 7.096600537e-04 -2.940743644e-03 -4.925044993e-02
353654.250000000 -1.099331363e-04 -1.064601350e-04 -5.863434852e-04 -6.773582333e-04 -2.900368829e-03 -4.976849789e-02
353654.255000000 -1.430883494e-04 -8.692372441e-05 -5.841646736e-04 8.419837812e-05 -1.374195419e-03 -4.776459123e-02
353654.260000000 -1.699502126e-04 -7.313329119e-05 -5.810376521e-04 2.269804969e-03 -9.667264766e-05 -4.621907832e-02
353654.265000000 -1.647592265e-04 -8.805710088e-05 -5.760874259e-04 4.296726791e-03 2.667965542e-04 -4.598793872e-02
353654.270000000 -1.287046983e-04 -1.175082288e-04 -5.750581381e-04 4.696226115e-03 -6.063413390e-04 -4.664418925e-02
353654.275000000 -9.810418841e-05 -1.411674115e-04 -5.797622884e-04 3.535906769e-03 -1.999794527e-03 -4.820645768e-02
353654.280000000 -9.412049643e-05 -1.503259485e-04 -5.840268988e-04 1.521782889e-03 -2.318416961e-03 -4.944661868e-02
353654.285000000 -1.155417294e-04 -1.320262637e-04 -5.855851068e-04 -1.798043410e-04 -9.311049372e-04 -4.825272252e-02
353654.290000000 -1.372779757e-04 -1.028877639e-04 -5.829395596e-04 3.823590425e-04 4.404055841e-04 -4.636043523e-02
353654.295000000 -1.433586165e-04 -8.204646509e-05 -5.774412249e-04 2.370619233e-03 8.783706371e-04 -4.572358026e-02
353654.300000000 -1.364433575e-04 -7.617953458e-05 -5.704405019e-04 3.661393801e-03 5.996469990e-04 -4.582266937e-02
353654.305000000 -1.074670513e-04 -9.105215619e-05 -5.671090632e-04 3.839584732e-03 -9.399583951e-04 -4.733948238e-02
353654.310000000 -7.421605386e-05 -1.069890903e-04 -5.701708875e-04 2.622955836e-03 -2.317077173e-03 -4.966795863e-02
353654.315000000 -6.440871005e-05 -1.098742596e-04 -5.738838696e-04 5.274263539e-04 -2.320495410e-03 -5.031793479e-02
353654.320000000 -7.528906144e-05 -1.028175940e-04 -5.732853462e-04 -4.008573778e-04 -1.833200173e-03 -4.895186657e-02
353654.325000000 -1.012174933e-04 -8.322952581e-05 -5.726709352e-04 1.082277716e-03 -1.308070156e-03 -4.697785030e-02
353654.330000000 -1.262618385e-04 -6.605891644e-05 -5.742359297e-04 3.279366104e-03 -7.703771802e-04 -4.522639560e-02
353654.335000000 -1.333725423e-04 -6.883373685e-05 -5.714666719e-04 4.944139930e-03 -5.392572414e-04 -4.432378263e-02
353654.340000000 -1.180706706e-04 -8.895687055e-05 -5.697849579e-04 5.293869823e-03 -6.796729118e-04 -4.538967778e-02
353654.345000000 -8.552660698e-05 -1.163778478e-04 -5.709646842e-04 2.663048250e-03 -6.986573167e-04 -4.805047652e-02
353654.350000000 -6.245449080e-05 -1.268707650e-04 -5.707216275e-04 -8.025220988e-05 -8.699504679e-04 -4.974632361e-02
353654.355000000 -6.950269749e-05 -1.160714981e-04 -5.717742798e-04 -4.768359247e-04 -1.560791209e-03 -5.019423871e-02
353654.360000000 -9.540563289e-05 -9.584730067e-05 -5.734581056e-04 4.518329045e-04 -2.048549125e-03 -4.967313011e-02
353654.365000000 -1.191611754e-04 -7.417139055e-05 -5.698703717e-04 2.802886174e-03 -1.838488430e-03 -4.720100229e-02
353654.370000000 -1.190105260e-04 -6.930248310e-05 -5.635343180e-04 5.075278548e-03 -1.741143847e-03 -4.559390628e-02
353654.375000000 -9.746350643e-05 -8.088567315e-05 -5.620840268e-04 5.271315654e-03 -2.064897772e-03 -4.624794656e-02
353654.380000000 -8.180091717e-05 -9.509932355e-05 -5.651089174e-04 3.408828631e-03 -2.180713087e-03 -4.734251490e-02
353654.385000000 -8.684285396e-05 -1.015429001e-04 -5.687435307e-04 7.671432654e-04 -2.204866391e-03 -4.865003039e-02
353654.390000000 -1.071254951e-04 -9.301370141e-05 -5.689314450e-04 -3.679154901e-04 -2.138630292e-03 -4.973798656e-02
353654.395000000 -1.314560915e-04 -7.567995220e-05 -5.686467679e-04 4.174659211e-04 -1.825455799e-03 -4.963090477e-02
353654.400000000 -1.474865107e-04 -6.946361549e-05 -5.646585051e-04 2.427080680e-03 -1.531101448e-03 -4.857600101e-02
353654.405000000 -1.336073136e-04 -9.192700479e-05 -5.575155039e-04 4.816460842e-03 -1.596744617e-03 -4.789551087e-02
353654.410000000 -9.911631235e-05 -1.198058137e-04 -5.548591420e-04 4.871980936e-03 -1.763416399e-03 -4.762390140e-02
353654.415000000 -7.274894338e-05 -1.302851759e-04 -5.539041737e-04 2.759572413e-03 -1.904339727e-03 -4.715527983e-02
353654.420000000 -7.512515407e-05 -1.284211936e-04 -5.527310734e-04 7.972700299e-04 -2.349957710e-03 -4.741805066e-02
353654.425000000 -1.165061759e-04 -1.052891837e-04 -5.552437809e-04 -4.790237544e-04 -2.767561333e-03 -4.852558491e-02
353654.430000000 -1.604384303e-04 -8.009947403e-05 -5.544222530e-04 9.196025251e-06 -2.714614159e-03 -4.877282336e-02
353654.435000000 -1.767252522e-04 -7.117241242e-05 -5.514638370e-04 2.347951168e-03 -2.401923984e-03 -4.864088865e-02
353654.440000000 -1.607443067e-04 -7.119989453e-05 -5.527524404e-04 4.299258157e-03 -1.794271540e-03 -4.876847322e-02
353654.445000000 -1.179347830e-04 -8.889071027e-05 -5.489818393e-04 4.315788912e-03 -7.846259885e-04 -4.784176273e-02
353654.450000000 -9.137649706e-05 -1.091051713e-04 -5.452621728e-04 3.061162526e-03 -5.581165519e-04 -4.738234675e-02
353654.455000000 -9.145932105e-05 -1.123939004e-04 -5.478247597e-04 1.426642017e-03 -1.283145387e-03 -4.831790626e-02
353654.460000000 -1.051785655e-04 -1.066478625e-04 -5.506100652e-04 2.717834903e-04 -2.267201668e-03 -4.886701983e-02
353654.465000000 -1.334349098e-04 -9.001223105e-05 -5.529841678e-04 1.334600660e-03 -3.411228400e-03 -4.880717686e-02
353654.470000000 -1.528522665e-04 -7.402321525e-05 -5.520082547e-04 3.482896222e-03 -3.508347113e-03 -4.868777381e-02
353654.475000000 -1.553287862e-04 -7.683474081e-05 -5.479843038e-04 4.769052505e-03 -2.108633406e-03 -4.788601631e-02
353654.480000000 -1.432819347e-04 -9.930657851e-05 -5.473576409e-04 4.808790567e-03 -6.532591174e-04 -4.697433042e-02
353654.485000000 -1.160971241e-04 -1.284259068e-04 -5.465683219e-04 2.718705462e-03 -5.207580561e-04 -4.811471272e-02
353654.490000000 -1.048298840e-04 -1.372756911e-04 -5.470278381e-04 9.019383072e-05 -1.457415545e-03 -4.988301462e-02
353654.495000000 -1.171226492e-04 -1.249448266e-04 -5.493317878e-04 -8.083633269e-04 -2.569803997e-03 -5.048308267e-02
353654.500000000 -1.348659316e-04 -1.060265333e-04 -5.484836692e-04 1.346212136e-04 -3.197143011e-03 -5.024406715e-02
353654.505000000 -1.524921476e-04 -8.770491926e-05 -5.436544506e-04 2.277810712e-03 -2.285178035e-03 -4.853147350e-02
353654.510000000 -1.511801987e-04 -8.163944077e-05 -5.398748389e-04 4.039773945e-03 -7.657714559e-04 -4.629350531e-02
353654.515000000 -1.296687489e-04 -9.180486478e-05 -5.396368596e-04 4.502801080e-03 -1.813601649e-04 -4.546276512e-02
353654.520000000 -1.127101278e-04 -1.080134369e-04 -5.392057871e-04 3.493813764e-03 -6.901967040e-04 -4.654356425e-02
353654.525000000 -1.159070173e-04 -1.147355149e-04 -5.396624624e-04 1.399920338e-03 -2.399873168e-03 -4.874480385e-02
353654.530000000 -1.386489769e-04 -1.093874940e-04 -5.430775432e-04 6.810074216e-04 -3.957581715e-03 -5.051588781e-02
353654.535000000 -1.627380796e-04 -1.034271224e-04 -5.471772986e-04 1.704675269e-03 -4.035362536e-03 -5.123580874e-02
353654.540000000 -1.727387327e-04 -1.042525664e-04 -5.458014279e-04 2.971636379e-03 -2.778289160e-03 -5.015763656e-02
353654.545000000 -1.585343219e-04 -1.170361384e-04 -5.408036232e-04 4.404680560e-03 -9.521689507e-04 -4.736185116e-02
353654.550000000 -1.281331756e-04 -1.362007293e-04 -5.376693125e-04 4.365593367e-03 -3.203508165e-04 -4.612932522e-02
353654.555000000 -1.091208730e-04 -1.490339733e-04 -5.353346629e-04 2.181374445e-03 -1.007123360e-03 -4.682042839e-02
353654.560000000 -1.129956129e-04 -1.473698866e-04 -5.373217240e-04 2.243855258e-04 -2.173492362e-03 -4.779848665e-02
353654.565000000 -1.407498373e-04 -1.229752799e-04 -5.440040003e-04 -1.189017208e-04 -3.575465550e-03 -4.983548275e-02
353654.570000000 -1.746454592e-04 -9.964496245e-05 -5.433002122e-04 6.429724338e-04 -3.595543624e-03 -5.062063863e-02
353654.575000000 -1.909059863e-04 -9.384222926e-05 -5.393940442e-04 2.112117527e-03 -2.182529541e-03 -4.898646476e-02
353654.580000000 -1.825004209e-04 -9.807511156e-05 -5.380177211e-04 3.623017615e-03 -9.344734663e-04 -4.742083823e-02
353654.585000000 -1.461907520e-04 -1.169475548e-04 -5.322440262e-04 3.504415616e-03 -5.850597092e-04 -4.683326936e-02
353654.590000000 -1.140992186e-04 -1.362088013e-04 -5.283544919e-04 2.179543238e-03 -1.528670071e-03 -4.706216418e-02
353654.595000000 -1.143509254e-04 -1.417668948e-04 -5.314792740e-04 1.255287299e-03 -3.232831901e-03 -4.822009401e-02
353654.600000000 -1.387674499e-04 -1.360807735e-04 -5.368915037e-04 8.694548529e-04 -4.353360061e-03 -4.937090629e-02
353654.605000000 -1.804920635e-04 -1.185842669e-04 -5.419780745e-04 1.463821486e-03 -3.723262517e-03 -4.841961643e-02
353654.610000000 -2.117574041e-04 -1.063861563e-04 -5.442803797e-04 3.195971382e-03 -1.854104799e-03 -4.659093792e-02
353654.615000000 -2.165960338e-04 -1.155240502e-04 -5.433745868e-04 4.472794169e-03 7.365206314e-05 -4.591760518e-02
353654.620000000 -1.953752955e-04 -1.368305784e-04 -5.401442012e-04 3.986227681e-03 9.152068844e-04 -4.611941536e-02
353654.625000000 -1.540155591e-04 -1.560133236e-04 -5.370419717e-04 2.017127815e-03 -1.065704908e-03 -4.806421591e-02
353654.630000000 -1.377727611e-04 -1.598372576e-04 -5.343161726e-04 1.608696360e-04 -3.946403689e-03 -5.097885485e-02
353654.635000000 -1.602683690e-04 -1.504885799e-04 -5.324812099e-04 -7.023766760e-04 -4.791948622e-03 -5.191274052e-02
353654.640000000 -1.921935384e-04 -1.334566328e-04 -5.328921936e-04 -2.299380091e-05 -3.685768704e-03 -4.998168373e-02
353654.645000000 -2.078879863e-04 -1.123156904e-04 -5.334735689e-04 2.559142408e-03 -1.180110916e-03 -4.669321027e-02
353654.650000000 -1.991307773e-04 -1.042532298e-04 -5.337391707e-04 4.203455310e-03 5.774139791e-04 -4.442020415e-02
353654.655000000 -1.769792293e-04 -1.161786136e-04 -5.334508087e-04 3.754158763e-03 2.566624014e-04 -4.411113744e-02
353654.660000000 -1.580757692e-04 -1.313577235e-04 -5.330561043e-04 2.567267856e-03 -1.352823073e-03 -4.595927975e-02
353654.665000000 -1.633776913e-04 -1.344092837e-04 -5.329496670e-04 5.703981622e-04 -2.922024898e-03 -4.930216699e-02
353654.670000000 -1.856589061e-04 -1.290004319e-04 -5.324522434e-04 -3.157226528e-04 -3.006846973e-03 -5.063616179e-02
353654.675000000 -1.994027425e-04 -1.218466417e-04 -5.299633287e-04 1.031243191e-03 -2.034127698e-03 -4.960024561e-02
353654.680000000 -2.018491826e-04 -1.188724549e-04 -5.279756626e-04 2.854663933e-03 -8.789460044e-04 -4.803143110e-02
353654.685000000 -1.919343584e-04 -1.262805222e-04 -5.272009557e-04 4.042803270e-03 -3.868080052e-05 -4.576332255e-02
353654.690000000 -1.756234801e-04 -1.417867954e-04 -5.247098521e-04 3.795993981e-03 -5.143734233e-04 -4.519283844e-02
353654.695000000 -1.594424754e-04 -1.516195039e-04 -5.262080538e-04 1.896992604e-03 -1.949633649e-03 -4.717980493e-02
353654.700000000 -1.495883094e-04 -1.380768712e-04 -5.334633237e-04 -4.861869069e-04 -3.013663395e-03 -4.919046945e-02
353654.705000000 -1.653420875e-04 -1.162996205e-04 -5.355659331e-04 -9.792435834e-04 -2.933748338e-03 -4.950670820e-02
353654.710000000 -1.975955050e-04 -1.010157913e-04 -5.332685734e-04 4.539213797e-04 -1.629972366e-03 -4.824344747e-02
353654.715000000 -2.240702247e-04 -8.957896298e-05 -5.308690107e-04 2.257128834e-03 1.413709559e-04 -4.646066025e-02
353654.720000000 -2.201310149e-04 -9.660708877e-05 -5.280164962e-04 4.130965654e-03 1.043616146e-03 -4.558581957e-02
353654.725000000 -1.806900655e-04 -1.184189919e-04 -5.253890232e-04 4.431055201e-03 1.379151341e-04 -4.711138572e-02
353654.730000000 -1.396331883e-04 -1.338726514e-04 -5.267406111e-04 2.624981989e-03 -1.553618635e-03 -4.937775295e-02
353654.735000000 -1.251280791e-04 -1.383774232e-04 -5.335093172e-04 4.590850881e-04 -2.570796177e-03 -5.005702065e-02
353654.740000000 -1.511296803e-04 -1.276910334e-04 -5.347316727e-04 -4.184549367e-04 -2.234359650e-03 -4.895692226e-02
353654.745000000 -1.913766111e-04 -1.061908659e-04 -5.299346638e-04 4.510023016e-04 -9.057099260e-04 -4.685907978e-02
353654.750000000 -2.164840066e-04 -9.400605496e-05 -5.260077784e-04 2.423241670e-03 3.682832601e-04 -4.482652827e-02
353654.755000000 -2.150049603e-04 -9.891203676e-05 -5.258715362e-04 4.177267763e-03 6.140119616e-04 -4.459055477e-02
353654.760000000 -1.772213440e-04 -1.219552067e-04 -5.247484919e-04 3.411371637e-03 -6.538758182e-04 -4.729063293e-02
353654.765000000 -1.461181143e-04 -1.401958488e-04 -5.227302034e-04 1.006550461e-03 -1.924544832e-03 -4.978612717e-02
353654.770000000 -1.435779846e-04 -1.375144444e-04 -5.254779696e-04 -6.075882023e-04 -2.049024506e-03 -5.042817252e-02
353654.775000000 -1.551681504e-04 -1.212914790e-04 -5.269664899e-04 -1.082028224e-03 -1.193459385e-03 -4.993143814e-02
353654.780000000 -1.775638148e-04 -9.451971207e-05 -5.218385518e-04 5.946654211e-04 3.087869827e-04 -4.703454548e-02
353654.785000000 -1.868986419e-04 -7.965649724e-05 -5.153469791e-04 3.607326153e-03 5.225906922e-04 -4.496704137e-02
353654.790000000 -1.777983208e-04 -8.204558828e-05 -5.137085921e-04 5.463231052e-03 -6.038746282e-04 -4.577447470e-02
353654.795000000 -1.630888756e-04 -9.769758390e-05 -5.148920848e-04 4.999860764e-03 -1.305212548e-03 -4.687443089e-02
353654.800000000 -1.449907320e-04 -1.206179090e-04 -5.115993476e-04 2.295792910e-03 -1.390752199e-03 -4.827034431e-02
353654.805000000 -1.341380082e-04 -1.283330767e-04 -5.103205098e-04 -3.188214994e-04 -1.055330329e-03 -4.965243263e-02
353654.810000000 -1.373579114e-04 -1.248673523e-04 -5.152096201e-04 -1.325879824e-03 -5.525735100e-04 -4.966098837e-02
353654.815000000 -1.556066422e-04 -1.158095116e-04 -5.170444628e-04 -3.575770557e-04 -3.245483643e-04 -4.863840475e-02
353654.820000000 -1.783521381e-04 -1.033785397e-04 -5.141704058e-04 2.794929855e-03 -4.928877300e-04 -4.782722273e-02
353654.825000000 -1.789428766e-04 -1.068400525e-04 -5.092624110e-04 4.867095159e-03 -4.739450754e-04 -4.753703526e-02
353654.830000000 -1.584009735e-04 -1.239142051e-04 -5.076909187e-04 4.352340071e-03 -9.896203047e-05 -4.740135547e-02
353654.835000000 -1.310747272e-04 -1.341959944e-04 -5.127878731e-04 2.652621078e-03 1.062253214e-04 -4.761547772e-02
353654.840000000 -1.084830668e-04 -1.307755367e-04 -5.172577849e-04 -1.655509557e-04 -1.735100474e-04 -4.823510576e-02
353654.845000000 -1.202669377e-04 -1.130496835e-04 -5.167446260e-04 -1.566853583e-03 -8.667228101e-04 -4.848162082e-02
353654.850000000 -1.580393260e-04 -8.865926267e-05 -5.115359490e-04 3.468334961e-05 -1.582159036e-03 -4.856122710e-02
353654.855000000 -1.885757322e-04 -7.603100178e-05 -5.053405611e-04 2.748455522e-03 -1.630022316e-03 -4.878475088e-02
353654.860000000 -1.798083850e-04 -8.995833997e-05 -5.054526787e-04 4.876413484e-03 -4.247806770e-04 -4.803324609e-02
353654.865000000 -1.334845033e-04 -1.172179814e-04 -5.074361231e-04 4.922933880e-03 6.538338198e-04 -4.719587430e-02
353654.870000000 -9.004545365e-05 -1.382232364e-04 -5.086227551e-04 3.009338158e-03 6.257974231e-04 -4.746748294e-02
353654.875000000 -7.979458210e-05 -1.467817853e-04 -5.052463235e-04 6.128877254e-04 1.050356243e-04 -4.775678538e-02
353654.880000000 -1.228968730e-04 -1.345738254e-04 -5.011387871e-04 -4.807367822e-04 -9.162832538e-04 -4.814493425e-02
353654.885000000 -1.715008222e-04 -1.127174051e-04 -5.006796371e-04 4.696598595e-04 -1.646794822e-03 -4.896972585e-02
353654.890000000 -1.808085173e-04 -9.703453028e-05 -4.957967839e-04 2.299398196e-03 -1.224844947e-03 -4.896175677e-02
353654.895000000 -1.644056589e-04 -9.815808248e-05 -4.914549681e-04 3.796530887e-03 -1.866619167e-04 -4.788700220e-02
353654.900000000 -1.213687408e-04 -1.184313537e-04 -4.909807618e-04 3.612998268e-03 7.568205284e-04 -4.743747591e-02
353654.905000000 -8.459044366e-05 -1.355279139e-04 -4.905823049e-04 1.615101799e-03 1.021315341e-03 -4.766125189e-02
353654.910000000 -7.989167240e-05 -1.362076437e-04 -4.910452240e-04 -1.928310951e-04 3.262275162e-04 -4.792354752e-02
353654.915000000 -9.312643214e-05 -1.253288740e-04 -4.930564263e-04 -5.073456918e-04 -9.017367767e-04 -4.873456127e-02
353654.920000000 -1.167138972e-04 -9.964513508e-05 -4.906195984e-04 7.795149019e-04 -1.931145094e-03 -4.916020489e-02
353654.925000000 -1.325259256e-04 -8.013511932e-05 -4.872257080e-04 3.027312943e-03 -2.010863670e-03 -4.808071537e-02
353654.930000000 -1.301508392e-04 -8.335376654e-05 -4.888798719e-04 5.018978099e-03 -1.155249795e-03 -4.687089680e-02
353654.935000000 -1.154628679e-04 -1.038261235e-04 -4.856497123e-04 5.239194658e-03 9.823815549e-06 -4.641527577e-02
353654.940000000 -9.708120646e-05 -1.329687309e-04 -4.830958888e-04 2.612921707e-03 5.704388067e-04 -4.639110967e-02
353654.945000000 -8.571679781e-05 -1.477588345e-04 -4.848944920e-04 4.861005812e-05 -4.864779215e-04 -4.789798300e-02
353654.950000000 -8.760847234e-05 -1.437911555e-04 -4.850067400e-04 -8.712466313e-04 -2.307817183e-03 -5.037437801e-02
353654.955000000 -1.012040543e-04 -1.316620478e-04 -4.844343562e-04 -7.738449269e-04 -3.200246880e-03 -5.103598440e-02
353654.960000000 -1.264647721e-04 -1.121339513e-04 -4.796182562e-04 1.932356147e-03 -2.490224060e-03 -4.911206670e-02
353654.965000000 -1.386269391e-04 -1.029706049e-04 -4.754254793e-04 4.478155030e-03 -9.586184164e-04 -4.717244055e-02
353654.970000000 -1.286435654e-04 -1.138138612e-04 -4.751330404e-04 4.290257792e-03 3.521506238e-04 -4.599241411e-02
353654.975000000 -1.088870387e-04 -1.253622495e-04 -4.757205785e-04 2.937623563e-03 4.798354632e-04 -4.563158372e-02
353654.980000000 -8.793113449e-05 -1.286247429e-04 -4.810071121e-04 5.551813746e-04 -1.920106292e-03 -4.842745590e-02
353654.985000000 -8.710758387e-05 -1.216915332e-04 -4.852340056e-04 -1.409114165e-03 -4.231777012e-03 -5.090421809e-02
353654.990000000 -1.108814529e-04 -1.062052995e-04 -4.829627896e-04 -9.899049332e-04 -4.408041245e-03 -5.030179468e-02
353654.995000000 -1.440233247e-04 -9.391323445e-05 -4.801482107e-04 1.367010190e-03 -3.067161056e-03 -4.884299857e-02
353655.000000000 -1.627042079e-04 -1.002309741e-04 -4.745838224e-04 3.878782289e-03 2.870698757e-04 -4.622085137e-02
353655.005000000 -1.490904314e-04 -1.245400721e-04 -4.694324260e-04 4.573375529e-03 2.268231619e-03 -4.421066311e-02
353655.010000000 -1.085982023e-04 -1.503119190e-04 -4.683692599e-04 3.496807313e-03 7.118294504e-04 -4.548964548e-02
353655.015000000 -7.683080676e-05 -1.590385038e-04 -4.659594843e-04 1.337831705e-03 -2.173727947e-03 -4.861800847e-02
353655.020000000 -9.621038371e-05 -1.476084809e-04 -4.662464915e-04 -8.134255629e-04 -4.614987453e-03 -5.059241354e-02
353655.025000000 -1.446582829e-04 -1.305153342e-04 -4.657842848e-04 -6.791836113e-04 -4.700559543e-03 -5.036209140e-02
353655.030000000 -1.754561492e-04 -1.159403182e-04 -4.612174599e-04 1.146853288e-03 -2.370162138e-03 -4.875525392e-02
353655.035000000 -1.767024781e-04 -1.081064488e-04 -4.591963034e-04 2.838584674e-03 3.653535614e-04 -4.633987335e-02
353655.040000000 -1.376422627e-04 -1.163930595e-04 -4.590663863e-04 3.859094467e-03 1.077578970e-03 -4.532470127e-02
353655.045000000 -9.469607813e-05 -1.297367044e-04 -4.587977878e-04 2.939758283e-03 -5.774988574e-04 -4.708241612e-02
353655.050000000 -8.371105701e-05 -1.335993863e-04 -4.587157275e-04 4.363487022e-04 -2.749442246e-03 -4.933388848e-02
353655.055000000 -9.083984734e-05 -1.283266966e-04 -4.584561334e-04 -1.337253492e-03 -4.153995233e-03 -5.037554680e-02
353655.060000000 -1.236327512e-04 -1.077113162e-04 -4.559179874e-04 -6.264302265e-04 -3.509418329e-03 -4.971884647e-02
353655.065000000 -1.542691301e-04 -9.052498700e-05 -4.514113365e-04 1.725345211e-03 -1.401759647e-03 -4.734924238e-02
353655.070000000 -1.583180849e-04 -9.478578043e-05 -4.497793404e-04 3.982797875e-03 2.296578914e-04 -4.473787051e-02
353655.075000000 -1.499306541e-04 -1.099544182e-04 -4.539051271e-04 5.089302212e-03 4.986725521e-04 -4.409436466e-02
353655.080000000 -1.098384415e-04 -1.340703624e-04 -4.529155214e-04 2.857260868e-03 -1.276938957e-03 -4.657889945e-02
353655.085000000 -7.881314344e-05 -1.465695907e-04 -4.511252808e-04 -4.114472937e-04 -3.361998016e-03 -4.930790234e-02
353655.090000000 -8.952967074e-05 -1.431918542e-04 -4.561325675e-04 -1.699712628e-03 -4.075259578e-03 -5.056700103e-02
353655.095000000 -1.186799531e-04 -1.302805223e-04 -4.579610713e-04 -1.578097099e-03 -3.277376426e-03 -5.058915701e-02
353655.100000000 -1.581684865e-04 -1.009928422e-04 -4.537646051e-04 9.226227593e-04 -8.120925411e-04 -4.744259257e-02
353655.105000000 -1.688791163e-04 -8.626805691e-05 -4.515198739e-04 4.036320338e-03 5.047947122e-04 -4.481391831e-02
353655.110000000 -1.436389068e-04 -9.468396880e-05 -4.490462341e-04 4.952780842e-03 -4.624228301e-04 -4.564506177e-02
353655.115000000 -1.124754582e-04 -1.099479928e-04 -4.497888059e-04 3.698539681e-03 -1.969502261e-03 -4.720264412e-02
353655.120000000 -9.224073950e-05 -1.234840218e-04 -4.566946805e-04 6.618217878e-04 -3.717669598e-03 -4.901239925e-02
353655.125000000 -1.019335279e-04 -1.219888996e-04 -4.593656776e-04 -1.716139139e-03 -4.180633348e-03 -5.004898584e-02
353655.130000000 -1.401899442e-04 -1.089356627e-04 -4.615867643e-04 -1.891107936e-03 -2.579557745e-03 -4.879012353e-02
353655.135000000 -1.799006372e-04 -9.290062448e-05 -4.582168920e-04 -6.883522347e-06 -6.388437236e-04 -4.653916577e-02
353655.140000000 -1.932360966e-04 -9.110437033e-05 -4.483017836e-04 3.819645235e-03 3.237388687e-04 -4.597722637e-02
353655.145000000 -1.682925738e-04 -1.126959755e-04 -4.431217431e-04 5.349599417e-03 -8.055216763e-05 -4.677266690e-02
353655.150000000 -1.235253609e-04 -1.388112849e-04 -4.424791217e-04 3.561964817e-03 -1.535658005e-03 -4.760081848e-02
353655.155000000 -9.194850133e-05 -1.479261816e-04 -4.426462303e-04 1.315016299e-03 -3.171795556e-03 -4.896400958e-02
353655.160000000 -1.054238726e-04 -1.333163247e-04 -4.457007096e-04 -1.192249208e-03 -3.473250795e-03 -4.944144909e-02
353655.165000000 -1.531886760e-04 -1.085999065e-04 -4.486094784e-04 -1.548361555e-03 -2.468532353e-03 -4.801478675e-02
353655.170000000 -1.934759911e-04 -8.927588965e-05 -4.487274185e-04 7.780534431e-04 -1.541742259e-03 -4.658896644e-02
353655.175000000 -2.089601859e-04 -7.893205611e-05 -4.463280988e-04 3.089155013e-03 -1.121522040e-03 -4.629651148e-02
353655.180000000 -1.807978511e-04 -8.786020023e-05 -4.441535223e-04 4.283350329e-03 -1.276100751e-03 -4.672406624e-02
353655.185000000 -1.464408769e-04 -1.074203375e-04 -4.463352063e-04 3.687767082e-03 -1.522655837e-03 -4.809026903e-02
353655.190000000 -1.361840580e-04 -1.195664118e-04 -4.483342836e-04 1.581994700e-03 -1.237837492e-03 -4.964868800e-02
353655.195000000 -1.330753608e-04 -1.222171879e-04 -4.482647832e-04 -6.103623080e-04 -6.500391249e-04 -5.007998124e-02
353655.200000000 -1.480477925e-04 -1.056291410e-04 -4.483921262e-04 -4.462986057e-04 -7.040567639e-04 -4.909909053e-02
353655.205000000 -1.708580933e-04 -8.470629700e-05 -4.462852990e-04 1.660839851e-03 -1.520258514e-03 -4.806139447e-02
353655.210000000 -1.799121694e-04 -8.408043787e-05 -4.436215118e-04 3.422195793e-03 -2.248322878e-03 -4.728016565e-02
353655.215000000 -1.747220670e-04 -9.843917549e-05 -4.411763243e-04 4.385797035e-03 -2.602750068e-03 -4.645438152e-02
353655.220000000 -1.532201567e-04 -1.216642073e-04 -4.438373532e-04 3.531245531e-03 -2.317651818e-03 -4.727372816e-02
353655.225000000 -1.369892384e-04 -1.403033058e-04 -4.503788942e-04 1.139664412e-03 -1.401272429e-03 -4.823917335e-02
353655.230000000 -1.435742725e-04 -1.386125336e-04 -4.504044140e-04 -8.553905348e-04 -7.134659406e-04 -4.796863549e-02
353655.235000000 -1.620478090e-04 -1.215840855e-04 -4.511634740e-04 -1.321008335e-03 -7.979602164e-04 -4.831395992e-02
353655.240000000 -1.963559308e-04 -9.439527784e-05 -4.536231357e-04 2.017087332e-04 -1.090712806e-03 -4.886632656e-02
353655.245000000 -2.193802617e-04 -7.942827309e-05 -4.480823500e-04 2.666784781e-03 -9.322710628e-04 -4.827948968e-02
353655.250000000 -2.084538950e-04 -9.038677706e-05 -4.380434420e-04 4.707100500e-03 -6.186897822e-04 -4.777831899e-02
353655.255000000 -1.749427825e-04 -1.084367286e-04 -4.355422273e-04 5.087933788e-03 -4.188156408e-04 -4.808795616e-02
353655.260000000 -1.354318981e-04 -1.282829486e-04 -4.374353922e-04 2.803079580e-03 -6.817413239e-04 -4.770197376e-02
353655.265000000 -1.282647315e-04 -1.414552411e-04 -4.367776856e-04 2.786789439e-04 -1.910295663e-03 -4.781991347e-02
353655.270000000 -1.532590151e-04 -1.322435011e-04 -4.340312832e-04 -9.555581147e-04 -3.183999498e-03 -4.895003253e-02
353655.275000000 -1.865167235e-04 -1.100416584e-04 -4.289933418e-04 -9.453769645e-04 -3.349665147e-03 -4.882050016e-02
353655.280000000 -2.229838860e-04 -9.960348328e-05 -4.214984224e-04 1.995127462e-03 -1.942218091e-03 -4.764426259e-02
353655.285000000 -2.236066159e-04 -1.085463602e-04 -4.161974859e-04 4.650264828e-03 1.922167640e-04 -4.720163399e-02
353655.290000000 -1.854061944e-04 -1.264641305e-04 -4.133932459e-04 4.279338925e-03 1.826144612e-03 -4.699472569e-02
353655.295000000 -1.451564020e-04 -1.451668099e-04 -4.132348783e-04 2.887444493e-03 1.923335808e-03 -4.695225421e-02
353655.300000000 -1.329387342e-04 -1.483719588e-04 -4.155616457e-04 4.498436586e-04 -3.924756015e-04 -4.902289744e-02
353655.305000000 -1.550678620e-04 -1.347837369e-04 -4.156322256e-04 -1.585961601e-03 -2.544020327e-03 -5.044237071e-02
353655.310000000 -1.805281425e-04 -1.142769420e-04 -4.132404536e-04 -1.051418131e-03 -2.922117546e-03 -4.933207690e-02
353655.315000000 -1.891647656e-04 -9.755110260e-05 -4.086578357e-04 1.187794113e-03 -2.439759335e-03 -4.821626453e-02
353655.320000000 -1.742656227e-04 -9.869486899e-05 -4.062723601e-04 3.285027041e-03 -6.908287235e-04 -4.686676421e-02
353655.325000000 -1.454387531e-04 -1.137121423e-04 -4.056549797e-04 3.700110744e-03 4.459320764e-04 -4.566098272e-02
353655.330000000 -1.264406368e-04 -1.257194616e-04 -4.032032038e-04 2.757906802e-03 -3.066300975e-04 -4.628048783e-02
353655.335000000 -1.344546534e-04 -1.300565470e-04 -4.059680648e-04 1.363638701e-03 -1.458410126e-03 -4.828367287e-02
353655.340000000 -1.684733138e-04 -1.225178764e-04 -4.109029072e-04 1.064471981e-05 -2.087033563e-03 -4.926002598e-02
353655.345000000 -1.928432653e-04 -1.107735958e-04 -4.106856649e-04 5.583605593e-04 -1.923067591e-03 -4.896450042e-02
353655.350000000 -1.908891732e-04 -1.098307561e-04 -4.046656596e-04 2.387422797e-03 -1.072315545e-03 -4.857083173e-02
353655.355000000 -1.686668135e-04 -1.280062881e-04 -3.913827284e-04 3.350621172e-03 6.047026733e-04 -4.674158111e-02
353655.360000000 -1.427780259e-04 -1.491730935e-04 -3.838212054e-04 3.184095502e-03 1.158475518e-03 -4.564655072e-02
353655.365000000 -1.301675233e-04 -1.506700234e-04 -3.864748107e-04 1.790134125e-03 -2.385851442e-04 -4.718069346e-02
353655.370000000 -1.274003154e-04 -1.419980490e-04 -3.889280599e-04 -9.940506625e-05 -1.786005491e-03 -4.869033595e-02
353655.375000000 -1.499740762e-04 -1.262449497e-04 -3.864368698e-04 -5.785180900e-04 -3.267972203e-03 -4.939952599e-02
353655.380000000 -1.808893403e-04 -1.086463119e-04 -3.815517250e-04 6.351963132e-04 -3.412080959e-03 -4.964504131e-02
353655.385000000 -1.964208084e-04 -9.668722672e-05 -3.767711873e-04 2.131724091e-03 -1.567076477e-03 -4.842994449e-02
353655.390000000 -2.016550493e-04 -9.875464527e-05 -3.742625624e-04 3.381505595e-03 4.895070315e-04 -4.622941624e-02
353655.395000000 -1.756146767e-04 -1.218551293e-04 -3.734325133e-04 3.272723635e-03 1.235165523e-03 -4.639973861e-02
353655.400000000 -1.348314451e-04 -1.405453174e-04 -3.705567882e-04 1.434604539e-03 2.574319799e-04 -4.807660575e-02
353655.405000000 -1.207941588e-04 -1.424352637e-04 -3.703313920e-04 -1.734547757e-04 -1.548285299e-03 -4.889310412e-02
353655.410000000 -1.309952925e-04 -1.386302741e-04 -3.673212421e-04 -4.113608892e-04 -2.831640091e-03 -4.961348913e-02
353655.415000000 -1.655540586e-04 -1.205640310e-04 -3.599947497e-04 6.452736775e-04 -1.752611140e-03 -4.861113227e-02
353655.420000000 -1.926431519e-04 -1.041033643e-04 -3.552956611e-04 2.602060484e-03 4.725124544e-04 -4.591189436e-02
353655.425000000 -1.886530855e-04 -1.076264901e-04 -3.527533573e-04 4.280812790e-03 1.479216126e-03 -4.468495871e-02
353655.430000000 -1.676573418e-04 -1.230952447e-04 -3.525584144e-04 4.246343279e-03 1.336957218e-03 -4.575148219e-02
353655.435000000 -1.238758377e-04 -1.367517694e-04 -3.551292667e-04 1.496994456e-03 -6.725651736e-04 -4.782344701e-02
353655.440000000 -1.061039174e-04 -1.328512680e-04 -3.606152552e-04 -8.292221276e-04 -3.035816778e-03 -4.976707645e-02
353655.445000000 -1.310451325e-04 -1.178001245e-04 -3.661235417e-04 -1.055849842e-03 -3.425786823e-03 -5.093242888e-02
353655.450000000 -1.626676423e-04 -1.055084621e-04 -3.684705943e-04 -5.945427794e-04 -1.953367419e-03 -4.999156223e-02
353655.455000000 -1.846941837e-04 -9.597262981e-05 -3.631766659e-04 2.387995796e-03 7.670367652e-04 -4.682278162e-02
353655.460000000 -1.774434129e-04 -9.670262968e-05 -3.557692565e-04 4.980826057e-03 2.414624850e-03 -4.539663365e-02
353655.465000000 -1.451711716e-04 -1.121028044e-04 -3.557838498e-04 4.111049835e-03 2.123528984e-03 -4.605823039e-02
353655.470000000 -1.138075141e-04 -1.292342569e-04 -3.606842051e-04 2.021519722e-03 5.898615272e-04 -4.686981057e-02
353655.475000000 -9.727840814e-05 -1.334142907e-04 -3.655644633e-04 -1.841836615e-04 -2.536822334e-03 -4.968406356e-02
353655.480000000 -1.127415593e-04 -1.254358460e-04 -3.655725508e-04 -1.175788270e-03 -4.041785972e-03 -5.118820617e-02
353655.485000000 -1.550349257e-04 -1.132103863e-04 -3.629791867e-04 -6.802568573e-05 -2.549437761e-03 -4.904593544e-02
353655.490000000 -1.871938099e-04 -1.043735169e-04 -3.579976180e-04 2.270935898e-03 -5.397008661e-04 -4.692887891e-02
353655.495000000 -1.796070538e-04 -1.126193814e-04 -3.554651872e-04 3.605717922e-03 1.133406789e-03 -4.579520103e-02
353655.500000000 -1.425445545e-04 -1.276132887e-04 -3.576178873e-04 3.016034158e-03 1.118678942e-03 -4.574991215e-02
353655.505000000 -1.141751660e-04 -1.399159850e-04 -3.573368242e-04 1.448286151e-03 -5.712321118e-04 -4.741964562e-02
353655.510000000 -1.055242098e-04 -1.458832912e-04 -3.568603332e-04 -6.172639150e-04 -1.985396493e-03 -4.967148191e-02
353655.515000000 -1.307517297e-04 -1.246936489e-04 -3.520936962e-04 -1.398263840e-03 -1.647448570e-03 -4.960639040e-02
353655.520000000 -1.672650975e-04 -9.991307660e-05 -3.475677388e-04 3.024722362e-04 -3.704246638e-04 -4.787435916e-02
353655.525000000 -1.821261987e-04 -9.281536318e-05 -3.449190211e-04 2.767913463e-03 4.723725156e-04 -4.670302723e-02
353655.530000000 -1.751759953e-04 -9.652248665e-05 -3.396658567e-04 4.205337704e-03 5.001007083e-04 -4.605338236e-02
353655.535000000 -1.426538053e-04 -1.222849120e-04 -3.366412358e-04 3.796523903e-03 -1.396073109e-03 -4.712735573e-02
353655.540000000 -1.116736940e-04 -1.468859054e-04 -3.385159643e-04 1.776572043e-03 -3.454044634e-03 -4.940096906e-02
353655.545000000 -1.074778193e-04 -1.488648074e-04 -3.386091398e-04 -6.614483999e-04 -3.648263585e-03 -5.049464107e-02
353655.550000000 -1.247779218e-04 -1.405247241e-04 -3.414710764e-04 -2.047262541e-03 -2.583723501e-03 -4.971776037e-02
353655.555000000 -1.621308175e-04 -1.175310786e-04 -3.442749082e-04 -5.823157206e-04 -6.416969286e-04 -4.778027909e-02
353655.560000000 -1.903522238e-04 -9.534303785e-05 -3.396710554e-04 2.033941564e-03 9.258946533e-04 -4.628027597e-02
353655.565000000 -1.891150766e-04 -9.577163193e-05 -3.368722071e-04 3.523349043e-03 1.305904859e-03 -4.573562492e-02
353655.570000000 -1.634737866e-04 -1.059071802e-04 -3.315899508e-04 4.214127425e-03 5.753436423e-04 -4.666671473e-02
353655.575000000 -1.107171309e-04 -1.205129403e-04 -3.315817930e-04 1.944823241e-03 -6.989616995e-04 -4.894386464e-02
353655.580000000 -7.554233662e-05 -1.323808235e-04 -3.363913637e-04 -1.199488050e-03 -1.490247364e-03 -4.960797788e-02
353655.585000000 -8.737849800e-05 -1.294978195e-04 -3.365659300e-04 -1.784067903e-03 -1.999926485e-03 -4.887127568e-02
353655.590000000 -1.228648801e-04 -1.166224313e-04 -3.392601830e-04 -1.226494129e-03 -2.330713914e-03 -4.847409854e-02
353655.595000000 -1.700429603e-04 -9.452925491e-05 -3.368724061e-04 1.514760043e-03 -1.785030648e-03 -4.671019764e-02
353655.600000000 -1.892632333e-04 -9.036700884e-05 -3.292004138e-04 4.628504668e-03 -1.131989620e-03 -4.546482262e-02
353655.605000000 -1.617310459e-04 -1.055909058e-04 -3.264024878e-04 5.069420317e-03 -8.157224209e-04 -4.650290359e-02
353655.610000000 -1.226177193e-04 -1.208282964e-04 -3.286153897e-04 3.466597410e-03 -4.684290205e-04 -4.761574504e-02
353655.615000000 -1.103547273e-04 -1.384897078e-04 -3.280132524e-04 4.013456079e-04 -6.342926585e-04 -4.865638545e-02
353655.620000000 -1.317904997e-04 -1.407999941e-04 -3.251191186e-04 -1.776064230e-03 -7.692144385e-04 -4.967989965e-02
353655.625000000 -1.584122083e-04 -1.250864217e-04 -3.201856387e-04 -1.844262879e-03 -6.214655025e-04 -4.943604409e-02
353655.630000000 -1.763648111e-04 -1.046718636e-04 -3.153267049e-04 -2.661653852e-04 -7.471581922e-04 -4.813004988e-02
353655.635000000 -1.649097681e-04 -9.963529354e-05 -3.075288160e-04 2.961112322e-03 -1.190103932e-03 -4.753768987e-02
353655.640000000 -1.301717260e-04 -1.146279236e-04 -2.995086097e-04 4.179750409e-03 -1.380246258e-03 -4.728148652e-02
353655.645000000 -1.009885230e-04 -1.321755969e-04 -2.989806618e-04 2.436605048e-03 -1.357696729e-03 -4.665923013e-02
353655.650000000 -8.679713554e-05 -1.387284931e-04 -2.962586040e-04 5.309969723e-04 -2.119740387e-03 -4.693788054e-02
353655.655000000 -1.279075874e-04 -1.181381380e-04 -2.968414453e-04 -1.299233284e-03 -2.627071277e-03 -4.816160684e-02
353655.660000000 -1.883001198e-04 -9.099583676e-05 -2.998660518e-04 -1.389065033e-03 -2.243316323e-03 -4.844390845e-02
353655.665000000 -2.063651023e-04 -8.086662356e-05 -2.947921361e-04 1.146061764e-03 -1.754638709e-03 -4.828044521e-02
353655.670000000 -2.001912735e-04 -7.862206730e-05 -2.895663391e-04 3.661737498e-03 -1.099970226e-03 -4.876197335e-02
353655.675000000 -1.648800245e-04 -9.914478413e-05 -2.836624955e-04 4.427874409e-03 -3.146567358e-05 -4.785753724e-02
353655.680000000 -1.226045707e-04 -1.266798421e-04 -2.751500591e-04 3.408332064e-03 3.754775629e-04 -4.696330016e-02
353655.685000000 -1.121977200e-04 -1.393540478e-04 -2.723681684e-04 1.025834836e-03 -2.205012947e-04 -4.755225424e-02
353655.690000000 -1.205616913e-04 -1.416685368e-04 -2.776660710e-04 -1.363410751e-03 -1.101225962e-03 -4.809630973e-02
353655.695000000 -1.451283520e-04 -1.184159205e-04 -2.860513982e-04 -1.231799997e-03 -3.027129196e-03 -4.867695214e-02
353655.700000000 -1.720279059e-04 -9.026984796e-05 -2.866716892e-04 9.842254077e-04 -4.327972029e-03 -4.917373241e-02
353655.705000000 -1.854777487e-04 -8.009780593e-05 -2.816178913e-04 2.929925487e-03 -3.240127656e-03 -4.851089428e-02
353655.710000000 -1.954215227e-04 -8.342894659e-05 -2.762938713e-04 4.098743067e-03 -9.581138813e-04 -4.685799285e-02
353655.715000000 -1.782032826e-04 -1.122282657e-04 -2.755523176e-04 3.103940800e-03 1.334892098e-03 -4.666112935e-02
353655.720000000 -1.354768319e-04 -1.372181852e-04 -2.775924831e-04 5.625941920e-05 1.566485162e-03 -4.796388095e-02
353655.725000000 -1.122855654e-04 -1.312287147e-04 -2.805000071e-04 -2.141091332e-03 -4.028905247e-04 -4.903636497e-02
353655.730000000 -1.188853022e-04 -1.153606273e-04 -2.833070058e-04 -1.951805595e-03 -2.643721485e-03 -4.993333275e-02
353655.735000000 -1.725488615e-04 -9.239227472e-05 -2.705744271e-04 8.192014038e-04 -2.602236319e-03 -4.919233755e-02
353655.740000000 -2.221749395e-04 -7.772495570e-05 -2.604255637e-04 3.810301779e-03 2.202756676e-05 -4.651899132e-02
353655.745000000 -2.027854087e-04 -8.812650820e-05 -2.601267710e-04 4.965164201e-03 2.262035523e-03 -4.468928346e-02
353655.750000000 -1.518521258e-04 -1.107817978e-04 -2.569896860e-04 4.281109704e-03 2.430699031e-03 -4.504446712e-02
353655.755000000 -1.095049635e-04 -1.334169892e-04 -2.564059944e-04 8.729087270e-04 -1.057602548e-03 -4.747357431e-02
353655.760000000 -1.180819703e-04 -1.358926638e-04 -2.536463704e-04 -1.661122002e-03 -5.008503664e-03 -5.033325527e-02
353655.765000000 -1.742593324e-04 -1.185055480e-04 -2.513724332e-04 -1.216107035e-03 -5.443758105e-03 -5.179391451e-02
353655.770000000 -2.244850861e-04 -1.012457623e-04 -2.516765231e-04 -9.732070401e-05 -3.341074570e-03 -5.073521318e-02
353655.775000000 -2.134767551e-04 -9.833461946e-05 -2.464746994e-04 2.975923211e-03 9.219029586e-04 -4.699437223e-02
353655.780000000 -1.655053279e-04 -1.103168259e-04 -2.409996130e-04 5.178874157e-03 3.589201933e-03 -4.487784991e-02
353655.785000000 -1.361883118e-04 -1.202393047e-04 -2.407701564e-04 3.675365531e-03 2.866256475e-03 -4.558623240e-02
353655.790000000 -1.255180246e-04 -1.277646361e-04 -2.378984329e-04 1.255849568e-03 1.223032377e-03 -4.675746273e-02
353655.795000000 -1.337085622e-04 -1.196734933e-04 -2.327984673e-04 -9.214557006e-04 -1.498175669e-03 -4.972096170e-02
353655.800000000 -1.475644044e-04 -9.330155272e-05 -2.282390174e-04 -1.340800568e-03 -3.227308471e-03 -5.158364610e-02
353655.805000000 -1.559173886e-04 -7.754368832e-05 -2.260620021e-04 5.325671983e-04 -2.743371263e-03 -4.989115929e-02
353655.810000000 -1.692123792e-04 -7.811221247e-05 -2.313174679e-04 3.236887779e-03 -1.566754658e-03 -4.733486784e-02
353655.815000000 -1.792226489e-04 -1.023896894e-04 -2.332101158e-04 4.339422200e-03 5.524766174e-04 -4.495389370e-02
353655.820000000 -1.625063949e-04 -1.338541663e-04 -2.323342219e-04 3.040643292e-03 1.604661744e-03 -4.455416692e-02
353655.825000000 -1.303826924e-04 -1.438075324e-04 -2.347910460e-04 1.276646258e-03 4.115140045e-04 -4.692113027e-02
353655.830000000 -1.118569052e-04 -1.408896442e-04 -2.402518198e-04 -4.248307504e-04 -1.205686504e-03 -4.991577714e-02
353655.835000000 -1.415142960e-04 -1.231510478e-04 -2.460086632e-04 -8.707931575e-04 -1.293835906e-03 -5.045657742e-02
353655.840000000 -1.792226736e-04 -1.025831565e-04 -2.412009118e-04 6.991880625e-04 2.850856198e-04 -4.853442336e-02
353655.845000000 -1.849278191e-04 -8.633611239e-05 -2.283901332e-04 2.908095526e-03 2.104749042e-03 -4.666433863e-02
353655.850000000 -1.743356376e-04 -8.585927938e-05 -2.230910911e-04 4.532781723e-03 3.301581635e-03 -4.523884176e-02
353655.855000000 -1.258649137e-04 -1.193303412e-04 -2.275219737e-04 3.649920973e-03 1.308910929e-03 -4.603486670e-02
353655.860000000 -7.481136190e-05 -1.422196500e-04 -2.296657434e-04 8.583485058e-04 -2.320850951e-03 -4.896300910e-02
353655.865000000 -6.935836693e-05 -1.369348925e-04 -2.298528338e-04 -1.566152173e-03 -4.263575324e-03 -5.085591317e-02
353655.870000000 -1.040644943e-04 -1.191403585e-04 -2.276391703e-04 -2.329119661e-03 -4.140711828e-03 -5.051994000e-02
353655.875000000 -1.787791320e-04 -9.426858519e-05 -2.254951607e-04 4.731275052e-04 -4.850455651e-04 -4.800743252e-02
353655.880000000 -2.192155826e-04 -8.426117313e-05 -2.203827667e-04 3.692336124e-03 3.492132772e-03 -4.515079475e-02
353655.885000000 -1.824164287e-04 -9.629881498e-05 -2.148135894e-04 4.627110916e-03 4.246767397e-03 -4.408717000e-02
353655.890000000 -1.235482484e-04 -1.212846338e-04 -2.115644429e-04 4.447487133e-03 2.647577677e-03 -4.539317157e-02
353655.895000000 -8.559217522e-05 -1.416482417e-04 -2.084118876e-04 1.531164343e-03 -5.556608005e-04 -4.904613056e-02
353655.900000000 -9.556002376e-05 -1.447667100e-04 -2.082578297e-04 -1.621976564e-03 -2.345188281e-03 -5.092979791e-02
353655.905000000 -1.300441055e-04 -1.351131759e-04 -2.084419850e-04 -1.878174871e-03 -1.710110255e-03 -4.975109547e-02
353655.910000000 -1.519843989e-04 -1.145121836e-04 -2.089887240e-04 -7.407898100e-04 -3.336617323e-04 -4.796629342e-02
353655.915000000 -1.502320012e-04 -9.041739651e-05 -2.044777418e-04 2.173265091e-03 6.892715696e-04 -4.525351343e-02
353655.920000000 -1.371678226e-04 -8.692989991e-05 -1.992991611e-04 4.975120423e-03 2.229559565e-04 -4.470840739e-02
353655.925000000 -1.259589769e-04 -1.102196631e-04 -2.011624782e-04 4.506442705e-03 -8.991449446e-04 -4.718512339e-02
353655.930000000 -1.147843407e-04 -1.339751840e-04 -2.031505110e-04 1.719605860e-03 -1.378508806e-03 -4.925176899e-02
353655.935000000 -9.899160331e-05 -1.314658422e-04 -2.033216991e-04 -1.174222383e-03 -1.037457623e-03 -5.016878656e-02
353655.940000000 -1.017354518e-04 -1.105470538e-04 -2.013317756e-04 -1.949387628e-03 -2.274345232e-04 -4.981103883e-02
353655.945000000 -1.308483586e-04 -9.255902081e-05 -2.017196882e-04 -5.039361712e-04 5.801216451e-04 -4.811144540e-02
353655.950000000 -1.498826174e-04 -8.479102304e-05 -2.018989253e-04 1.855653216e-03 9.822584082e-04 -4.581872700e-02
353655.955000000 -1.291813888e-04 -9.953523683e-05 -1.963262233e-04 3.998120536e-03 -2.206677648e-05 -4.579927259e-02
353655.960000000 -9.178797785e-05 -1.223197241e-04 -1.930376663e-04 3.543575501e-03 -1.544529276e-03 -4.739139033e-02
353655.965000000 -7.506514676e-05 -1.329744043e-04 -1.952964102e-04 1.126883259e-03 -2.235734198e-03 -4.823572739e-02
353655.970000000 -8.500426564e-05 -1.335667677e-04 -1.979097638e-04 -5.300511858e-04 -2.280775004e-03 -4.939781454e-02
353655.975000000 -1.193316471e-04 -1.162647119e-04 -1.983916933e-04 -1.540365665e-03 -1.090205742e-03 -4.925474234e-02
353655.980000000 -1.442233089e-04 -8.789393874e-05 -1.991604880e-04 -5.888579842e-04 -2.251264875e-06 -4.755020268e-02
353655.985000000 -1.555898977e-04 -7.165731683e-05 -1.944485402e-04 2.454779868e-03 -1.709161612e-04 -4.689387326e-02
353655.990000000 -1.583715155e-04 -7.615002494e-05 -1.864080065e-04 4.479213513e-03 -2.982948772e-04 -4.737165283e-02
353655.995000000 -1.189680492e-04 -1.111198063e-04 -1.749398143e-04 3.377750509e-03 -2.011979189e-04 -4.772322693e-02
353656.000000000 -6.810261508e-05 -1.393568179e-04 -1.713330075e-04 6.313381885e-04 -8.838928487e-04 -4.838792138e-02
353656.005000000 -5.124963563e-05 -1.297052649e-04 -1.741647674e-04 -1.557591937e-03 -2.103735215e-03 -4.958320066e-02
353656.010000000 -7.162160393e-05 -1.144046836e-04 -1.746415497e-04 -2.699102940e-03 -2.816000750e-03 -4.959563809e-02
353656.015000000 -1.396638242e-04 -8.970155428e-05 -1.726131265e-04 -3.970012923e-04 -2.762653868e-03 -4.818729182e-02
353656.020000000 -1.914507540e-04 -6.405846295e-05 -1.654304478e-04 3.353307364e-03 -1.845443221e-03 -4.710235086e-02
353656.025000000 -1.854346613e-04 -7.053912014e-05 -1.624040281e-04 4.882722789e-03 -5.768744746e-04 -4.657803502e-02
353656.030000000 -1.305848310e-04 -1.052162571e-04 -1.563243688e-04 3.558353705e-03 -2.792850563e-04 -4.709022427e-02
353656.035000000 -8.426958027e-05 -1.335247244e-04 -1.503001135e-04 4.718208923e-04 -9.896796341e-04 -4.870850083e-02
353656.040000000 -9.530510662e-05 -1.323688830e-04 -1.500950249e-04 -2.057945007e-03 -1.454918449e-03 -4.949383586e-02
353656.045000000 -1.244361447e-04 -1.100615828e-04 -1.532206399e-04 -2.736114315e-03 -1.562470461e-03 -4.903136656e-02
353656.050000000 -1.569982011e-04 -7.662266132e-05 -1.516836590e-04 -4.359450038e-05 -1.959797159e-03 -4.828657357e-02
353656.055000000 -1.715139407e-04 -5.750219811e-05 -1.469983898e-04 3.302326252e-03 -2.090656802e-03 -4.737840457e-02
353656.060000000 -1.566109951e-04 -6.652133051e-05 -1.465477707e-04 4.738941253e-03 -1.665958221e-03 -4.629871582e-02
353656.065000000 -1.349875593e-04 -9.197879146e-05 -1.483951638e-04 4.553087940e-03 -1.389856156e-03 -4.626846086e-02
353656.070000000 -1.208522577e-04 -1.132473384e-04 -1.504658971e-04 1.034330754e-03 -1.102129365e-03 -4.753363073e-02
353656.075000000 -1.254657064e-04 -1.068996210e-04 -1.558304352e-04 -2.233686021e-03 -1.213431098e-03 -4.885879086e-02
353656.080000000 -1.490580322e-04 -8.443871304e-05 -1.617485985e-04 -1.786667783e-03 -1.939265344e-03 -4.978837173e-02
353656.085000000 -1.708747475e-04 -6.592956098e-05 -1.574278574e-04 2.566313402e-05 -2.524790498e-03 -5.018677197e-02
353656.090000000 -1.796267584e-04 -5.999041327e-05 -1.522571741e-04 3.234652321e-03 -1.644457659e-03 -4.859047989e-02
353656.095000000 -1.670508193e-04 -7.441235211e-05 -1.465552745e-04 5.684949920e-03 -1.049631889e-04 -4.686837750e-02
353656.100000000 -1.379572139e-04 -1.021287700e-04 -1.404973484e-04 4.752656200e-03 4.455089251e-04 -4.687651193e-02
353656.105000000 -1.157873757e-04 -1.234509516e-04 -1.446946787e-04 2.002305139e-03 2.609001688e-04 -4.722277453e-02
353656.110000000 -1.223703070e-04 -1.173500417e-04 -1.501774219e-04 -8.125379529e-04 -1.520793799e-03 -4.862968052e-02
353656.115000000 -1.509371412e-04 -9.738136671e-05 -1.484550886e-04 -1.517095172e-03 -3.480512243e-03 -5.056134769e-02
353656.120000000 -1.805419932e-04 -8.174744875e-05 -1.461709031e-04 2.265411598e-05 -3.660546516e-03 -5.057403565e-02
353656.125000000 -2.025522626e-04 -6.873414960e-05 -1.438365773e-04 2.374490337e-03 -2.561218192e-03 -4.876927290e-02
353656.130000000 -1.983555052e-04 -8.525535985e-05 -1.381915456e-04 4.227371947e-03 -3.646698444e-05 -4.703389762e-02
353656.135000000 -1.646966764e-04 -1.178746899e-04 -1.295030676e-04 3.379036040e-03 1.671712540e-03 -4.647618574e-02
353656.140000000 -1.274091283e-04 -1.263611414e-04 -1.238864498e-04 1.030409152e-03 7.928450726e-04 -4.712131776e-02
353656.145000000 -1.152390655e-04 -1.241162609e-04 -1.261739367e-04 -3.780800572e-04 -1.302408170e-03 -4.904390239e-02
353656.150000000 -1.500743942e-04 -1.023898066e-04 -1.293762715e-04 -4.686283093e-04 -3.067704859e-03 -5.042572202e-02
353656.155000000 -1.979349587e-04 -7.441508880e-05 -1.252402651e-04 1.288361848e-03 -3.037545464e-03 -4.927035435e-02
353656.160000000 -2.209991102e-04 -6.797641806e-05 -1.200418181e-04 3.874848235e-03 -1.534979641e-03 -4.739753700e-02
353656.165000000 -2.146568036e-04 -7.735609369e-05 -1.169594237e-04 5.233020810e-03 2.628459705e-04 -4.617338229e-02
353656.170000000 -1.661458313e-04 -1.093160815e-04 -1.184651566e-04 3.911371450e-03 8.118890772e-04 -4.588325948e-02
353656.175000000 -1.274853062e-04 -1.332176619e-04 -1.230189209e-04 1.383986116e-03 -5.632210673e-04 -4.751091613e-02
353656.180000000 -1.375792610e-04 -1.276758802e-04 -1.259837925e-04 -4.607089142e-04 -2.219320391e-03 -5.005364339e-02
353656.185000000 -1.685267500e-04 -1.155439925e-04 -1.289126476e-04 -1.396439879e-03 -2.670660267e-03 -5.117357784e-02
353656.190000000 -1.983632321e-04 -9.792525385e-05 -1.270517603e-04 6.419988772e-04 -1.432817373e-03 -4.985118939e-02
353656.195000000 -2.031722061e-04 -8.428339805e-05 -1.247822013e-04 3.591178380e-03 4.618272678e-04 -4.766486128e-02
353656.200000000 -1.833231968e-04 -9.532227246e-05 -1.267986233e-04 4.217028879e-03 1.615821571e-03 -4.584377476e-02
353656.205000000 -1.566513364e-04 -1.154941701e-04 -1.289392557e-04 3.497963935e-03 1.459009802e-03 -4.487618609e-02
353656.210000000 -1.373166246e-04 -1.214381707e-04 -1.265451364e-04 1.217873396e-03 -7.706441908e-04 -4.716532972e-02
353656.215000000 -1.435096714e-04 -1.146478413e-04 -1.289932971e-04 -9.985542117e-04 -2.987279841e-03 -5.012375103e-02
353656.220000000 -1.690816673e-04 -1.000515882e-04 -1.344766218e-04 -8.499326783e-04 -3.409649200e-03 -5.074717106e-02
353656.225000000 -1.911670843e-04 -8.216750909e-05 -1.353378985e-04 7.912467239e-04 -2.796472109e-03 -5.010806273e-02
353656.230000000 -2.002340581e-04 -7.842571552e-05 -1.329670444e-04 2.962514393e-03 -4.572380917e-04 -4.733404470e-02
353656.235000000 -1.930357660e-04 -9.759900762e-05 -1.297582960e-04 4.232238077e-03 1.449661449e-03 -4.463062956e-02
353656.240000000 -1.820047230e-04 -1.235094467e-04 -1.288158296e-04 3.726662117e-03 1.010279900e-03 -4.499708353e-02
353656.245000000 -1.733850766e-04 -1.425414058e-04 -1.282760521e-04 2.096282331e-03 -2.131005835e-04 -4.719091249e-02
353656.250000000 -1.702597933e-04 -1.438792392e-04 -1.258007980e-04 -9.734984999e-05 -1.462584308e-03 -4.909586850e-02
353656.255000000 -1.825886877e-04 -1.293320042e-04 -1.210934979e-04 -6.345551362e-04 -2.024425348e-03 -4.966292505e-02
353656.260000000 -1.962921790e-04 -1.110121386e-04 -1.138413157e-04 7.632902215e-04 -1.463783072e-03 -4.909523688e-02
353656.265000000 -2.025579932e-04 -9.708667868e-05 -1.038227309e-04 2.087313719e-03 -1.601060080e-04 -4.717794233e-02
353656.270000000 -2.027448825e-04 -1.080467143e-04 -1.001683779e-04 3.182873282e-03 3.983320151e-04 -4.583371764e-02
353656.275000000 -1.876806943e-04 -1.283717780e-04 -1.018231132e-04 2.616696556e-03 -5.608872936e-04 -4.709904392e-02
353656.280000000 -1.691422238e-04 -1.346248122e-04 -1.019184729e-04 3.959703775e-04 -2.108512605e-03 -4.908625658e-02
353656.285000000 -1.627334212e-04 -1.326631048e-04 -1.068496750e-04 -8.063504921e-04 -3.426906878e-03 -5.030418832e-02
353656.290000000 -1.967202177e-04 -1.114918760e-04 -1.102742155e-04 -3.205659790e-04 -2.553305020e-03 -4.994938557e-02
353656.295000000 -2.392920755e-04 -9.081452784e-05 -1.061466965e-04 9.800351486e-04 5.360011639e-04 -4.713244160e-02
353656.300000000 -2.382161634e-04 -9.106891727e-05 -9.840711457e-05 2.554187488e-03 2.828448893e-03 -4.394496866e-02
353656.305000000 -2.085985153e-04 -9.535577494e-05 -9.522480496e-05 3.679903076e-03 2.994574350e-03 -4.334158638e-02
353656.310000000 -1.713669615e-04 -1.168535550e-04 -9.928905345e-05 2.389558190e-03 3.630960646e-04 -4.607524822e-02
353656.315000000 -1.577892328e-04 -1.381597752e-04 -1.016008484e-04 1.606697403e-04 -2.890940352e-03 -4.934549835e-02
353656.320000000 -1.689236819e-04 -1.355797462e-04 -1.018907525e-04 -6.788337814e-04 -3.986383871e-03 -5.117167997e-02
353656.325000000 -1.897255874e-04 -1.236009350e-04 -1.045911978e-04 -9.489160155e-04 -3.142377025e-03 -5.132023731e-02
353656.330000000 -2.163300597e-04 -1.013977502e-04 -1.078321971e-04 8.603282112e-04 -3.293713870e-04 -4.785210454e-02
353656.335000000 -2.263181647e-04 -9.211699403e-05 -1.083322572e-04 3.446257589e-03 2.056774602e-03 -4.446509503e-02
353656.340000000 -2.051228250e-04 -1.076611678e-04 -1.079335353e-04 3.572467949e-03 2.159520449e-03 -4.448079792e-02
353656.345000000 -1.736218475e-04 -1.229856178e-04 -1.027795038e-04 2.104601944e-03 1.056244034e-03 -4.585609593e-02
353656.350000000 -1.608403248e-04 -1.241742677e-04 -9.985485676e-05 -1.825162364e-04 -8.237925659e-04 -4.865964023e-02
353656.355000000 -1.720716659e-04 -1.100701058e-04 -9.998128277e-05 -1.757321396e-03 -1.569133211e-03 -5.067926045e-02
353656.360000000 -1.928899189e-04 -9.444646322e-05 -9.560119661e-05 -1.404816173e-03 -4.934297109e-04 -4.962384575e-02
353656.365000000 -2.120121677e-04 -8.354832963e-05 -9.055208558e-05 3.664719328e-04 7.022242901e-04 -4.725147684e-02
353656.370000000 -2.019709731e-04 -8.435103826e-05 -8.285867672e-05 3.018612856e-03 7.704851766e-04 -4.581552648e-02
353656.375000000 -1.738115761e-04 -1.076910177e-04 -7.903440896e-05 3.757330021e-03 -3.733635056e-04 -4.575889207e-02
353656.380000000 -1.606305569e-04 -1.340424528e-04 -8.039716697e-05 2.051813646e-03 -1.555322025e-03 -4.650545638e-02
353656.385000000 -1.569586133e-04 -1.415291530e-04 -8.046528595e-05 8.951369553e-05 -2.150012614e-03 -4.799255884e-02
353656.390000000 -1.713283057e-04 -1.232829923e-04 -7.621808620e-05 -1.555869355e-03 -1.222238249e-03 -4.868084742e-02
353656.395000000 -1.950924434e-04 -9.282486175e-05 -6.936046820e-05 -1.201372914e-03 5.008152344e-04 -4.765149925e-02
353656.400000000 -2.124085683e-04 -7.070489540e-05 -6.673099515e-05 1.313516498e-03 1.555563471e-03 -4.641333446e-02
353656.405000000 -2.236727777e-04 -6.854677534e-05 -6.410615213e-05 3.411956412e-03 2.246052925e-03 -4.594168206e-02
353656.410000000 -1.841282028e-04 -9.111012669e-05 -5.852993500e-05 3.242979761e-03 1.500577399e-03 -4.662716866e-02
353656.415000000 -1.264819521e-04 -1.162639629e-04 -5.499872595e-05 1.405402337e-03 -5.838198340e-04 -4.860148447e-02
353656.420000000 -1.150828511e-04 -1.214139010e-04 -5.694007368e-05 -7.388017925e-04 -1.990118780e-03 -5.040170064e-02
353656.425000000 -1.288921584e-04 -1.103342487e-04 -5.988868252e-05 -2.365469132e-03 -2.190446964e-03 -5.024236740e-02
353656.430000000 -1.737036213e-04 -8.397686548e-05 -6.084098041e-05 -1.054099178e-03 -1.171194256e-03 -4.799249609e-02
353656.435000000 -2.152426909e-04 -5.334216485e-05 -6.162748134e-05 2.002062059e-03 3.372944346e-04 -4.583173098e-02
353656.440000000 -2.130092807e-04 -4.480578696e-05 -5.954004071e-05 3.814369374e-03 1.252932471e-03 -4.478956378e-02
353656.445000000 -1.882459271e-04 -6.002533026e-05 -5.884619108e-05 4.520757719e-03 1.215051200e-03 -4.501182927e-02
353656.450000000 -1.492694808e-04 -8.967298578e-05 -6.511427386e-05 2.401621076e-03 2.248138569e-04 -4.813642625e-02
353656.455000000 -1.322876500e-04 -1.120011355e-04 -7.013793434e-05 -1.142221646e-03 -2.290237705e-04 -5.094998406e-02
353656.460000000 -1.540830039e-04 -1.126639465e-04 -6.835178053e-05 -2.425415163e-03 4.052301905e-04 -5.082838604e-02
353656.465000000 -1.810384165e-04 -9.645390462e-05 -6.375767252e-05 -1.654640855e-03 1.067126663e-03 -5.005550928e-02
353656.470000000 -1.825343559e-04 -7.070628685e-05 -5.920220451e-05 1.099476485e-03 1.587617679e-03 -4.793410888e-02
353656.475000000 -1.543556560e-04 -6.441851833e-05 -5.881655199e-05 3.900244945e-03 1.087699117e-03 -4.574310556e-02
353656.480000000 -1.220913997e-04 -7.965145746e-05 -5.846513675e-05 4.420420641e-03 -6.441659171e-04 -4.621721436e-02
353656.485000000 -1.084220453e-04 -9.553662783e-05 -5.570406656e-05 2.870740748e-03 -1.799893977e-03 -4.809557392e-02
353656.490000000 -1.372322863e-04 -9.821059368e-05 -5.520558204e-05 1.901427987e-04 -9.895844631e-04 -4.937776647e-02
353656.495000000 -1.744496262e-04 -8.514313214e-05 -5.548302834e-05 -1.126769875e-03 7.120453650e-04 -5.012719810e-02
353656.500000000 -1.818219263e-04 -7.160883702e-05 -5.354614691e-05 -5.671908531e-04 1.692478468e-03 -5.035835946e-02
353656.505000000 -1.754573308e-04 -6.032707680e-05 -4.892524846e-05 8.975376828e-04 1.858153340e-03 -4.934889597e-02
353656.510000000 -1.603563372e-04 -6.766724219e-05 -4.343615400e-05 3.281995110e-03 9.386927324e-04 -4.829392588e-02
353656.515000000 -1.414180074e-04 -9.618174894e-05 -3.732939671e-05 3.846211930e-03 1.124866555e-04 -4.803148106e-02
353656.520000000 -1.245448361e-04 -1.206670460e-04 -3.364301463e-05 1.903441921e-03 4.911169728e-04 -4.769399029e-02
353656.525000000 -1.153271751e-04 -1.281510406e-04 -3.079267494e-05 1.238413264e-04 9.497146626e-04 -4.748499264e-02
353656.530000000 -1.260776520e-04 -1.153561861e-04 -3.308367487e-05 -7.077460547e-04 7.017770538e-04 -4.852645342e-02
353656.535000000 -1.468048179e-04 -9.306912511e-05 -3.634977160e-05 -3.201486759e-04 1.531709400e-04 -4.918633418e-02
353656.540000000 -1.616076519e-04 -7.395016652e-05 -3.263426654e-05 1.469626335e-03 -2.215211712e-04 -4.881958742e-02
353656.545000000 -1.636309389e-04 -6.439804016e-05 -2.759606462e-05 3.666807734e-03 -3.569920327e-04 -4.907075820e-02
353656.550000000 -1.379719488e-04 -8.338319057e-05 -2.866687655e-05 3.236044511e-03 5.496967783e-04 -4.876774695e-02
353656.555000000 -1.012167044e-04 -1.113596406e-04 -3.747754554e-05 8.468788370e-04 1.339506123e-03 -4.791265904e-02
353656.560000000 -7.754451820e-05 -1.195739479e-04 -4.107679166e-05 -5.537278617e-04 6.879170197e-04 -4.812084769e-02
353656.565000000 -7.479780010e-05 -1.087723274e-04 -3.948856808e-05 -1.237668234e-03 -4.940558653e-04 -4.879525330e-02
353656.570000000 -1.233895954e-04 -8.069264065e-05 -4.208525807e-05 2.197828700e-04 -9.970272339e-04 -4.812586970e-02
353656.575000000 -1.797675144e-04 -5.930367218e-05 -4.521344006e-05 3.028503253e-03 -3.410563799e-04 -4.721852481e-02
353656.580000000 -1.807807949e-04 -6.540466342e-05 -4.540844451e-05 4.183399289e-03 8.508247936e-04 -4.734548984e-02
353656.585000000 -1.426217626e-04 -9.107958156e-05 -4.475923632e-05 3.465220893e-03 1.637971210e-03 -4.730919129e-02
353656.590000000 -9.028639989e-05 -1.214473877e-04 -4.628384141e-05 1.118898223e-03 3.364973833e-04 -4.840500460e-02
353656.595000000 -7.770655142e-05 -1.327938209e-04 -5.091321171e-05 -1.081501638e-03 -1.601617602e-03 -5.022868316e-02
353656.600000000 -1.135626944e-04 -1.190180483e-04 -5.426579704e-05 -1.501513637e-03 -1.987401826e-03 -5.018908286e-02
353656.605000000 -1.565571582e-04 -9.901218950e-05 -5.059749667e-05 -3.068911238e-04 -1.526240123e-03 -4.883484579e-02
353656.610000000 -1.678064146e-04 -8.235943371e-05 -4.573767905e-05 2.045463394e-03 -2.194787956e-04 -4.721083370e-02
353656.615000000 -1.324905948e-04 -7.904639899e-05 -4.288863553e-05 3.238431374e-03 9.117957296e-04 -4.563059666e-02
353656.620000000 -9.640356367e-05 -9.159253486e-05 -3.770706576e-05 2.501652214e-03 7.828211552e-04 -4.496506770e-02
353656.625000000 -9.084349026e-05 -1.051367192e-04 -3.651155241e-05 1.030942713e-03 1.289762690e-04 -4.594115570e-02
353656.630000000 -1.246111452e-04 -1.055548495e-04 -3.190253315e-05 -6.899231036e-04 -5.741377746e-04 -4.812153920e-02
353656.635000000 -1.602018693e-04 -9.665459378e-05 -2.223874174e-05 -6.777676728e-04 -1.241555456e-03 -4.974839982e-02
353656.640000000 -1.657764716e-04 -8.609915589e-05 -2.089085496e-05 1.200056697e-03 -1.723893268e-03 -4.994847947e-02
353656.645000000 -1.614227151e-04 -7.977949852e-05 -1.885375244e-05 2.911299234e-03 -1.474596933e-03 -4.885455432e-02
353656.650000000 -1.400251659e-04 -9.621581933e-05 -1.352310151e-05 3.142468007e-03 -5.304493966e-04 -4.617964244e-02
353656.655000000 -1.154400993e-04 -1.235421213e-04 -9.711383364e-06 1.745876881e-03 -7.820477109e-05 -4.454184935e-02
353656.660000000 -1.159143174e-04 -1.326469299e-04 -9.014191315e-06 -2.303874177e-04 -2.623121289e-04 -4.545533952e-02
353656.665000000 -1.326474239e-04 -1.228576417e-04 -1.372574503e-05 -1.858606935e-03 -4.769190872e-04 -4.687081644e-02
353656.670000000 -1.497355437e-04 -9.207207536e-05 -1.321502722e-05 -1.101401564e-03 -1.006662911e-03 -4.865726136e-02
353656.675000000 -1.575466262e-04 -5.745705850e-05 -7.099336619e-06 1.336415535e-03 -1.054814185e-03 -4.973036073e-02
353656.680000000 -1.586398399e-04 -4.744711836e-05 -8.322238290e-06 2.906736774e-03 1.549677288e-04 -4.854150742e-02
353656.685000000 -1.495205471e-04 -5.757802503e-05 -1.071404845e-05 3.519841366e-03 1.523023580e-03 -4.656113406e-02
353656.690000000 -1.205123546e-04 -8.352923713e-05 -1.045978133e-05 2.035081973e-03 1.171125586e-03 -4.619987584e-02
353656.695000000 -9.485268933e-05 -1.012399284e-04 -1.444984160e-05 -5.391762108e-04 -5.618406336e-04 -4.711957038e-02
353656.700000000 -9.546018444e-05 -9.512872624e-05 -1.773074778e-05 -1.354364876e-03 -2.218564159e-03 -4.797304066e-02
353656.705000000 -1.144041775e-04 -8.052724283e-05 -1.855133055e-05 -5.160863398e-04 -3.597543314e-03 -4.900074669e-02
353656.710000000 -1.472322085e-04 -5.863707242e-05 -1.689425537e-05 1.394080314e-03 -2.790011723e-03 -4.798442562e-02
353656.715000000 -1.687421331e-04 -5.064822129e-05 -1.661418539e-05 3.186857504e-03 -3.136952084e-04 -4.532664597e-02
353656.720000000 -1.582316476e-04 -6.935878780e-05 -1.609469562e-05 3.332224094e-03 1.208420198e-03 -4.447579121e-02
353656.725000000 -1.284649597e-04 -9.479778920e-05 -1.542240412e-05 1.328488855e-03 7.361274179e-04 -4.627895346e-02
353656.730000000 -1.182572152e-04 -1.080094815e-04 -1.726487009e-05 -6.099962436e-04 -1.091137514e-03 -4.899579493e-02
353656.735000000 -1.395858810e-04 -9.703049013e-05 -1.359220200e-05 -6.958780504e-04 -2.311160130e-03 -5.085281803e-02
353656.740000000 -1.622274921e-04 -7.696183789e-05 -6.605582857e-06 1.255166817e-04 -2.240349980e-03 -5.119151659e-02
353656.745000000 -1.662730944e-04 -6.211981745e-05 9.369072268e-07 1.993361693e-03 -9.443990342e-04 -4.844607733e-02
353656.750000000 -1.510236066e-04 -5.697168700e-05 8.715075811e-06 3.649491827e-03 2.631916119e-04 -4.551917628e-02
353656.755000000 -1.343105389e-04 -6.919901159e-05 1.043987122e-05 3.291967164e-03 2.613818152e-04 -4.508100810e-02
353656.760000000 -1.267433382e-04 -8.504675064e-05 8.698914582e-06 1.682745471e-03 -5.996874482e-04 -4.590687308e-02
353656.765000000 -1.409928019e-04 -8.810525335e-05 1.272156287e-05 4.359974005e-04 -2.166477183e-03 -4.865418514e-02
353656.770000000 -1.729238388e-04 -7.769946638e-05 2.000758306e-05 2.528388455e-04 -2.944754663e-03 -5.115933501e-02
353656.775000000 -1.947121156e-04 -6.479655726e-05 2.330752432e-05 9.958911807e-04 -2.003058415e-03 -5.065849754e-02
353656.780000000 -1.916665820e-04 -6.004820546e-05 2.581281606e-05 2.363706456e-03 -6.083915935e-04 -4.860827868e-02
353656.785000000 -1.703111901e-04 -7.418606153e-05 2.882982069e-05 2.922136460e-03 1.398714653e-04 -4.657024403e-02
353656.790000000 -1.501533680e-04 -9.889665359e-05 2.782175221e-05 1.930108122e-03 -2.095134632e-04 -4.575346230e-02
353656.795000000 -1.485333632e-04 -1.147584455e-04 2.346137439e-05 6.415972508e-04 -1.349710760e-03 -4.682415225e-02
353656.800000000 -1.642294083e-04 -1.132916680e-04 2.247596808e-05 -2.535082756e-05 -2.517952048e-03 -4.914965661e-02
353656.805000000 -1.833960954e-04 -8.882093860e-05 2.613342098e-05 5.275841015e-04 -2.295547727e-03 -5.043433657e-02
353656.810000000 -2.026704480e-04 -6.005641374e-05 2.417638107e-05 1.918482200e-03 -7.163693439e-04 -4.932711198e-02
353656.815000000 -2.020592868e-04 -5.253381525e-05 1.912937159e-05 2.837333456e-03 7.409874549e-04 -4.738263218e-02
353656.820000000 -1.749971642e-04 -5.998957119e-05 2.041992840e-05 2.825899046e-03 1.172307100e-03 -4.607442009e-02
353656.825000000 -1.599175638e-04 -7.670697939e-05 2.138132001e-05 2.193580243e-03 -1.195381630e-04 -4.655114596e-02
353656.830000000 -1.683163241e-04 -9.128854095e-05 1.968604801e-05 1.465441963e-03 -1.826430632e-03 -4.870079815e-02
353656.835000000 -1.836956258e-04 -9.421057315e-05 1.930903240e-05 1.046443095e-03 -2.432437715e-03 -5.064384604e-02
353656.840000000 -1.955032848e-04 -8.805537405e-05 1.916131069e-05 1.251601831e-03 -2.183182573e-03 -5.098272479e-02
353656.845000000 -1.998905783e-04 -8.017586929e-05 1.894027170e-05 2.225134824e-03 -4.895472257e-04 -4.890931892e-02
353656.850000000 -1.938785050e-04 -8.482944022e-05 2.119878757e-05 2.576926154e-03 1.466737330e-03 -4.622063654e-02
353656.855000000 -1.748369028e-04 -1.008243899e-04 2.427785388e-05 1.700758175e-03 1.548478627e-03 -4.506009100e-02
353656.860000000 -1.596875896e-04 -1.126644216e-04 2.510690939e-05 9.537108225e-04 8.893042618e-05 -4.587051151e-02
353656.865000000 -1.805418048e-04 -1.109190694e-04 2.724762122e-05 6.604497671e-04 -1.548896599e-03 -4.905306737e-02
353656.870000000 -2.121881279e-04 -9.972612858e-05 3.392569097e-05 8.155043838e-04 -1.952711763e-03 -5.129592786e-02
353656.875000000 -2.188392615e-04 -8.626139672e-05 4.364734481e-05 1.630205742e-03 -1.085232388e-03 -5.048420366e-02
353656.880000000 -2.105391597e-04 -7.682007914e-05 4.972843504e-05 2.444820859e-03 1.449999995e-04 -4.869715199e-02
353656.885000000 -1.849032320e-04 -8.305981337e-05 5.090783146e-05 1.864643983e-03 7.159293303e-04 -4.624667600e-02
353656.890000000 -1.658978343e-04 -9.743188219e-05 5.339596072e-05 8.786575333e-04 -2.618993919e-04 -4.517091386e-02
353656.895000000 -1.731620819e-04 -1.007613178e-04 5.617704212e-05 9.234884704e-04 -1.923979830e-03 -4.707282558e-02
353656.900000000 -1.971072788e-04 -9.700175992e-05 5.879205443e-05 1.287187401e-03 -2.562236317e-03 -4.945216848e-02
353656.905000000 -2.259175983e-04 -9.220117751e-05 6.350577631e-05 2.319247423e-03 -9.364503720e-04 -5.002998584e-02
353656.910000000 -2.236032685e-04 -8.883505887e-05 6.660736095e-05 3.193801921e-03 1.254773026e-03 -4.889983856e-02
353656.915000000 -1.918577883e-04 -8.963364730e-05 6.708708610e-05 2.650415503e-03 1.845110071e-03 -4.716493810e-02
353656.920000000 -1.670178806e-04 -1.001941351e-04 6.522451599e-05 1.576522383e-03 1.167558741e-03 -4.566108538e-02
353656.925000000 -1.789678156e-04 -1.181230382e-04 6.103238741e-05 5.967124319e-04 -5.303142912e-04 -4.683163473e-02
353656.930000000 -2.106135154e-04 -1.249825777e-04 5.811168010e-05 5.962017136e-05 -1.638378575e-03 -4.955903494e-02
353656.935000000 -2.202807806e-04 -1.130722368e-04 6.141531015e-05 4.843735369e-04 -1.051293478e-03 -5.046579599e-02
353656.940000000 -2.087378116e-04 -9.256232384e-05 6.400052948e-05 1.688595261e-03 1.345172064e-04 -4.990701962e-02
353656.945000000 -1.848311203e-04 -7.510695782e-05 5.770268369e-05 2.091025624e-03 1.271887218e-03 -4.779910301e-02
353656.950000000 -1.667333608e-04 -6.936943495e-05 5.158888535e-05 1.397320400e-03 1.647516704e-03 -4.538009336e-02
353656.955000000 -1.673483395e-04 -7.510825751e-05 5.061933642e-05 8.412002509e-04 8.333360359e-04 -4.514308959e-02
353656.960000000 -1.807229801e-04 -8.558623926e-05 4.683181295e-05 4.772922546e-04 -4.859439484e-04 -4.711299288e-02
353656.965000000 -1.924611654e-04 -8.815129385e-05 4.784932239e-05 9.328418875e-04 -1.190977069e-03 -4.951889767e-02
353656.970000000 -1.949080932e-04 -8.384946378e-05 5.452797473e-05 2.394982011e-03 -9.456897151e-04 -5.025959749e-02
353656.975000000 -1.990797804e-04 -8.272021399e-05 5.626102344e-05 3.529469175e-03 7.904933817e-06 -4.930859001e-02
353656.980000000 -2.002059695e-04 -8.475099766e-05 5.839642323e-05 3.374497313e-03 1.366170017e-03 -4.730270218e-02
353656.985000000 -1.874788624e-04 -9.737510695e-05 6.139413898e-05 2.107054628e-03 1.474302560e-03 -4.552562337e-02
353656.990000000 -1.793786211e-04 -1.151921855e-04 6.248819641e-05 7.822701912e-04 4.127599482e-05 -4.637302857e-02
353656.995000000 -1.903917774e-04 -1.235924213e-04 6.689864261e-05 -8.443496677e-05 -1.058292199e-03 -4.891407393e-02
353657.000000000 -2.043316997e-04 -1.206756489e-04 7.629754583e-05 -1.526032885e-04 -1.215350871e-03 -5.049379360e-02
353657.005000000 -2.118257973e-04 -1.028978700e-04 8.436468523e-05 1.193786410e-03 1.727148485e-05 -5.036183482e-02
353657.010000000 -2.051866899e-04 -8.539093534e-05 8.973981538e-05 2.309463336e-03 1.964639439e-03 -4.845706219e-02
353657.015000000 -1.842625063e-04 -8.542988917e-05 8.883318309e-05 1.913543745e-03 2.672449874e-03 -4.570982931e-02
353657.020000000 -1.621346526e-04 -9.641007517e-05 8.847915170e-05 1.074112161e-03 1.707828834e-03 -4.436865167e-02
353657.025000000 -1.653736692e-04 -9.933490697e-05 9.473205381e-05 4.145628355e-04 -1.580035789e-04 -4.617984951e-02
353657.030000000 -1.946765654e-04 -8.964456300e-05 9.841046554e-05 5.201956828e-04 -9.462134753e-04 -4.872182726e-02
353657.035000000 -2.130781060e-04 -8.078635300e-05 1.008574949e-04 1.676762305e-03 -7.733489031e-05 -4.980418919e-02
353657.040000000 -2.101620053e-04 -7.476824387e-05 1.012895120e-04 2.895542574e-03 1.290019113e-03 -4.994525670e-02
353657.045000000 -1.816902416e-04 -7.904892891e-05 9.928833472e-05 2.858810167e-03 2.036447407e-03 -4.776533950e-02
353657.050000000 -1.508285001e-04 -9.454767649e-05 9.700150283e-05 2.015670900e-03 1.312044774e-03 -4.543719598e-02
353657.055000000 -1.538656860e-04 -1.072074290e-04 9.472612146e-05 1.263925199e-03 -1.679265964e-04 -4.605394715e-02
353657.060000000 -1.792569019e-04 -1.124179707e-04 9.230107800e-05 4.583751771e-04 -9.512671563e-04 -4.783642199e-02
353657.065000000 -1.924375585e-04 -1.052590548e-04 9.149535262e-05 5.547423735e-04 -2.211819786e-04 -4.937533065e-02
353657.070000000 -1.804243842e-04 -9.224634461e-05 9.310381373e-05 1.383824243e-03 1.225426754e-03 -4.982668730e-02
353657.075000000 -1.580701153e-04 -7.842413986e-05 9.325888696e-05 1.532099039e-03 2.277004563e-03 -4.835890190e-02
353657.080000000 -1.404691971e-04 -6.667272689e-05 9.487796604e-05 1.283782053e-03 2.432315841e-03 -4.590105903e-02
353657.085000000 -1.446711842e-04 -6.823615839e-05 9.557941566e-05 1.123090395e-03 1.094791055e-03 -4.558298200e-02
353657.090000000 -1.652307765e-04 -7.605074256e-05 9.586767452e-05 8.721950049e-04 -3.787242322e-04 -4.757771393e-02
353657.095000000 -1.790345988e-04 -7.830403782e-05 9.598081937e-05 9.265383153e-04 -8.018858820e-04 -4.930259067e-02
353657.100000000 -1.797017833e-04 -7.429390232e-05 9.585855519e-05 1.777223889e-03 -6.241646211e-04 -5.032232387e-02
353657.105000000 -1.670629100e-04 -7.049679376e-05 1.017367128e-04 2.256767864e-03 7.510709582e-04 -4.928171046e-02
353657.110000000 -1.510693013e-04 -7.128673649e-05 1.076838140e-04 1.785730631e-03 2.431126517e-03 -4.619328932e-02
353657.115000000 -1.410225600e-04 -7.560924714e-05 1.110904728e-04 1.476578319e-03 2.514769591e-03 -4.412546276e-02
353657.120000000 -1.408791042e-04 -8.283578539e-05 1.139652858e-04 1.369203954e-03 1.299545427e-03 -4.459847377e-02
353657.125000000 -1.572394946e-04 -9.497232211e-05 1.210252001e-04 1.232283438e-03 -1.262032326e-04 -4.705819285e-02
353657.130000000 -1.783711662e-04 -1.004527561e-04 1.312275979e-04 1.833917843e-03 -7.294211225e-04 -4.966964413e-02
353657.135000000 -1.877787042e-04 -9.513172304e-05 1.377393575e-04 2.613857358e-03 -7.856786146e-05 -5.099755544e-02
353657.140000000 -1.772564490e-04 -9.078795538e-05 1.409050156e-04 2.188051872e-03 1.369268289e-03 -5.012566572e-02
353657.145000000 -1.395446300e-04 -8.531122771e-05 1.393107096e-04 1.290737699e-03 1.422968659e-03 -4.738962027e-02
353657.150000000 -1.183386023e-04 -7.759858932e-05 1.363579034e-04 9.410485080e-04 -3.249309689e-04 -4.606101874e-02
353657.155000000 -1.427931886e-04 -7.603597565e-05 1.396756594e-04 8.587081689e-04 -1.390187440e-03 -4.681556017e-02
353657.160000000 -1.740541802e-04 -7.653143923e-05 1.470842315e-04 1.208315142e-03 -1.011064771e-03 -4.762298959e-02
353657.165000000 -1.757728309e-04 -6.852769734e-05 1.508686379e-04 2.402860118e-03 4.690861581e-04 -4.881465290e-02
353657.170000000 -1.502496023e-04 -5.727541685e-05 1.511391837e-04 2.916827542e-03 1.994575496e-03 -4.909806273e-02
353657.175000000 -1.242069593e-04 -5.997516493e-05 1.471977705e-04 2.110660549e-03 2.227566813e-03 -4.731792116e-02
353657.180000000 -1.118058531e-04 -7.381792555e-05 1.402815448e-04 1.345766874e-03 9.727989508e-04 -4.584765954e-02
353657.185000000 -1.291328751e-04 -8.623282544e-05 1.405983235e-04 1.058211800e-03 -6.326264115e-04 -4.648937607e-02
353657.190000000 -1.614659308e-04 -9.353764463e-05 1.455416303e-04 1.482465695e-03 -1.197645198e-03 -4.795263006e-02
353657.195000000 -1.742997539e-04 -9.916538066e-05 1.451724063e-04 2.546686345e-03 -7.644323910e-04 -4.899975650e-02
353657.200000000 -1.659091281e-04 -9.849973435e-05 1.424671126e-04 3.206584836e-03 1.170130291e-04 -4.962385411e-02
353657.205000000 -1.430758590e-04 -8.755742767e-05 1.394186207e-04 2.370515853e-03 1.095606554e-03 -4.811814913e-02
353657.210000000 -1.284821356e-04 -7.597127177e-05 1.363704161e-04 1.252524570e-03 1.362622921e-03 -4.593421224e-02
353657.215000000 -1.375414164e-04 -6.947604291e-05 1.355005877e-04 9.210838909e-04 6.915017454e-04 -4.606212349e-02
353657.220000000 -1.554294249e-04 -7.042817862e-05 1.355821214e-04 8.471761228e-04 -4.974324331e-05 -4.756703583e-02
353657.225000000 -1.545406804e-04 -7.093248079e-05 1.414339474e-04 1.966808681e-03 -5.871154264e-04 -4.933561022e-02
353657.230000000 -1.387548164e-04 -7.030195852e-05 1.493498475e-04 3.471784172e-03 -7.645261032e-04 -5.043264202e-02
353657.235000000 -1.297282536e-04 -7.578907089e-05 1.535695194e-04 3.459972413e-03 -2.410877883e-04 -4.956621311e-02
353657.240000000 -1.262525215e-04 -7.972091433e-05 1.563365283e-04 2.535222803e-03 4.820684060e-04 -4.695876521e-02
353657.245000000 -1.389759174e-04 -8.451724452e-05 1.591723303e-04 1.718776693e-03 2.649329478e-04 -4.528922949e-02
353657.250000000 -1.632234519e-04 -9.219198262e-05 1.640667826e-04 1.273712980e-03 -5.824984000e-04 -4.606402041e-02
353657.255000000 -1.761660963e-04 -9.636211775e-05 1.714763370e-04 1.413653863e-03 -9.056413054e-04 -4.754171084e-02
353657.260000000 -1.802025305e-04 -9.892063422e-05 1.776122697e-04 2.393009712e-03 -6.495120738e-04 -4.905894644e-02
353657.265000000 -1.712404647e-04 -1.012580834e-04 1.810398453e-04 2.709419078e-03 5.949619484e-04 -4.987243264e-02
353657.270000000 -1.482991612e-04 -1.014379243e-04 1.817139429e-04 1.846858312e-03 1.898974272e-03 -4.870324491e-02
353657.275000000 -1.352605200e-04 -9.728804131e-05 1.815467275e-04 1.432401907e-03 1.730202648e-03 -4.705533408e-02
353657.280000000 -1.389240613e-04 -9.193292915e-05 1.852404159e-04 1.492505982e-03 7.845358149e-04 -4.676083951e-02
353657.285000000 -1.432280069e-04 -8.469120648e-05 1.884382158e-04 1.624972402e-03 -8.975761434e-05 -4.709690707e-02
353657.290000000 -1.403203251e-04 -7.662319500e-05 1.889320189e-04 2.339716250e-03 -8.600313521e-04 -4.776026437e-02
353657.295000000 -1.371419988e-04 -6.666734184e-05 1.886267715e-04 3.063241171e-03 -1.315365891e-03 -4.893566683e-02
353657.300000000 -1.384627190e-04 -5.993921002e-05 1.865226476e-04 2.849214862e-03 -9.475126260e-04 -4.902421748e-02
353657.305000000 -1.486563438e-04 -6.454625601e-05 1.821237161e-04 2.331054205e-03 6.257950484e-05 -4.742186745e-02
353657.310000000 -1.598260329e-04 -7.473421947e-05 1.809497824e-04 2.254560342e-03 8.921585147e-04 -4.669041971e-02
353657.315000000 -1.606978343e-04 -8.532456160e-05 1.831726229e-04 2.309813855e-03 1.230648460e-03 -4.764905655e-02
353657.320000000 -1.520155917e-04 -9.958724637e-05 1.824300658e-04 2.482215447e-03 1.058523844e-03 -4.861832156e-02
353657.325000000 -1.392104600e-04 -1.115377620e-04 1.800864551e-04 2.555576873e-03 2.062602479e-04 -4.972636616e-02
353657.330000000 -1.277919186e-04 -1.124545474e-04 1.793171040e-04 1.871514869e-03 -4.423452298e-04 -4.987334447e-02
353657.335000000 -1.248655614e-04 -1.058843223e-04 1.810034686e-04 9.183339979e-04 -2.528190693e-04 -4.783712144e-02
353657.340000000 -1.326939450e-04 -9.428952240e-05 1.814551130e-04 6.215091062e-04 -1.054592712e-05 -4.574069664e-02
353657.345000000 -1.475327643e-04 -7.574801107e-05 1.790581416e-04 9.311569918e-04 -4.332320122e-04 -4.574524700e-02
353657.350000000 -1.619182402e-04 -6.236911876e-05 1.779306602e-04 1.673580577e-03 -1.246857254e-03 -4.705050044e-02
353657.355000000 -1.714638517e-04 -6.131383661e-05 1.798077763e-04 2.762256566e-03 -1.591647351e-03 -4.850166578e-02
353657.360000000 -1.774929489e-04 -6.396245321e-05 1.844424524e-04 3.337069676e-03 -1.058310665e-03 -4.999854217e-02
353657.365000000 -1.732726380e-04 -7.010254661e-05 1.899282816e-04 2.861161222e-03 5.219852693e-04 -4.968462758e-02
353657.370000000 -1.613116992e-04 -7.950110843e-05 1.954878777e-04 2.248412436e-03 1.887280635e-03 -4.794223557e-02
353657.375000000 -1.496022317e-04 -9.161889082e-05 1.992591778e-04 2.042727521e-03 1.910211810e-03 -4.713110565e-02
353657.380000000 -1.405680624e-04 -1.026874593e-04 2.040838372e-04 1.719808726e-03 1.038916849e-03 -4.708351986e-02
353657.385000000 -1.455562988e-04 -1.056179054e-04 2.151009938e-04 2.061789976e-03 -6.638252124e-04 -4.763993256e-02
353657.390000000 -1.654520816e-04 -1.076276593e-04 2.247880789e-04 2.886755658e-03 -1.848217047e-03 -4.875907660e-02
353657.395000000 -1.836894664e-04 -1.126199435e-04 2.236589255e-04 2.490476633e-03 -1.236130353e-03 -4.907280450e-02
353657.400000000 -1.775735434e-04 -1.030444946e-04 2.198922082e-04 1.381863093e-03 8.520514821e-05 -4.825156644e-02
353657.405000000 -1.601539177e-04 -8.478778912e-05 2.203566312e-04 9.633254619e-04 6.661794240e-04 -4.799830960e-02
353657.410000000 -1.621972003e-04 -7.362410397e-05 2.208345263e-04 1.169469773e-03 4.243685822e-04 -4.869455002e-02
353657.415000000 -1.747770609e-04 -6.957900720e-05 2.226011848e-04 1.501353683e-03 1.705404842e-05 -4.901475822e-02
353657.420000000 -1.751992557e-04 -6.697199532e-05 2.214918630e-04 1.936373893e-03 -7.368966122e-04 -4.942367269e-02
353657.425000000 -1.589122661e-04 -6.216981407e-05 2.186350576e-04 2.089415169e-03 -1.265706792e-03 -4.959707124e-02
353657.430000000 -1.487385393e-04 -6.033209069e-05 2.177415777e-04 1.978091006e-03 -7.827907915e-04 -4.808606114e-02
353657.435000000 -1.599505423e-04 -6.249159334e-05 2.159948337e-04 2.232161662e-03 1.407989260e-04 -4.612255082e-02
353657.440000000 -1.766242438e-04 -6.740280810e-05 2.153715587e-04 2.335552923e-03 6.488220972e-04 -4.581830663e-02
353657.445000000 -1.832759097e-04 -7.299209655e-05 2.118893044e-04 2.124031565e-03 2.389195195e-04 -4.689964763e-02
353657.450000000 -1.839037591e-04 -8.215780912e-05 2.068424029e-04 2.134465172e-03 -8.015358028e-04 -4.835374472e-02
353657.455000000 -1.836629297e-04 -9.284261623e-05 2.055061588e-04 1.923316295e-03 -1.611744128e-03 -4.987267413e-02
353657.460000000 -1.891457657e-04 -9.257944447e-05 2.073410500e-04 1.569998770e-03 -8.882534315e-04 -4.976168764e-02
353657.465000000 -1.991510766e-04 -8.375218028e-05 2.097691177e-04 1.870558078e-03 8.980067446e-04 -4.818862611e-02
353657.470000000 -1.989253393e-04 -8.037825786e-05 2.105023565e-04 2.369127713e-03 2.005565293e-03 -4.729644672e-02
353657.475000000 -1.863670867e-04 -7.827272759e-05 2.104024217e-04 2.225107078e-03 1.936660564e-03 -4.711263223e-02
353657.480000000 -1.760896615e-04 -6.798603009e-05 2.136985476e-04 2.097880069e-03 1.705035260e-04 -4.780998828e-02
353657.485000000 -1.846118356e-04 -6.010161747e-05 2.206243651e-04 2.201964741e-03 -1.601504918e-03 -4.930515146e-02
353657.490000000 -2.059502500e-04 -6.233666778e-05 2.269146309e-04 1.775932231e-03 -9.845612204e-04 -4.983336901e-02
353657.495000000 -2.099598267e-04 -6.208967334e-05 2.340437001e-04 1.321989139e-03 9.733084789e-04 -4.863681931e-02
353657.500000000 -1.883836419e-04 -6.058707030e-05 2.382994528e-04 2.021462581e-03 1.770540760e-03 -4.732847008e-02
353657.505000000 -1.752111819e-04 -6.753548061e-05 2.375102170e-04 2.940855268e-03 9.801521188e-04 -4.715274245e-02
353657.510000000 -1.840363672e-04 -8.008428016e-05 2.406563832e-04 2.990010047e-03 -6.817631485e-05 -4.733826935e-02
353657.515000000 -1.942686229e-04 -9.344214193e-05 2.464047829e-04 2.978970989e-03 -7.912258335e-04 -4.776730339e-02
353657.520000000 -2.002938573e-04 -9.951463935e-05 2.519139911e-04 2.645684800e-03 -5.746852565e-05 -4.854655451e-02
353657.525000000 -1.967381603e-04 -9.473740917e-05 2.570825581e-04 2.005847538e-03 1.994598559e-03 -4.830979758e-02
353657.530000000 -1.798976041e-04 -8.989468891e-05 2.586181869e-04 2.004701490e-03 3.007656980e-03 -4.727924207e-02
353657.535000000 -1.622313506e-04 -8.862174365e-05 2.585277775e-04 2.178775786e-03 2.174670355e-03 -4.720440946e-02
353657.540000000 -1.643924534e-04 -7.801184255e-05 2.564334936e-04 2.196928224e-03 4.403627833e-05 -4.780003150e-02
353657.545000000 -1.842058417e-04 -6.794946830e-05 2.535329804e-04 2.617590404e-03 -1.812841544e-03 -4.851292994e-02
353657.550000000 -1.974130229e-04 -6.917305993e-05 2.545139988e-04 3.056364146e-03 -1.795693999e-03 -4.944379323e-02
353657.555000000 -1.928930230e-04 -7.079456255e-05 2.554314241e-04 2.762910131e-03 -8.814254464e-05 -4.948312113e-02
353657.560000000 -1.699174886e-04 -6.688254097e-05 2.499158562e-04 2.648646179e-03 1.943741162e-03 -4.798962310e-02
353657.565000000 -1.477766550e-04 -6.656578076e-05 2.436367511e-04 2.914379307e-03 2.554901448e-03 -4.684306063e-02
353657.570000000 -1.449034113e-04 -7.636491170e-05 2.403786375e-04 2.469403134e-03 1.616608830e-03 -4.696039505e-02
353657.575000000 -1.588797422e-04 -8.470314329e-05 2.397750409e-04 1.931097060e-03 2.969254117e-04 -4.724435168e-02
353657.580000000 -1.791312918e-04 -9.042740288e-05 2.417755596e-04 2.472517411e-03 -4.937665955e-04 -4.827596088e-02
353657.585000000 -1.860477047e-04 -1.012247706e-04 2.412473601e-04 3.152947823e-03 -2.605592062e-04 -4.946713359e-02
353657.590000000 -1.664557287e-04 -1.106278845e-04 2.388078641e-04 2.984334785e-03 2.889793753e-04 -4.912389334e-02
353657.595000000 -1.424565786e-04 -1.109788473e-04 2.396062033e-04 2.735573065e-03 2.268196984e-04 -4.815788823e-02
353657.600000000 -1.564885312e-04 -1.033508059e-04 2.403270522e-04 2.489339347e-03 6.483765520e-05 -4.749354007e-02
353657.605000000 -1.938686692e-04 -9.527859776e-05 2.419456684e-04 2.000304504e-03 3.195563177e-04 -4.704244243e-02
353657.610000000 -2.092621351e-04 -9.260646606e-05 2.515766552e-04 1.883364085e-03 4.956806960e-04 -4.738456779e-02
353657.615000000 -2.014902695e-04 -8.867082960e-05 2.594875667e-04 2.368817856e-03 5.110243588e-04 -4.875660166e-02
353657.620000000 -1.830076421e-04 -8.640700258e-05 2.594371971e-04 2.815225930e-03 7.787709485e-04 -4.919098675e-02
353657.625000000 -1.702886333e-04 -9.306283441e-05 2.604257677e-04 3.035919800e-03 1.129156030e-03 -4.803943325e-02
353657.630000000 -1.743332608e-04 -1.001108975e-04 2.667867519e-04 3.098809278e-03 1.139434288e-03 -4.717487536e-02
353657.635000000 -1.866041700e-04 -1.037117568e-04 2.749067717e-04 2.777322725e-03 9.387452017e-04 -4.700620279e-02
353657.640000000 -1.910420048e-04 -1.116450472e-04 2.761895088e-04 2.645205887e-03 3.042999851e-04 -4.735344715e-02
353657.645000000 -1.769741051e-04 -1.203093884e-04 2.737393966e-04 2.931827910e-03 -7.894262249e-04 -4.854190255e-02
353657.650000000 -1.625980971e-04 -1.209981596e-04 2.745253110e-04 2.943197616e-03 -1.488916394e-03 -4.949287293e-02
353657.655000000 -1.710735214e-04 -1.167779240e-04 2.753538613e-04 2.760472343e-03 -1.191861495e-03 -4.911051058e-02
353657.660000000 -2.001594518e-04 -1.121940355e-04 2.735800815e-04 2.720882547e-03 4.741365289e-04 -4.807221363e-02
353657.665000000 -2.210676773e-04 -1.074503563e-04 2.708408477e-04 2.476788714e-03 2.431320560e-03 -4.730384880e-02
353657.670000000 -2.103136307e-04 -1.053528478e-04 2.698101492e-04 2.116776190e-03 2.864392510e-03 -4.723098880e-02
353657.675000000 -1.777601980e-04 -1.063176506e-04 2.697419111e-04 2.156624289e-03 1.793503598e-03 -4.809569399e-02
353657.680000000 -1.559576885e-04 -1.068077577e-04 2.679776233e-04 2.258498261e-03 3.849684593e-04 -4.918146502e-02
353657.685000000 -1.581765131e-04 -1.035227499e-04 2.652260902e-04 2.171989869e-03 -5.141441348e-05 -4.884151690e-02
353657.690000000 -1.739396320e-04 -1.037252869e-04 2.643324379e-04 2.177968848e-03 6.687049950e-04 -4.730582512e-02
353657.695000000 -1.890451056e-04 -1.085639202e-04 2.611085922e-04 2.104101216e-03 1.508333645e-03 -4.627035829e-02
353657.700000000 -1.819976896e-04 -1.036006722e-04 2.573228022e-04 2.035258024e-03 1.131121282e-03 -4.615376523e-02
353657.705000000 -1.634653778e-04 -9.936826806e-05 2.561927455e-04 2.464731815e-03 -4.991492737e-04 -4.694111232e-02
353657.710000000 -1.616717606e-04 -1.078900145e-04 2.547368587e-04 2.956625632e-03 -1.851140593e-03 -4.849048903e-02
353657.715000000 -1.763308772e-04 -1.131237726e-04 2.522805586e-04 2.813658625e-03 -1.741979994e-03 -4.956108428e-02
353657.720000000 -1.984426893e-04 -1.085784686e-04 2.512443005e-04 2.327472342e-03 6.399939550e-04 -4.862521088e-02
353657.725000000 -2.039038587e-04 -1.023154108e-04 2.544614961e-04 1.937449270e-03 3.594546021e-03 -4.692344186e-02
353657.730000000 -1.817100661e-04 -9.968818807e-05 2.596333482e-04 1.672807279e-03 4.374375062e-03 -4.643097417e-02
353657.735000000 -1.547953496e-04 -1.023216874e-04 2.632616036e-04 1.613165691e-03 3.002067184e-03 -4.683175214e-02
353657.740000000 -1.459736973e-04 -1.039255004e-04 2.676217064e-04 1.888488687e-03 3.641345104e-04 -4.804918591e-02
353657.745000000 -1.594288707e-04 -1.040609020e-04 2.729868633e-04 1.985943706e-03 -1.566253098e-03 -4.910639534e-02
353657.750000000 -1.773277780e-04 -1.043644980e-04 2.766818505e-04 1.716898987e-03 -1.206036412e-03 -4.858396719e-02
353657.755000000 -1.899901200e-04 -1.012164301e-04 2.792865551e-04 1.686470646e-03 4.513478452e-04 -4.744438067e-02
353657.760000000 -1.839799668e-04 -9.751039083e-05 2.767948042e-04 1.566049822e-03 2.115729324e-03 -4.667761363e-02
353657.765000000 -1.564537570e-04 -9.088415056e-05 2.762064388e-04 1.275427647e-03 2.489625608e-03 -4.632129842e-02
353657.770000000 -1.337542855e-04 -8.212645803e-05 2.835532944e-04 1.632243849e-03 1.177047294e-03 -4.679897361e-02
353657.775000000 -1.378203973e-04 -8.073398668e-05 2.891546734e-04 2.342685130e-03 -3.722769654e-04 -4.822003063e-02
353657.780000000 -1.736413968e-04 -8.591174912e-05 2.887448830e-04 2.425261986e-03 3.356271604e-04 -4.877295792e-02
353657.785000000 -1.981731464e-04 -9.027757897e-05 2.846267865e-04 2.245547493e-03 2.958757232e-03 -4.795797517e-02
353657.790000000 -1.706559762e-04 -8.909630453e-05 2.808515415e-04 2.454132966e-03 4.382292319e-03 -4.768231478e-02
353657.795000000 -1.202093248e-04 -8.529543389e-05 2.795881964e-04 2.443967082e-03 3.752418823e-03 -4.803982897e-02
353657.800000000 -1.044560441e-04 -8.403343058e-05 2.761985738e-04 2.349353607e-03 1.483997070e-03 -4.818062354e-02
353657.805000000 -1.312709482e-04 -8.482909623e-05 2.709809513e-04 2.411449331e-03 -6.802103358e-04 -4.849645965e-02
353657.810000000 -1.613621333e-04 -8.065146659e-05 2.689305615e-04 1.990980258e-03 -5.118831820e-04 -4.869807029e-02
353657.815000000 -1.722640114e-04 -7.462159654e-05 2.671389155e-04 1.434967696e-03 1.333328504e-03 -4.807565169e-02
353657.820000000 -1.454061277e-04 -7.216879157e-05 2.610407618e-04 1.718846248e-03 2.570465123e-03 -4.783058716e-02
353657.825000000 -1.018807824e-04 -6.971718029e-05 2.545016911e-04 2.296805850e-03 2.282717800e-03 -4.826238234e-02
353657.830000000 -9.376216556e-05 -7.021350462e-05 2.524559803e-04 2.456318899e-03 1.218816563e-03 -4.816729648e-02
353657.835000000 -1.233877930e-04 -7.187509171e-05 2.542282625e-04 2.728958854e-03 3.641656990e-04 -4.808024071e-02
353657.840000000 -1.534300083e-04 -7.416723894e-05 2.554141555e-04 2.706834461e-03 1.095212088e-03 -4.848357057e-02
353657.845000000 -1.446015165e-04 -7.988695961e-05 2.555526935e-04 2.324370728e-03 2.620844663e-03 -4.858788782e-02
353657.850000000 -1.005478328e-04 -8.515421430e-05 2.572102245e-04 2.463607333e-03 2.601047529e-03 -4.847152058e-02
353657.855000000 -6.518276482e-05 -8.804268963e-05 2.565971832e-04 2.668313691e-03 1.228538582e-03 -4.857032363e-02
353657.860000000 -8.670282272e-05 -8.783059173e-05 2.604822095e-04 2.397263433e-03 5.906673715e-05 -4.805245753e-02
353657.865000000 -1.485827872e-04 -8.781212358e-05 2.735107843e-04 2.353629833e-03 2.523542243e-05 -4.725898705e-02
353657.870000000 -1.852645004e-04 -8.998001158e-05 2.831598189e-04 2.752937582e-03 8.625178125e-04 -4.768796230e-02
353657.875000000 -1.736884884e-04 -9.235113368e-05 2.836638079e-04 2.880160330e-03 1.635826922e-03 -4.881398403e-02
353657.880000000 -1.281878429e-04 -9.731559564e-05 2.794035872e-04 2.749535802e-03 1.040333990e-03 -4.930066473e-02
353657.885000000 -1.013039848e-04 -9.829831775e-05 2.772551373e-04 2.732701496e-03 -4.002122445e-04 -4.922319142e-02
353657.890000000 -1.288474618e-04 -9.289850142e-05 2.820016688e-04 2.559328996e-03 -3.703845955e-04 -4.870604474e-02
353657.895000000 -1.745638544e-04 -9.220495597e-05 2.884895960e-04 2.202998670e-03 1.257526654e-03 -4.742578955e-02
353657.900000000 -1.737369601e-04 -9.643132134e-05 2.891190329e-04 2.219532831e-03 2.284636478e-03 -4.693859023e-02
353657.905000000 -1.235866897e-04 -9.912032717e-05 2.847901455e-04 2.379125582e-03 1.471098440e-03 -4.785104014e-02
353657.910000000 -8.378460936e-05 -9.777810325e-05 2.809122125e-04 2.331242913e-03 -3.057223704e-04 -4.830958239e-02
353657.915000000 -8.384531997e-05 -9.505017762e-05 2.829574474e-04 2.732409101e-03 -1.798106816e-03 -4.820822743e-02
353657.920000000 -1.332097659e-04 -9.665567159e-05 2.852905982e-04 3.007910659e-03 -9.826795398e-04 -4.803935615e-02
353657.925000000 -1.858864760e-04 -1.006954232e-04 2.807910059e-04 2.456816118e-03 1.855491896e-03 -4.725340531e-02
353657.930000000 -1.749565871e-04 -1.000798010e-04 2.759411317e-04 2.106800040e-03 3.214690564e-03 -4.667263755e-02
353657.935000000 -1.187027849e-04 -9.778111568e-05 2.730499567e-04 2.132847274e-03 1.929883602e-03 -4.752124926e-02
353657.940000000 -9.282781760e-05 -9.885188200e-05 2.703442056e-04 2.125245517e-03 -2.907576106e-04 -4.837490720e-02
353657.945000000 -1.260148085e-04 -1.007862774e-04 2.678450343e-04 2.526574376e-03 -1.142806721e-03 -4.800954571e-02
353657.950000000 -1.707966037e-04 -1.019645113e-04 2.637768469e-04 2.981739086e-03 1.803486022e-04 -4.748861837e-02
353657.955000000 -1.828656389e-04 -1.007928895e-04 2.600353920e-04 2.612923322e-03 2.397654585e-03 -4.688912283e-02
353657.960000000 -1.462739240e-04 -9.255352518e-05 2.601679355e-04 2.215591885e-03 2.995999913e-03 -4.644168768e-02
353657.965000000 -9.728749383e-05 -8.696473728e-05 2.625166160e-04 2.347805705e-03 1.184615190e-03 -4.736210344e-02
353657.970000000 -8.596236469e-05 -9.289364098e-05 2.653144779e-04 2.187820037e-03 -9.074038381e-04 -4.883087261e-02
353657.975000000 -1.089687875e-04 -9.922893481e-05 2.697949025e-04 1.967909589e-03 -1.704712849e-03 -4.918364599e-02
353657.980000000 -1.392711318e-04 -1.008560586e-04 2.752494164e-04 2.241212459e-03 -4.082711696e-04 -4.850628727e-02
353657.985000000 -1.451227602e-04 -1.008704205e-04 2.790251668e-04 2.334268358e-03 2.080580723e-03 -4.732572258e-02
353657.990000000 -1.188699283e-04 -1.017799808e-04 2.800739621e-04 2.060478254e-03 3.168245093e-03 -4.600546248e-02
353657.995000000 -8.936415302e-05 -1.036539813e-04 2.831477179e-04 2.261778674e-03 2.036146100e-03 -4.558173271e-02
353658.000000000 -9.797226786e-05 -1.047868250e-04 2.885280803e-04 2.514149414e-03 1.942414924e-05 -4.668246228e-02
353658.005000000 -1.422854794e-04 -1.056951566e-04 2.924499904e-04 2.233887446e-03 -7.412435366e-04 -4.798955905e-02
353658.010000000 -1.691746969e-04 -1.046388222e-04 2.967044780e-04 2.164206982e-03 3.413903832e-04 -4.842369688e-02
353658.015000000 -1.571275610e-04 -1.015261364e-04 3.018921107e-04 2.366427724e-03 1.922122288e-03 -4.852872923e-02
353658.020000000 -1.150855340e-04 -1.024414521e-04 3.040297730e-04 2.234151263e-03 2.222232817e-03 -4.796991202e-02
353658.025000000 -7.570945640e-05 -1.038218102e-04 3.024108387e-04 2.065829027e-03 5.740209521e-04 -4.705887072e-02
353658.030000000 -7.577901810e-05 -9.924435284e-05 3.011546872e-04 2.322221513e-03 -1.581506616e-03 -4.725923844e-02
353658.035000000 -1.078979969e-04 -9.513435586e-05 2.995956743e-04 2.533352056e-03 -2.571121206e-03 -4.796687278e-02
353658.040000000 -1.386562383e-04 -9.332970079e-05 2.954431235e-04 2.596344309e-03 -1.664716292e-03 -4.808247302e-02
353658.045000000 -1.412850996e-04 -8.942451500e-05 2.884915552e-04 2.755117660e-03 1.416848862e-04 -4.803817352e-02
353658.050000000 -1.189321720e-04 -8.537206339e-05 2.803281075e-04 2.560066601e-03 1.069966838e-03 -4.796259204e-02
353658.055000000 -9.883000847e-05 -8.540411370e-05 2.768646888e-04 1.999471800e-03 8.497515232e-04 -4.739938906e-02
353658.060000000 -1.158876569e-04 -8.851020092e-05 2.754931227e-04 1.875233437e-03 3.072853207e-05 -4.761196255e-02
353658.065000000 -1.572933446e-04 -9.079556815e-05 2.699842644e-04 2.220145744e-03 -3.938416644e-04 -4.900857408e-02
353658.070000000 -1.694661178e-04 -9.275317141e-05 2.651365045e-04 2.521487265e-03 7.819142940e-05 -4.961109114e-02
353658.075000000 -1.375622948e-04 -9.627000847e-05 2.624905905e-04 2.782923896e-03 3.603095694e-04 -4.895305867e-02
353658.080000000 -9.871409450e-05 -9.779881434e-05 2.582503179e-04 2.649821317e-03 -3.432110087e-06 -4.776973560e-02
353658.085000000 -1.000832624e-04 -9.493499576e-05 2.543602958e-04 2.093737491e-03 -3.301423597e-04 -4.644116201e-02
353658.090000000 -1.403059484e-04 -9.204712079e-05 2.547476015e-04 1.804121352e-03 -4.891798178e-04 -4.586132885e-02
353658.095000000 -1.758069848e-04 -9.158409341e-05 2.590019053e-04 1.732474925e-03 -4.617282783e-04 -4.726572526e-02
353658.100000000 -1.727438996e-04 -8.993858593e-05 2.612612929e-04 1.798996796e-03 -4.748287630e-04 -4.946132740e-02
353658.105000000 -1.413873638e-04 -8.659775302e-05 2.595668522e-04 2.386785548e-03 -9.807422582e-04 -5.029478458e-02
353658.110000000 -1.236012890e-04 -8.655479412e-05 2.583513812e-04 3.107668802e-03 -1.305683834e-03 -5.003279545e-02
353658.115000000 -1.491747822e-04 -9.269642187e-05 2.615932206e-04 3.151345273e-03 -1.018596056e-04 -4.849918199e-02
353658.120000000 -1.864107158e-04 -1.012215243e-04 2.717456278e-04 2.749449345e-03 1.777722110e-03 -4.659573318e-02
353658.125000000 -1.916944694e-04 -1.060566607e-04 2.807379507e-04 2.371693395e-03 2.196065816e-03 -4.670952799e-02
353658.130000000 -1.724736344e-04 -1.052696975e-04 2.815112317e-04 1.752055027e-03 1.285587736e-03 -4.805368006e-02
353658.135000000 -1.471623575e-04 -1.005774087e-04 2.801224524e-04 1.478126474e-03 -2.611912466e-04 -4.878471621e-02
353658.140000000 -1.383887188e-04 -9.801520308e-05 2.800202131e-04 2.038817288e-03 -1.578621734e-03 -4.886060364e-02
353658.145000000 -1.614406033e-04 -9.850841280e-05 2.815797764e-04 2.551848153e-03 -1.277378756e-03 -4.844822459e-02
353658.150000000 -1.943296163e-04 -9.476060781e-05 2.842268719e-04 2.775282021e-03 3.271961026e-04 -4.748681680e-02
353658.155000000 -1.971243909e-04 -9.279074573e-05 2.824185561e-04 2.973715321e-03 1.259211227e-03 -4.727157824e-02
353658.160000000 -1.665841645e-04 -9.928202240e-05 2.786680409e-04 2.744389962e-03 4.080603050e-04 -4.831256451e-02
353658.165000000 -1.428192198e-04 -1.006457466e-04 2.759874996e-04 2.099437271e-03 -1.137435731e-03 -4.924163051e-02
353658.170000000 -1.499664344e-04 -9.278727662e-05 2.687191077e-04 1.819991546e-03 -1.873908267e-03 -4.959554246e-02
353658.175000000 -1.787051069e-04 -8.746115684e-05 2.609363915e-04 1.942724735e-03 -3.276253625e-04 -4.885510861e-02
353658.180000000 -1.986715221e-04 -8.831143287e-05 2.571686302e-04 2.042579726e-03 2.688828154e-03 -4.689782361e-02
353658.185000000 -1.862164562e-04 -8.926556405e-05 2.559552087e-04 2.338988006e-03 3.899361084e-03 -4.567171448e-02
353658.190000000 -1.511868647e-04 -8.694561367e-05 2.572404133e-04 2.795861885e-03 2.455831086e-03 -4.637735332e-02
353658.195000000 -1.374317645e-04 -8.692681999e-05 2.555021302e-04 2.954044572e-03 -2.540786427e-04 -4.818931457e-02
353658.200000000 -1.656697833e-04 -9.041606863e-05 2.503687697e-04 2.902303247e-03 -1.891567533e-03 -4.956558309e-02
353658.205000000 -1.977472062e-04 -9.538792833e-05 2.467467336e-04 2.684641611e-03 -7.853396799e-04 -4.971131570e-02
353658.210000000 -2.001158513e-04 -1.008034110e-04 2.456972066e-04 2.056649734e-03 1.539880437e-03 -4.885961727e-02
353658.215000000 -1.724159608e-04 -9.970810076e-05 2.455873214e-04 1.856363854e-03 2.271734958e-03 -4.756881145e-02
353658.220000000 -1.484831266e-04 -9.387744702e-05 2.438997796e-04 2.515577800e-03 8.851110595e-04 -4.696254220e-02
353658.225000000 -1.565690523e-04 -9.305381929e-05 2.441147598e-04 2.916929907e-03 -7.402781354e-04 -4.738054795e-02
353658.230000000 -1.760837632e-04 -9.742188325e-05 2.498288615e-04 2.852732035e-03 -1.340743371e-03 -4.787347376e-02
353658.235000000 -1.919263950e-04 -1.015101577e-04 2.551134084e-04 2.854466924e-03 -2.306970036e-04 -4.831902766e-02
353658.240000000 -1.949034955e-04 -1.070968287e-04 2.550830934e-04 2.494348203e-03 2.067100017e-03 -4.848874207e-02
353658.245000000 -1.667656208e-04 -1.143717350e-04 2.568355870e-04 1.713371729e-03 3.123202607e-03 -4.775748871e-02
353658.250000000 -1.286570091e-04 -1.141206010e-04 2.634583958e-04 1.482066971e-03 1.900814769e-03 -4.713823888e-02
353658.255000000 -1.366174826e-04 -1.101466137e-04 2.713354265e-04 1.923249642e-03 -7.154988358e-05 -4.752987052e-02
353658.260000000 -1.890648663e-04 -1.127557184e-04 2.781280596e-04 2.382053439e-03 -7.689446481e-04 -4.794562890e-02
353658.265000000 -2.189716177e-04 -1.158566587e-04 2.807901515e-04 2.822179463e-03 -1.958769615e-04 -4.793903564e-02
353658.270000000 -2.033117836e-04 -1.126627310e-04 2.806486457e-04 3.089720078e-03 3.991275338e-04 -4.814368034e-02
353658.275000000 -1.728784523e-04 -1.095046475e-04 2.790543790e-04 2.669672422e-03 7.506796776e-04 -4.777800589e-02
353658.280000000 -1.606114930e-04 -1.064961822e-04 2.762679420e-04 2.136907777e-03 9.065572674e-04 -4.688441676e-02
353658.285000000 -1.760477275e-04 -1.014784551e-04 2.777235973e-04 2.093563850e-03 9.302175482e-04 -4.711095747e-02
353658.290000000 -2.012138009e-04 -1.022395954e-04 2.817400251e-04 1.954529215e-03 1.216364925e-03 -4.799335265e-02
353658.295000000 -1.984831163e-04 -1.047882472e-04 2.788594260e-04 2.050107434e-03 1.425068243e-03 -4.870743502e-02
353658.300000000 -1.565110645e-04 -1.040204214e-04 2.721322353e-04 2.747380631e-03 9.680057153e-04 -4.943449219e-02
353658.305000000 -1.202081408e-04 -1.047028788e-04 2.681281040e-04 3.003555758e-03 3.542721346e-04 -4.929501117e-02
353658.310000000 -1.238403074e-04 -1.075288491e-04 2.655623340e-04 2.591568432e-03 2.856387367e-04 -4.772171237e-02
353658.315000000 -1.588383551e-04 -1.111339290e-04 2.617287838e-04 1.899382024e-03 8.483687143e-04 -4.651581646e-02
353658.320000000 -1.818766078e-04 -1.102917967e-04 2.578381108e-04 1.119876405e-03 1.383062565e-03 -4.697977372e-02
353658.325000000 -1.638528821e-04 -1.045927836e-04 2.563491183e-04 9.526024620e-04 8.206581195e-04 -4.805605551e-02
353658.330000000 -1.391769623e-04 -1.001349749e-04 2.547563744e-04 1.724659334e-03 -6.180626887e-04 -4.918027110e-02
353658.335000000 -1.480343686e-04 -9.772171062e-05 2.534347965e-04 2.431318172e-03 -7.370722290e-04 -4.943917463e-02
353658.340000000 -1.800695122e-04 -9.709852037e-05 2.562648977e-04 2.450094499e-03 1.341069710e-03 -4.782535594e-02
353658.345000000 -1.980759408e-04 -9.876337807e-05 2.603149664e-04 2.485853684e-03 3.482608798e-03 -4.623854933e-02
353658.350000000 -1.896235605e-04 -1.039289681e-04 2.617220794e-04 2.490047979e-03 4.141040141e-03 -4.637170779e-02
353658.355000000 -1.571381204e-04 -1.111056600e-04 2.632126704e-04 1.986951776e-03 2.582404738e-03 -4.743773650e-02
353658.360000000 -1.227728602e-04 -1.140486555e-04 2.672196471e-04 1.702394590e-03 -5.871447160e-04 -4.859967821e-02
353658.365000000 -1.248500050e-04 -1.111035697e-04 2.751871160e-04 2.032803577e-03 -2.298481669e-03 -4.937959632e-02
353658.370000000 -1.583192511e-04 -1.076709425e-04 2.830941126e-04 2.231922379e-03 -1.131091984e-03 -4.875020287e-02
353658.375000000 -1.845305210e-04 -1.109318131e-04 2.872211359e-04 2.151851552e-03 1.345262723e-03 -4.696052500e-02
353658.380000000 -1.772934120e-04 -1.173027594e-04 2.900494136e-04 2.059923010e-03 2.508209888e-03 -4.626752880e-02
353658.385000000 -1.492929807e-04 -1.192519478e-04 2.899721461e-04 1.720254119e-03 1.241611449e-03 -4.741571992e-02
353658.390000000 -1.335154524e-04 -1.216347738e-04 2.886865069e-04 1.326569174e-03 -8.978427980e-04 -4.893437676e-02
353658.395000000 -1.524774700e-04 -1.205615049e-04 2.914132122e-04 1.378485286e-03 -1.311571396e-03 -4.991643563e-02
353658.400000000 -1.885663029e-04 -1.105934468e-04 2.951944975e-04 1.567783462e-03 9.250537576e-04 -4.953797896e-02
353658.405000000 -1.951158036e-04 -1.014513316e-04 2.962544057e-04 1.586926482e-03 3.588508228e-03 -4.744272845e-02
353658.410000000 -1.644927611e-04 -9.819202430e-05 2.933847093e-04 1.851089718e-03 4.200285124e-03 -4.565865069e-02
353658.415000000 -1.340148416e-04 -9.761755620e-05 2.892941358e-04 2.190509889e-03 1.847980771e-03 -4.625191446e-02
353658.420000000 -1.408486448e-04 -9.647815773e-05 2.879660486e-04 2.271479915e-03 -1.486108550e-03 -4.809327126e-02
353658.425000000 -1.780730704e-04 -9.886046685e-05 2.828097802e-04 2.451298057e-03 -2.255909599e-03 -4.922615386e-02
353658.430000000 -2.031522286e-04 -1.063533426e-04 2.751312527e-04 2.378267891e-03 -3.840503443e-04 -4.970444016e-02
353658.435000000 -1.804476813e-04 -1.113124774e-04 2.699052536e-04 1.719962894e-03 2.112834475e-03 -4.883818052e-02
353658.440000000 -1.325737142e-04 -1.104622073e-04 2.617602542e-04 1.465600787e-03 3.345418211e-03 -4.698203158e-02
353658.445000000 -1.165654984e-04 -1.102910145e-04 2.550495761e-04 1.734381993e-03 2.492248714e-03 -4.666198919e-02
353658.450000000 -1.323912419e-04 -1.146453938e-04 2.552114388e-04 1.647440945e-03 1.047676560e-03 -4.745369805e-02
353658.455000000 -1.562901835e-04 -1.151969591e-04 2.566416542e-04 1.703525259e-03 4.614525907e-04 -4.814087316e-02
353658.460000000 -1.710950500e-04 -1.128934422e-04 2.552968789e-04 2.060764196e-03 9.748472161e-04 -4.899554537e-02
353658.465000000 -1.566379769e-04 -1.139237681e-04 2.539417669e-04 1.656157202e-03 2.135292648e-03 -4.917552446e-02
353658.470000000 -1.234543767e-04 -1.118721117e-04 2.537820316e-04 1.011996406e-03 2.895488665e-03 -4.812748604e-02
353658.475000000 -1.085536847e-04 -1.100903143e-04 2.549923734e-04 1.168184826e-03 2.407262915e-03 -4.742236181e-02
353658.480000000 -1.294308173e-04 -1.157229758e-04 2.591874802e-04 1.509128669e-03 1.308575110e-03 -4.792798362e-02
353658.485000000 -1.600537960e-04 -1.190240400e-04 2.646926810e-04 1.543743125e-03 9.278256588e-04 -4.833495443e-02
353658.490000000 -1.710754437e-04 -1.138847369e-04 2.685888081e-04 1.921258228e-03 1.255642029e-03 -4.836782392e-02
353658.495000000 -1.488855897e-04 -1.156907340e-04 2.712318411e-04 2.197317214e-03 1.783000343e-03 -4.827342943e-02
353658.500000000 -1.059622025e-04 -1.304201531e-04 2.767919266e-04 1.565988698e-03 1.997818543e-03 -4.739579542e-02
353658.505000000 -8.655359929e-05 -1.367567006e-04 2.823143260e-04 1.069891706e-03 1.335260895e-03 -4.647748381e-02
353658.510000000 -1.049372063e-04 -1.305659483e-04 2.822559565e-04 1.225293974e-03 3.728650770e-04 -4.660628828e-02
353658.515000000 -1.394443532e-04 -1.298404472e-04 2.822560643e-04 1.363608913e-03 3.819859592e-04 -4.733638407e-02
353658.520000000 -1.572850232e-04 -1.341638475e-04 2.863827909e-04 1.628518456e-03 1.246548379e-03 -4.830440872e-02
353658.525000000 -1.353820381e-04 -1.323696685e-04 2.890161057e-04 2.185922013e-03 1.670929618e-03 -4.941112230e-02
353658.530000000 -9.938209505e-05 -1.262998952e-04 2.861644598e-04 2.359407079e-03 1.712353413e-03 -4.959654164e-02
353658.535000000 -8.680275065e-05 -1.246945251e-04 2.807633454e-04 1.729206762e-03 1.875374252e-03 -4.819954830e-02
353658.540000000 -9.848329808e-05 -1.264468851e-04 2.780830293e-04 6.916628661e-04 1.735356775e-03 -4.673671555e-02
353658.545000000 -1.134081830e-04 -1.203831117e-04 2.792242682e-04 1.343391056e-05 1.178571916e-03 -4.678514095e-02
353658.550000000 -1.217226990e-04 -1.111703784e-04 2.765535439e-04 1.723199784e-04 4.845192713e-04 -4.772070152e-02
353658.555000000 -1.170389181e-04 -1.060552710e-04 2.671392664e-04 1.175025330e-03 -2.169832637e-04 -4.873104152e-02
353658.560000000 -9.739088902e-05 -1.017578433e-04 2.601188373e-04 2.202489807e-03 -6.249542229e-04 -4.911076409e-02
353658.565000000 -8.604399851e-05 -1.039813188e-04 2.574956899e-04 2.295874461e-03 -4.055534038e-04 -4.800008957e-02
353658.570000000 -9.990355378e-05 -1.111426468e-04 2.538300894e-04 1.833860733e-03 3.024593724e-04 -4.653997922e-02
353658.575000000 -1.263139197e-04 -1.197169500e-04 2.501039971e-04 9.678474105e-04 1.216358340e-03 -4.631962678e-02
353658.580000000 -1.338635309e-04 -1.292801745e-04 2.502630940e-04 -1.440292165e-04 1.581066729e-03 -4.715770700e-02
353658.585000000 -1.067334072e-04 -1.302725334e-04 2.528723591e-04 -8.727434328e-05 5.980412234e-04 -4.842843835e-02
353658.590000000 -7.934776455e-05 -1.230205099e-04 2.539819584e-04 9.283801846e-04 -9.042307653e-04 -4.973115732e-02
353658.595000000 -9.382015956e-05 -1.166319599e-04 2.538352331e-04 1.496847817e-03 -9.770945220e-04 -4.920875249e-02
353658.600000000 -1.339707912e-04 -1.134126598e-04 2.563465970e-04 1.478232239e-03 4.387113838e-04 -4.662354869e-02
353658.605000000 -1.500726692e-04 -1.122004826e-04 2.616795960e-04 1.031704479e-03 1.238931053e-03 -4.532514762e-02
353658.610000000 -1.383874291e-04 -1.104781560e-04 2.681431359e-04 2.214798334e-04 7.740912063e-04 -4.616576592e-02
353658.615000000 -1.274362072e-04 -1.073046387e-04 2.759978754e-04 -4.390196558e-05 -6.612215921e-04 -4.795209833e-02
353658.620000000 -1.296098156e-04 -1.033681013e-04 2.789195918e-04 7.046467207e-04 -2.298345249e-03 -4.983735366e-02
353658.625000000 -1.489915098e-04 -9.854396557e-05 2.774043876e-04 1.422347887e-03 -2.041098440e-03 -4.993308495e-02
353658.630000000 -1.770385406e-04 -9.749067615e-05 2.799185167e-04 1.658917047e-03 1.511750622e-04 -4.808139958e-02
353658.635000000 -1.850901553e-04 -1.025782170e-04 2.866354610e-04 1.582824545e-03 2.282016793e-03 -4.630420695e-02
353658.640000000 -1.605458723e-04 -1.110678523e-04 2.911212349e-04 9.944332459e-04 2.775242223e-03 -4.591155616e-02
353658.645000000 -1.304810942e-04 -1.185991009e-04 2.900245255e-04 3.415748246e-04 1.214601393e-03 -4.673667681e-02
353658.650000000 -1.165260377e-04 -1.186802592e-04 2.909896467e-04 2.587405979e-04 -1.317491038e-03 -4.838892474e-02
353658.655000000 -1.296162998e-04 -1.110602252e-04 2.961181939e-04 5.336440668e-04 -2.653949394e-03 -4.957000869e-02
353658.660000000 -1.693202337e-04 -1.000841167e-04 2.975870142e-04 8.091852709e-04 -1.343566879e-03 -4.853559969e-02
353658.665000000 -1.965789430e-04 -8.997205221e-05 2.934915563e-04 1.205175052e-03 1.206325157e-03 -4.640573213e-02
353658.670000000 -1.875197585e-04 -8.434402575e-05 2.891944900e-04 1.441742055e-03 2.782196179e-03 -4.529768622e-02
353658.675000000 -1.525329258e-04 -8.223976535e-05 2.839564612e-04 1.174455844e-03 1.964443402e-03 -4.599554688e-02
353658.680000000 -1.254026144e-04 -8.183348267e-05 2.770899766e-04 9.504145635e-04 -8.443803431e-04 -4.828975056e-02
353658.685000000 -1.393937744e-04 -7.988615782e-05 2.729632111e-04 1.134924267e-03 -2.469692617e-03 -5.056400907e-02
353658.690000000 -1.731061571e-04 -7.659908834e-05 2.715031102e-04 1.295798848e-03 -1.550785948e-03 -5.116559503e-02
353658.695000000 -1.844156426e-04 -7.663549341e-05 2.703477772e-04 1.486494235e-03 6.934108161e-04 -4.964097928e-02
353658.700000000 -1.593353477e-04 -8.122309561e-05 2.665511300e-04 1.896176657e-03 2.452336623e-03 -4.731386709e-02
353658.705000000 -1.213963859e-04 -8.845091969e-05 2.625321535e-04 1.869931190e-03 1.969188909e-03 -4.615197761e-02
353658.710000000 -1.035533382e-04 -9.720413872e-05 2.624536038e-04 1.433689657e-03 -1.393215262e-04 -4.627685424e-02
353658.715000000 -1.234901805e-04 -1.069565130e-04 2.678382807e-04 1.096881837e-03 -1.981824761e-03 -4.771613489e-02
353658.720000000 -1.698148581e-04 -1.098295364e-04 2.760329307e-04 7.618448353e-04 -2.214018127e-03 -4.963344513e-02
353658.725000000 -2.012849282e-04 -1.027368011e-04 2.803528258e-04 6.783537192e-04 -6.807834528e-04 -4.949365590e-02
353658.730000000 -1.920825086e-04 -9.432222951e-05 2.777106110e-04 1.203695644e-03 8.481197898e-04 -4.799347954e-02
353658.735000000 -1.575752218e-04 -9.061654947e-05 2.757111784e-04 1.703418108e-03 7.814881923e-04 -4.734806945e-02
353658.740000000 -1.428904680e-04 -9.366758854e-05 2.795908443e-04 1.653414404e-03 -4.686257146e-04 -4.759261504e-02
353658.745000000 -1.614746414e-04 -1.042103650e-04 2.864449949e-04 1.534458103e-03 -1.674817782e-03 -4.860655786e-02
353658.750000000 -1.846359551e-04 -1.142387317e-04 2.959554727e-04 1.248268823e-03 -1.446957495e-03 -4.964363045e-02
353658.755000000 -1.877793054e-04 -1.123290054e-04 3.053755088e-04 8.263158180e-04 2.534463069e-04 -4.904078211e-02
353658.760000000 -1.735495882e-04 -1.011733496e-04 3.106491803e-04 1.281598397e-03 1.278370559e-03 -4.755808911e-02
353658.765000000 -1.669468531e-04 -9.854071241e-05 3.097284981e-04 2.090709647e-03 1.041651202e-03 -4.681098225e-02
353658.770000000 -1.766955447e-04 -1.080030557e-04 3.070312771e-04 2.113352668e-03 3.766805217e-05 -4.676966101e-02
353658.775000000 -1.936296466e-04 -1.155228346e-04 3.084696214e-04 1.841668108e-03 -1.653786267e-03 -4.783476590e-02
353658.780000000 -2.121768708e-04 -1.186354612e-04 3.078123823e-04 1.694849636e-03 -2.301753711e-03 -4.986482045e-02
353658.785000000 -2.238042843e-04 -1.228503538e-04 3.038054353e-04 1.224879702e-03 -8.801810218e-04 -5.079037607e-02
353658.790000000 -2.104187879e-04 -1.223193245e-04 2.976544766e-04 7.693135143e-04 1.146286030e-03 -4.961410538e-02
353658.795000000 -1.761815729e-04 -1.081980858e-04 2.853467778e-04 9.324286335e-04 1.956604628e-03 -4.789608484e-02
353658.800000000 -1.591765420e-04 -9.142441700e-05 2.749401332e-04 1.368410334e-03 1.293317370e-03 -4.698382385e-02
353658.805000000 -1.759121629e-04 -9.157774188e-05 2.708175052e-04 1.743088747e-03 1.306228838e-04 -4.669765025e-02
353658.810000000 -2.041560659e-04 -1.033132258e-04 2.697312232e-04 1.741579978e-03 -4.169755445e-04 -4.744761340e-02
353658.815000000 -2.121348915e-04 -1.058221600e-04 2.686956542e-04 1.196860812e-03 3.187053065e-04 -4.892177727e-02
353658.820000000 -1.909350988e-04 -1.046664596e-04 2.648063678e-04 8.346568187e-04 1.395235337e-03 -4.904673130e-02
353658.825000000 -1.634427393e-04 -1.094839039e-04 2.606804339e-04 9.219987429e-04 1.682285750e-03 -4.806530074e-02
353658.830000000 -1.613189274e-04 -1.102901188e-04 2.591688276e-04 9.014039468e-04 1.421085112e-03 -4.721932281e-02
353658.835000000 -1.932304972e-04 -1.067982233e-04 2.602837135e-04 8.989111276e-04 1.173640562e-03 -4.654013606e-02
353658.840000000 -2.233332657e-04 -1.103306413e-04 2.642598915e-04 1.396509480e-03 1.148192245e-03 -4.674922531e-02
353658.845000000 -2.262916608e-04 -1.209003957e-04 2.687801641e-04 1.676445017e-03 1.332852804e-03 -4.799821452e-02
353658.850000000 -2.010555066e-04 -1.242670821e-04 2.681125859e-04 1.221226832e-03 1.302740390e-03 -4.889384367e-02
353658.855000000 -1.648855378e-04 -1.182002980e-04 2.647304252e-04 9.203340527e-04 5.837959986e-04 -4.892621279e-02
353658.860000000 -1.632635199e-04 -1.160812198e-04 2.680054427e-04 9.534673791e-04 3.523001254e-05 -4.889101452e-02
353658.865000000 -1.957375498e-04 -1.181969309e-04 2.739197570e-04 6.692551176e-04 6.844063806e-04 -4.843469178e-02
353658.870000000 -2.164555539e-04 -1.174612166e-04 2.777016730e-04 6.206082443e-04 2.084299456e-03 -4.760076545e-02
353658.875000000 -1.983891525e-04 -1.153116093e-04 2.829051119e-04 1.180167418e-03 2.771423702e-03 -4.789006613e-02
353658.880000000 -1.628459727e-04 -1.143795920e-04 2.859002800e-04 1.289134560e-03 2.300978111e-03 -4.878455439e-02
353658.885000000 -1.445985500e-04 -1.139502744e-04 2.858332077e-04 1.046506590e-03 1.689387077e-03 -4.883686461e-02
353658.890000000 -1.540292619e-04 -1.130081729e-04 2.880243460e-04 1.003880838e-03 1.667796273e-03 -4.824517506e-02
353658.895000000 -1.774144206e-04 -1.096209675e-04 2.933144056e-04 6.843601024e-04 2.329627215e-03 -4.743257368e-02
353658.900000000 -1.862537695e-04 -1.065951386e-04 2.963808475e-04 4.610823866e-04 2.834278096e-03 -4.677424897e-02
353658.905000000 -1.732980323e-04 -1.074522402e-04 2.941920236e-04 9.236496580e-04 2.254678510e-03 -4.724976583e-02
353658.910000000 -1.481608169e-04 -1.130619343e-04 2.857068575e-04 1.341722153e-03 7.315156144e-04 -4.871814506e-02
353658.915000000 -1.376867162e-04 -1.206024525e-04 2.736899773e-04 1.096414389e-03 -4.122985927e-04 -4.950916558e-02
353658.920000000 -1.629860814e-04 -1.175938506e-04 2.662896551e-04 7.992821028e-04 4.756170811e-04 -4.887733916e-02
353658.925000000 -1.960701489e-04 -1.072770289e-04 2.645038356e-04 5.311173365e-04 2.921793007e-03 -4.762215993e-02
353658.930000000 -1.889851031e-04 -1.012962888e-04 2.643050589e-04 1.288705990e-04 4.538231886e-03 -4.655316411e-02
353658.935000000 -1.406358039e-04 -9.647400464e-05 2.629453392e-04 2.659159221e-04 3.721795042e-03 -4.653761956e-02
353658.940000000 -1.057549709e-04 -9.367788132e-05 2.590279226e-04 7.766989164e-04 1.427105370e-03 -4.791697623e-02
353658.945000000 -1.062084014e-04 -9.972835611e-05 2.538930598e-04 9.475633993e-04 -3.915671366e-04 -4.940826496e-02
353658.950000000 -1.279049781e-04 -1.056089810e-04 2.520109721e-04 9.575973506e-04 -5.084771514e-04 -4.963101307e-02
353658.955000000 -1.572641206e-04 -1.014442931e-04 2.535779789e-04 1.122750502e-03 1.158577303e-03 -4.867805352e-02
353658.960000000 -1.637304191e-04 -9.899608293e-05 2.513947670e-04 1.014803036e-03 2.794836673e-03 -4.744640572e-02
353658.965000000 -1.412890355e-04 -1.049218202e-04 2.493647454e-04 5.662311789e-04 2.827376646e-03 -4.643234753e-02
353658.970000000 -1.208759737e-04 -1.091685277e-04 2.520906884e-04 3.100363017e-04 1.191127149e-03 -4.664042726e-02
353658.975000000 -1.351044292e-04 -1.083902123e-04 2.537132668e-04 2.591725246e-04 -4.268355105e-04 -4.798684690e-02
353658.980000000 -1.718144567e-04 -1.096688152e-04 2.559595880e-04 2.833802669e-04 2.838554829e-04 -4.828832758e-02
353658.985000000 -1.910175828e-04 -1.141491959e-04 2.635648912e-04 5.148276540e-04 2.568381229e-03 -4.770790732e-02
353658.990000000 -1.722217917e-04 -1.118744842e-04 2.730288837e-04 6.169862267e-04 4.100724936e-03 -4.752326073e-02
353658.995000000 -1.244485400e-04 -1.056549308e-04 2.806732956e-04 3.393729633e-04 3.650369662e-03 -4.723291799e-02
353659.000000000 -9.320668997e-05 -1.067928270e-04 2.875513086e-04 2.154558853e-04 1.443789382e-03 -4.725630673e-02
353659.005000000 -9.820764195e-05 -1.089377001e-04 2.929407788e-04 2.643471764e-04 -8.363973103e-04 -4.823794893e-02
353659.010000000 -1.288664444e-04 -1.057834742e-04 2.982594117e-04 3.790755259e-04 -1.202659974e-03 -4.891110308e-02
353659.015000000 -1.627533641e-04 -1.042450972e-04 3.015621561e-04 8.391282433e-04 7.156643287e-04 -4.826877850e-02
353659.020000000 -1.590540201e-04 -1.068580265e-04 3.005996880e-04 1.005541943e-03 2.577471062e-03 -4.743976982e-02
353659.025000000 -1.224744019e-04 -1.046047692e-04 2.987898465e-04 4.757848312e-04 2.802050928e-03 -4.685586373e-02
353659.030000000 -1.022761879e-04 -9.513470060e-05 2.984534793e-04 2.574438844e-04 1.570298059e-03 -4.660817674e-02
353659.035000000 -1.263321654e-04 -9.125689440e-05 2.963619251e-04 7.067347556e-04 -6.329498958e-05 -4.765657823e-02
353659.040000000 -1.621778282e-04 -9.963125387e-05 2.914014605e-04 5.303775714e-04 -1.182238856e-04 -4.874549691e-02
353659.045000000 -1.721754384e-04 -1.035433001e-04 2.862314756e-04 -6.157104105e-05 1.263953657e-03 -4.864255913e-02
353659.050000000 -1.481406868e-04 -9.618891314e-05 2.806254627e-04 1.312832543e-04 2.410112564e-03 -4.813798588e-02
353659.055000000 -1.007305364e-04 -9.191008347e-05 2.770636372e-04 5.644299592e-04 2.607558734e-03 -4.736868721e-02
353659.060000000 -7.946849553e-05 -8.939326566e-05 2.769306829e-04 5.915994981e-04 1.960083719e-03 -4.626096768e-02
353659.065000000 -9.790563332e-05 -8.554480680e-05 2.758600305e-04 6.592981873e-04 9.321061721e-04 -4.595838909e-02
353659.070000000 -1.184750946e-04 -8.542812295e-05 2.742658944e-04 7.107043923e-04 1.972001632e-04 -4.706331735e-02
353659.075000000 -1.230102666e-04 -8.925983281e-05 2.723912823e-04 4.751431053e-04 2.227777259e-04 -4.837444842e-02
353659.080000000 -1.166480579e-04 -9.160488769e-05 2.671209330e-04 5.687853936e-04 6.108730241e-04 -4.890612306e-02
353659.085000000 -1.097404955e-04 -8.888616136e-05 2.637004679e-04 7.189443750e-04 1.012578487e-03 -4.891960728e-02
353659.090000000 -1.044611988e-04 -8.707428578e-05 2.646242318e-04 5.423301048e-04 1.259708967e-03 -4.809557743e-02
353659.095000000 -1.041378026e-04 -8.496195727e-05 2.682118040e-04 7.108393689e-04 9.098150998e-04 -4.672089415e-02
353659.100000000 -1.171309548e-04 -8.175237366e-05 2.734710988e-04 1.044107867e-03 3.711830060e-04 -4.671585300e-02
353659.105000000 -1.333890522e-04 -8.495211900e-05 2.779448864e-04 9.304499667e-04 3.426307485e-04 -4.747299698e-02
353659.110000000 -1.313749722e-04 -9.079773095e-05 2.817510805e-04 8.832258144e-04 3.877699988e-04 -4.790377208e-02
353659.115000000 -1.127306289e-04 -9.084950676e-05 2.879987338e-04 1.343838620e-03 3.588912092e-05 -4.866871126e-02
353659.120000000 -1.039211954e-04 -8.971880990e-05 2.949323422e-04 1.444043885e-03 -6.890917550e-05 -4.882734407e-02
353659.125000000 -1.157170095e-04 -9.348839913e-05 2.994199986e-04 1.054443123e-03 9.846267627e-05 -4.792137551e-02
353659.130000000 -1.341934998e-04 -9.917934032e-05 3.013266389e-04 7.190694133e-04 1.210942112e-04 -4.745384196e-02
353659.135000000 -1.459071711e-04 -1.037658295e-04 3.024680810e-04 2.710743930e-04 4.217698811e-04 -4.787068320e-02
353659.140000000 -1.351970439e-04 -1.050870174e-04 3.061037479e-04 1.246138482e-04 7.784461008e-04 -4.807377786e-02
353659.145000000 -1.069353733e-04 -1.033552020e-04 3.093537415e-04 5.669693404e-04 4.550948616e-04 -4.801592292e-02
353659.150000000 -9.975193381e-05 -9.773349105e-05 3.062722962e-04 9.268755155e-04 -1.474295062e-04 -4.793561842e-02
353659.155000000 -1.352669177e-04 -8.814941788e-05 2.990768497e-04 7.288923542e-04 2.506067125e-06 -4.724197097e-02
353659.160000000 -1.706144133e-04 -8.138900253e-05 2.936703551e-04 5.465804538e-04 5.908600864e-04 -4.676819107e-02
353659.165000000 -1.671749846e-04 -7.879502324e-05 2.892169493e-04 5.897316939e-04 7.725795390e-04 -4.739483563e-02
353659.170000000 -1.404148461e-04 -7.753388201e-05 2.854970827e-04 6.474583100e-04 3.034706826e-04 -4.837823143e-02
353659.175000000 -1.150993329e-04 -8.076402835e-05 2.792416333e-04 1.089712923e-03 -6.324505219e-04 -4.890378418e-02
353659.180000000 -1.093392879e-04 -8.424289511e-05 2.732561758e-04 1.481737078e-03 -1.072591102e-03 -4.886341786e-02
353659.185000000 -1.220631722e-04 -8.364950658e-05 2.715606364e-04 1.261641821e-03 -5.081419660e-04 -4.799754899e-02
353659.190000000 -1.452821355e-04 -8.155913116e-05 2.706305587e-04 9.194419514e-04 6.113848893e-04 -4.676660565e-02
353659.195000000 -1.606058687e-04 -8.128639753e-05 2.661231290e-04 7.726920999e-04 1.515580432e-03 -4.666435425e-02
353659.200000000 -1.467607324e-04 -8.475952301e-05 2.600878794e-04 4.306905163e-04 1.231557480e-03 -4.750160862e-02
353659.205000000 -1.211688335e-04 -8.860166336e-05 2.584049526e-04 2.102931360e-04 -1.892655707e-04 -4.829298272e-02
353659.210000000 -1.174431012e-04 -9.023847408e-05 2.584424914e-04 4.752543408e-04 -1.236027920e-03 -4.898935586e-02
353659.215000000 -1.460424812e-04 -9.090333781e-05 2.585473766e-04 5.532716332e-04 -4.137060212e-04 -4.909975574e-02
353659.220000000 -1.711769098e-04 -9.139761850e-05 2.614174786e-04 3.764571747e-04 1.422101291e-03 -4.791284534e-02
353659.225000000 -1.673604025e-04 -9.015609565e-05 2.684265465e-04 5.608789143e-04 2.394280300e-03 -4.665367991e-02
353659.230000000 -1.477997139e-04 -8.603686179e-05 2.707864181e-04 7.431535577e-04 1.936544782e-03 -4.664443075e-02
353659.235000000 -1.259346257e-04 -8.020935780e-05 2.706503709e-04 3.862376718e-04 3.708366359e-04 -4.725632078e-02
353659.240000000 -1.218767008e-04 -7.734706145e-05 2.767909808e-04 2.967495035e-04 -1.016531613e-03 -4.804844524e-02
353659.245000000 -1.406054104e-04 -7.933508534e-05 2.830490155e-04 6.020528504e-04 -1.169306072e-03 -4.892082916e-02
353659.250000000 -1.652652084e-04 -8.072368454e-05 2.858191057e-04 6.743731766e-04 -3.832255447e-06 -4.886514884e-02
353659.255000000 -1.701765685e-04 -8.524036866e-05 2.886284561e-04 8.627439491e-04 1.431523528e-03 -4.780954338e-02
353659.260000000 -1.522837835e-04 -9.001471339e-05 2.904660455e-04 1.225021505e-03 1.225357101e-03 -4.766140858e-02
353659.265000000 -1.382366168e-04 -9.059200610e-05 2.904413824e-04 1.306772391e-03 -1.024684255e-04 -4.825759297e-02
353659.270000000 -1.444375113e-04 -9.610055633e-05 2.906234986e-04 1.048648324e-03 -7.355593834e-04 -4.828384746e-02
353659.275000000 -1.592690466e-04 -1.044151084e-04 2.900159142e-04 3.877679840e-04 -3.077340923e-04 -4.828054261e-02
353659.280000000 -1.637125694e-04 -1.018725924e-04 2.872930627e-04 -4.272615301e-04 8.855343646e-04 -4.800971963e-02
353659.285000000 -1.622401843e-04 -8.952569823e-05 2.842664228e-04 -5.982384829e-04 2.113919407e-03 -4.713973823e-02
353659.290000000 -1.571444286e-04 -7.889556673e-05 2.803838065e-04 -8.898003523e-05 2.292131444e-03 -4.679072935e-02
353659.295000000 -1.414552536e-04 -6.714877749e-05 2.755606741e-04 3.850710001e-04 8.417890680e-04 -4.760564327e-02
353659.300000000 -1.346318275e-04 -5.644686285e-05 2.725669809e-04 9.552188014e-04 -8.950680966e-04 -4.869116225e-02
353659.305000000 -1.497199819e-04 -5.607585539e-05 2.672900569e-04 1.763802528e-03 -1.490798871e-03 -4.959025469e-02
353659.310000000 -1.663921330e-04 -6.655105649e-05 2.570138484e-04 1.681184010e-03 -4.456206140e-04 -4.972578771e-02
353659.315000000 -1.591570917e-04 -7.641558599e-05 2.492934949e-04 4.663374967e-04 1.823605720e-03 -4.808300754e-02
353659.320000000 -1.360601341e-04 -7.683505077e-05 2.474575322e-04 3.059657261e-05 2.711648306e-03 -4.662426216e-02
353659.325000000 -1.280280408e-04 -7.486612547e-05 2.473751266e-04 6.411208983e-04 1.741175070e-03 -4.685379750e-02
353659.330000000 -1.412106631e-04 -7.601503201e-05 2.483191486e-04 1.007888721e-03 5.171394088e-04 -4.763889406e-02
353659.335000000 -1.642038850e-04 -7.912392254e-05 2.511404983e-04 1.312214743e-03 -1.380777387e-04 -4.840189562e-02
353659.340000000 -1.784660231e-04 -8.202489197e-05 2.539245698e-04 1.543846474e-03 5.993955032e-04 -4.897544244e-02
353659.345000000 -1.714257253e-04 -8.699653793e-05 2.575748383e-04 1.139124598e-03 2.245190289e-03 -4.881296570e-02
353659.350000000 -1.473567903e-04 -9.515307859e-05 2.639219205e-04 3.527222589e-04 2.965588249e-03 -4.798560789e-02
353659.355000000 -1.266460500e-04 -9.631535770e-05 2.710134436e-04 -5.997447397e-05 1.585956753e-03 -4.783396071e-02
353659.360000000 -1.326592177e-04 -9.187799372e-05 2.744997409e-04 -9.919740437e-05 -1.591547819e-04 -4.848440049e-02
353659.365000000 -1.566194465e-04 -9.057714474e-05 2.762379337e-04 8.231113917e-05 -5.348764743e-04 -4.881117046e-02
353659.370000000 -1.694928776e-04 -8.982641498e-05 2.824252357e-04 6.772937806e-04 4.128977723e-04 -4.856306006e-02
353659.375000000 -1.529267115e-04 -8.739777534e-05 2.894275214e-04 1.182565187e-03 2.153539256e-03 -4.789260254e-02
353659.380000000 -1.304368112e-04 -8.758037335e-05 2.938368786e-04 1.164931574e-03 2.985923616e-03 -4.698982925e-02
353659.385000000 -1.257737412e-04 -9.001409949e-05 2.973932708e-04 9.965860373e-04 2.253396056e-03 -4.678234826e-02
353659.390000000 -1.359253430e-04 -9.279270539e-05 3.011471594e-04 8.018191067e-04 1.012786791e-03 -4.752932142e-02
353659.395000000 -1.624844585e-04 -9.528267276e-05 2.996151203e-04 6.351116035e-04 4.176179664e-04 -4.821092073e-02
353659.400000000 -1.773418280e-04 -9.658081948e-05 2.960567957e-04 9.293838754e-04 1.050916836e-03 -4.851156649e-02
353659.405000000 -1.574403214e-04 -1.004163144e-04 2.969438218e-04 1.278587674e-03 2.211137307e-03 -4.857090277e-02
353659.410000000 -1.198834640e-04 -1.066305731e-04 2.988474278e-04 1.272122240e-03 2.645114085e-03 -4.786193788e-02
353659.415000000 -1.028391862e-04 -1.091440554e-04 2.963846461e-04 1.241551586e-03 1.866120565e-03 -4.681253781e-02
353659.420000000 -1.246762428e-04 -1.063981406e-04 2.892162053e-04 8.667798902e-04 1.018978833e-03 -4.691507397e-02
353659.425000000 -1.478614066e-04 -1.009711248e-04 2.838131252e-04 1.701762944e-04 5.002411067e-04 -4.807939858e-02
353659.430000000 -1.388157393e-04 -9.300980587e-05 2.765895117e-04 2.525270138e-04 -4.980679409e-04 -4.947811866e-02
353659.435000000 -1.191504293e-04 -8.650663799e-05 2.673397892e-04 9.235059256e-04 -1.084421793e-03 -5.044630798e-02
353659.440000000 -1.118139231e-04 -8.545510901e-05 2.627902769e-04 1.148426063e-03 -5.784684798e-04 -4.987388716e-02
353659.445000000 -1.158219278e-04 -8.829492744e-05 2.602260371e-04 1.152956622e-03 1.919958916e-04 -4.815546034e-02
353659.450000000 -1.331254883e-04 -9.060305018e-05 2.585000049e-04 1.262940427e-03 8.441831970e-04 -4.695535944e-02
353659.455000000 -1.564611078e-04 -9.192617142e-05 2.594155388e-04 1.057079719e-03 1.621065510e-03 -4.673015762e-02
353659.460000000 -1.634439054e-04 -9.627124517e-05 2.622259568e-04 7.845503313e-04 2.066947196e-03 -4.682132503e-02
353659.465000000 -1.475301063e-04 -1.045673795e-04 2.658821424e-04 8.906913350e-04 1.422615877e-03 -4.770835641e-02
353659.470000000 -1.324302145e-04 -1.138767502e-04 2.714348526e-04 1.015473308e-03 5.991527762e-04 -4.907524880e-02
353659.475000000 -1.354387483e-04 -1.217460126e-04 2.769884655e-04 1.115298443e-03 7.900888644e-04 -4.880557535e-02
353659.480000000 -1.435067693e-04 -1.289179952e-04 2.833406252e-04 1.368418050e-03 1.131727810e-03 -4.777526385e-02
353659.485000000 -1.452732435e-04 -1.324801578e-04 2.898402596e-04 1.123046377e-03 8.188400314e-04 -4.750520066e-02
353659.490000000 -1.444976059e-04 -1.315872883e-04 2.924668538e-04 2.373228204e-04 1.015076718e-04 -4.723796862e-02
353659.495000000 -1.403555112e-04 -1.271462837e-04 2.957694406e-04 1.285600457e-04 -8.407235351e-04 -4.759645457e-02
353659.500000000 -1.357069735e-04 -1.181313366e-04 3.000199803e-04 5.047858305e-04 -1.581567405e-03 -4.867056016e-02
353659.505000000 -1.472072917e-04 -1.076556435e-04 3.031796189e-04 6.293905276e-04 -1.168247965e-03 -4.862669303e-02
353659.510000000 -1.769777703e-04 -9.910094788e-05 3.083351606e-04 1.247478940e-03 9.225988034e-04 -4.742883424e-02
353659.515000000 -1.900565152e-04 -9.712710988e-05 3.105219290e-04 1.480234972e-03 2.743551795e-03 -4.701590469e-02
353659.520000000 -1.727387705e-04 -1.037398102e-04 3.061192990e-04 8.094361036e-04 3.046998348e-03 -4.729631599e-02
353659.525000000 -1.451503404e-04 -1.137910727e-04 3.044564624e-04 2.631367195e-04 2.242051127e-03 -4.760710541e-02
353659.530000000 -1.187791378e-04 -1.222979955e-04 3.038571620e-04 1.556124230e-04 8.066859834e-04 -4.856230966e-02
353659.535000000 -1.069954665e-04 -1.258394899e-04 3.028036158e-04 1.171238097e-04 2.530545535e-04 -4.857591057e-02
353659.540000000 -1.169509910e-04 -1.237443007e-04 3.039049114e-04 3.280851733e-04 6.045642196e-04 -4.703275565e-02
353659.545000000 -1.376682550e-04 -1.156685140e-04 2.980179490e-04 8.812432943e-04 1.176565306e-03 -4.589707048e-02
353659.550000000 -1.488835456e-04 -1.087902923e-04 2.837962933e-04 7.505485440e-04 1.788114504e-03 -4.606618882e-02
353659.555000000 -1.364016436e-04 -1.081925539e-04 2.700604214e-04 -1.005610893e-05 1.360315635e-03 -4.710810382e-02
353659.560000000 -1.163733233e-04 -1.029868649e-04 2.641391410e-04 -4.440640064e-04 1.304228203e-04 -4.871362595e-02
353659.565000000 -1.097157418e-04 -9.372567669e-05 2.630936346e-04 -6.594015131e-04 -2.561667495e-04 -4.989946007e-02
353659.570000000 -1.139628667e-04 -9.007150686e-05 2.610851567e-04 -7.273896413e-04 9.149251502e-04 -4.888358231e-02
353659.575000000 -1.211904567e-04 -9.019109350e-05 2.626061945e-04 -2.507424417e-04 2.337498324e-03 -4.691237768e-02
353659.580000000 -1.235395093e-04 -8.937882514e-05 2.664192770e-04 5.578810364e-04 3.020698337e-03 -4.587290198e-02
353659.585000000 -1.167512998e-04 -8.882954449e-05 2.648970028e-04 1.096049526e-03 2.877547637e-03 -4.565603033e-02
353659.590000000 -1.074300464e-04 -9.627655950e-05 2.612500612e-04 1.235980264e-03 1.401497709e-03 -4.658470178e-02
353659.595000000 -1.033668600e-04 -1.057455061e-04 2.629948105e-04 7.394341911e-04 -6.472762280e-05 -4.817530517e-02
353659.600000000 -1.041052424e-04 -1.048239673e-04 2.690182561e-04 -2.688631644e-04 -3.323049340e-04 -4.903140599e-02
353659.605000000 -1.118895266e-04 -1.035802008e-04 2.762508905e-04 -8.084208912e-04 3.114496378e-04 -4.870088449e-02
353659.610000000 -1.324044890e-04 -1.051326075e-04 2.802138564e-04 -4.963689344e-04 1.591085668e-03 -4.787476569e-02
353659.615000000 -1.445260911e-04 -1.027304315e-04 2.809035569e-04 1.052936097e-05 2.437037679e-03 -4.720700556e-02
353659.620000000 -1.355986488e-04 -1.019252262e-04 2.842360315e-04 4.936100400e-04 2.054178814e-03 -4.691979767e-02
353659.625000000 -1.161682505e-04 -1.051826678e-04 2.895909416e-04 7.329280728e-04 7.572813858e-04 -4.755598592e-02
353659.630000000 -1.021251027e-04 -1.025451574e-04 2.940694306e-04 -1.153696262e-04 -4.664362056e-04 -4.865135317e-02
353659.635000000 -1.119106098e-04 -9.543014535e-05 2.965426036e-04 -1.171530314e-03 -4.035227610e-04 -4.858497405e-02
353659.640000000 -1.290427412e-04 -8.897893855e-05 2.997746867e-04 -1.281452586e-03 5.124912215e-04 -4.799269667e-02
353659.645000000 -1.324897409e-04 -7.689971324e-05 3.026130871e-04 -8.482119938e-04 1.145730477e-03 -4.791997414e-02
353659.650000000 -1.301429694e-04 -6.385793900e-05 2.981387854e-04 3.237671378e-04 9.846131618e-04 -4.765382010e-02
353659.655000000 -1.282105415e-04 -6.369716725e-05 2.901568556e-04 1.826253161e-03 -4.835425079e-05 -4.779482212e-02
353659.660000000 -1.286274775e-04 -7.726250825e-05 2.825846051e-04 2.181180025e-03 -1.019258627e-03 -4.863553927e-02
353659.665000000 -1.310371139e-04 -8.869247793e-05 2.770582568e-04 1.268911891e-03 -8.484880546e-04 -4.873749337e-02
353659.670000000 -1.357004591e-04 -9.276800788e-05 2.758045803e-04 2.027841700e-04 4.314601763e-04 -4.786782025e-02
353659.675000000 -1.463795993e-04 -9.181747372e-05 2.697876156e-04 -3.954080292e-04 1.598478830e-03 -4.752637101e-02
353659.680000000 -1.529721692e-04 -8.753734037e-05 2.637890830e-04 -8.234279542e-04 1.920376479e-03 -4.754908221e-02
353659.685000000 -1.442642412e-04 -8.472414521e-05 2.623011633e-04 -6.442907584e-04 9.236654230e-04 -4.774093170e-02
353659.690000000 -1.298637729e-04 -8.121451449e-05 2.568329450e-04 3.476365215e-04 -1.540090528e-03 -4.939296284e-02
353659.695000000 -1.334924730e-04 -7.677257925e-05 2.534532136e-04 7.766427416e-04 -2.654409330e-03 -5.026981780e-02
353659.700000000 -1.540894873e-04 -7.659860833e-05 2.548068108e-04 5.175109157e-04 -1.392307664e-03 -4.906496108e-02
353659.705000000 -1.671517665e-04 -8.160861905e-05 2.530078759e-04 3.194388946e-04 3.832636652e-04 -4.781082065e-02
353659.710000000 -1.617745445e-04 -8.138406858e-05 2.543482846e-04 -3.248650473e-04 1.610748498e-03 -4.728677355e-02
353659.715000000 -1.506854512e-04 -7.302157059e-05 2.580299336e-04 -5.369467461e-04 1.243903843e-03 -4.755163995e-02
353659.720000000 -1.475396246e-04 -6.629804720e-05 2.584921333e-04 4.031476414e-04 -2.853316601e-04 -4.872984612e-02
353659.725000000 -1.541582264e-04 -6.834836353e-05 2.625708252e-04 1.259266422e-03 -1.134205683e-03 -4.959943993e-02
353659.730000000 -1.717280820e-04 -8.446154912e-05 2.710783571e-04 1.353378210e-03 -1.526710201e-04 -4.864282726e-02
353659.735000000 -1.806887210e-04 -9.835315873e-05 2.794891483e-04 1.428082983e-03 1.298486265e-03 -4.747998160e-02
353659.740000000 -1.671765572e-04 -1.071058515e-04 2.870243795e-04 1.504659632e-03 1.700508211e-03 -4.759211743e-02
353659.745000000 -1.509296972e-04 -1.172305479e-04 2.919291359e-04 9.666801391e-04 1.002788020e-03 -4.809780000e-02
353659.750000000 -1.555198013e-04 -1.179122158e-04 2.952795812e-04 3.532191796e-04 -8.195681448e-04 -4.874517710e-02
353659.755000000 -1.722594509e-04 -1.134879420e-04 2.998605038e-04 7.305336503e-05 -2.028348542e-03 -4.970020925e-02
353659.760000000 -1.809588996e-04 -1.122505513e-04 3.025050670e-04 -2.490869499e-04 -1.443769639e-03 -4.979309039e-02
353659.765000000 -1.822974066e-04 -1.129320792e-04 3.045415180e-04 -2.929387419e-04 1.803406893e-04 -4.854374942e-02
353659.770000000 -1.778393593e-04 -1.068985579e-04 3.030523484e-04 5.365619781e-04 2.036749646e-03 -4.764015139e-02
353659.775000000 -1.653903153e-04 -1.019894594e-04 2.988398946e-04 8.086080893e-04 2.612020105e-03 -4.739493237e-02
353659.780000000 -1.479710565e-04 -1.056033033e-04 2.995411758e-04 3.494372887e-04 1.400845900e-03 -4.758534932e-02
353659.785000000 -1.404874549e-04 -1.028014267e-04 3.014529822e-04 3.351798177e-04 -5.381956207e-04 -4.866401154e-02
353659.790000000 -1.532145862e-04 -9.570493485e-05 2.993734005e-04 2.631673965e-04 -1.599156097e-03 -4.934948338e-02
353659.795000000 -1.679101229e-04 -1.015281330e-04 2.909755386e-04 -4.915930153e-05 -7.790755194e-04 -4.818515761e-02
353659.800000000 -1.659325785e-04 -1.119204546e-04 2.819124429e-04 -2.232087103e-04 6.492375484e-04 -4.656868132e-02
353659.805000000 -1.519115999e-04 -1.098524657e-04 2.771211746e-04 -5.906663178e-05 1.361327656e-03 -4.615634940e-02
353659.810000000 -1.509657102e-04 -1.044666782e-04 2.736775951e-04 6.055920344e-04 1.115318284e-03 -4.656032284e-02
353659.815000000 -1.709267832e-04 -1.083913773e-04 2.685325337e-04 1.039030894e-03 4.895451615e-04 -4.747819169e-02
353659.820000000 -1.799622738e-04 -1.121432294e-04 2.658408854e-04 6.394111721e-04 2.157449014e-04 -4.878867146e-02
353659.825000000 -1.660955568e-04 -1.090080759e-04 2.704098885e-04 -8.674238540e-05 2.885986655e-04 -4.941868385e-02
353659.830000000 -1.526626055e-04 -1.065896004e-04 2.723332678e-04 -5.353787246e-04 8.737410822e-04 -4.876780511e-02
353659.835000000 -1.479725430e-04 -1.058480335e-04 2.729149317e-04 -7.377164886e-04 1.562484609e-03 -4.799620039e-02
353659.840000000 -1.447775045e-04 -1.024172991e-04 2.754589246e-04 -9.582987841e-04 1.743951403e-03 -4.732183513e-02
353659.845000000 -1.432019622e-04 -9.754673013e-05 2.791849386e-04 -7.870171044e-04 1.207568374e-03 -4.670228046e-02
353659.850000000 -1.575305368e-04 -9.500535174e-05 2.859188430e-04 -1.718117209e-04 2.573828985e-05 -4.746393385e-02
353659.855000000 -1.799566979e-04 -9.217807768e-05 2.885519206e-04 -5.928881682e-05 -1.620253549e-04 -4.811462815e-02
353659.860000000 -1.844071576e-04 -8.805944236e-05 2.917082249e-04 -2.011208135e-04 8.825529257e-04 -4.742131253e-02
353659.865000000 -1.745763262e-04 -9.007220690e-05 2.964524071e-04 -3.067778741e-05 1.807204864e-03 -4.707271815e-02
353659.870000000 -1.589968027e-04 -9.905221419e-05 2.999280241e-04 -4.463721335e-04 2.235227078e-03 -4.743816590e-02
353659.875000000 -1.509545469e-04 -1.022416893e-04 3.047227121e-04 -7.390423196e-04 1.705407344e-03 -4.756547455e-02
353659.880000000 -1.651666210e-04 -1.010097931e-04 3.073838480e-04 -1.580239665e-04 6.037276977e-04 -4.798827233e-02
353659.885000000 -1.846481662e-04 -1.034500639e-04 3.101748799e-04 3.240096738e-04 3.607396003e-04 -4.887389750e-02
353659.890000000 -1.740534123e-04 -1.025660932e-04 3.116036382e-04 4.331463669e-04 1.489339109e-03 -4.830780163e-02
353659.895000000 -1.478021474e-04 -9.940541233e-05 3.081891712e-04 6.053816473e-04 2.367983324e-03 -4.741920963e-02
353659.900000000 -1.348281341e-04 -9.661542099e-05 3.027516902e-04 3.204099793e-04 2.517386494e-03 -4.741499097e-02
353659.905000000 -1.345821350e-04 -9.297291414e-05 2.973267689e-04 -6.206584289e-04 2.546929459e-03 -4.722542135e-02
353659.910000000 -1.433501649e-04 -8.420036968e-05 2.923504779e-04 -8.621493758e-04 1.613871476e-03 -4.767511873e-02
353659.915000000 -1.531102544e-04 -7.297804973e-05 2.882473744e-04 -3.710793405e-04 5.971290912e-04 -4.901228909e-02
353659.920000000 -1.574060430e-04 -6.859466323e-05 2.801483094e-04 1.096117513e-04 6.582217914e-04 -4.967556254e-02
353659.925000000 -1.529228747e-04 -6.720260857e-05 2.726938641e-04 6.998083693e-04 1.486787675e-03 -4.908554824e-02
353659.930000000 -1.309877245e-04 -7.124077865e-05 2.668634687e-04 1.013184676e-03 2.650211598e-03 -4.802694275e-02
353659.935000000 -1.119342598e-04 -8.054667328e-05 2.596732639e-04 4.792533851e-04 3.224118561e-03 -4.710553030e-02
353659.940000000 -1.135157232e-04 -8.548936804e-05 2.550677282e-04 -2.539600312e-04 2.851363481e-03 -4.646328658e-02
353659.945000000 -1.220171575e-04 -8.732084795e-05 2.524920174e-04 -4.815161078e-04 1.810317224e-03 -4.696063432e-02
353659.950000000 -1.316310469e-04 -8.383942682e-05 2.503104322e-04 -3.071587160e-04 8.656823564e-04 -4.866463963e-02
353659.955000000 -1.343304321e-04 -7.758435797e-05 2.501377416e-04 2.856149725e-04 1.236486967e-03 -4.905540269e-02
353659.960000000 -1.252155574e-04 -7.904145310e-05 2.496001289e-04 1.135574276e-03 2.417418015e-03 -4.810930688e-02
353659.965000000 -1.112274850e-04 -8.563339388e-05 2.487372174e-04 1.185690369e-03 3.116192558e-03 -4.759693803e-02
353659.970000000 -9.957927790e-05 -8.677111159e-05 2.535138759e-04 2.951145490e-04 2.543707001e-03 -4.706500935e-02
353659.975000000 -1.098084893e-04 -8.590818518e-05 2.556280170e-04 6.090267300e-05 9.082059362e-04 -4.763164314e-02
353659.980000000 -1.356989097e-04 -9.125760900e-05 2.569460016e-04 1.565997632e-04 -2.816993459e-04 -4.948040081e-02
353659.985000000 -1.425233070e-04 -9.175092101e-05 2.622969430e-04 -3.101104722e-04 -5.901416017e-05 -5.010305793e-02
353659.990000000 -1.229956061e-04 -8.368176163e-05 2.673150525e-04 1.219896680e-04 1.250984066e-03 -4.853915138e-02
353659.995000000 -1.028559429e-04 -8.040166674e-05 2.719428513e-04 8.692620615e-04 2.410529949e-03 -4.689261430e-02
353660.000000000 -9.997425840e-05 -8.928660921e-05 2.748536733e-04 4.809068047e-04 2.792474390e-03 -4.596815827e-02
353660.005000000 -1.108574460e-04 -1.000783364e-04 2.789185508e-04 6.113533634e-05 2.250382159e-03 -4.579837604e-02
353660.010000000 -1.332018526e-04 -1.003462389e-04 2.864464302e-04 5.124643814e-04 7.977534953e-04 -4.836367078e-02
353660.015000000 -1.449378080e-04 -1.015489819e-04 2.902663102e-04 7.478794561e-04 1.537972276e-04 -5.065816755e-02
353660.020000000 -1.364293560e-04 -1.052109163e-04 2.871712436e-04 5.646882844e-04 7.635037094e-04 -5.009414744e-02
353660.025000000 -1.136692887e-04 -1.026921651e-04 2.822281292e-04 4.095392336e-04 1.175479298e-03 -4.895303328e-02
353660.030000000 -8.853069821e-05 -1.026785072e-04 2.805232288e-04 -2.899541548e-04 1.255655477e-03 -4.743740205e-02
353660.035000000 -8.513908030e-05 -1.036709930e-04 2.821825023e-04 -5.671602060e-04 9.220424658e-04 -4.615722371e-02
353660.040000000 -1.032512041e-04 -9.890668809e-05 2.779059058e-04 -8.967156513e-06 1.142625824e-04 -4.643023595e-02
353660.045000000 -1.259443748e-04 -9.394614619e-05 2.676993548e-04 4.802187201e-04 -3.363274097e-04 -4.773478357e-02
353660.050000000 -1.274093256e-04 -8.622425356e-05 2.605082208e-04 8.288296598e-04 9.126901318e-05 -4.877424541e-02
353660.055000000 -1.136109753e-04 -8.003987289e-05 2.571278747e-04 9.041981918e-04 8.149322302e-04 -4.909040048e-02
353660.060000000 -1.082267001e-04 -8.374257231e-05 2.519007718e-04 3.637449901e-04 1.448551070e-03 -4.890860870e-02
353660.065000000 -1.017064124e-04 -9.317621391e-05 2.483357584e-04 -5.081345083e-04 1.820580573e-03 -4.812345157e-02
353660.070000000 -9.270914042e-05 -1.073723296e-04 2.508988416e-04 -5.986878371e-04 9.537179389e-04 -4.740634446e-02
353660.075000000 -9.455324188e-05 -1.129429010e-04 2.505748368e-04 9.351084653e-05 -4.036471660e-04 -4.793942935e-02
353660.080000000 -1.053091460e-04 -1.079314816e-04 2.487771925e-04 7.157541442e-04 -9.017125723e-04 -4.873412556e-02
353660.085000000 -1.140829414e-04 -1.041563233e-04 2.523212370e-04 1.072773383e-03 -7.776717736e-04 -4.832592609e-02
353660.090000000 -1.115757765e-04 -1.070032068e-04 2.598926487e-04 7.657823198e-04 -1.745350598e-04 -4.762046417e-02
353660.095000000 -9.960281110e-05 -1.113840308e-04 2.652980189e-04 -5.450594726e-04 4.315542278e-04 -4.716778532e-02
353660.100000000 -9.758799652e-05 -1.128712075e-04 2.706572901e-04 -1.684094342e-03 5.785608718e-04 -4.675385682e-02
353660.105000000 -1.123699295e-04 -1.099027412e-04 2.759239591e-04 -1.434215388e-03 3.194876284e-04 -4.718538316e-02
353660.110000000 -1.309002133e-04 -1.053071664e-04 2.816356623e-04 -4.289000417e-04 1.140279277e-04 -4.856963540e-02
353660.115000000 -1.329724086e-04 -1.019825087e-04 2.890450166e-04 6.436801925e-04 2.143978652e-04 -4.909915084e-02
353660.120000000 -1.206832464e-04 -9.806120043e-05 2.946747896e-04 1.472712541e-03 2.751990631e-04 -4.839121977e-02
353660.125000000 -1.134889408e-04 -1.039054736e-04 3.023391891e-04 7.514411032e-04 5.798067755e-04 -4.681434314e-02
353660.130000000 -1.115206255e-04 -1.134058422e-04 3.074646704e-04 -7.661160168e-04 7.052138327e-04 -4.532295212e-02
353660.135000000 -1.159177860e-04 -1.178342558e-04 3.098106494e-04 -1.380323182e-03 1.155465205e-04 -4.571941077e-02
353660.140000000 -1.301642020e-04 -1.163338813e-04 3.098033702e-04 -1.243400949e-03 -4.814904033e-04 -4.749801926e-02
353660.145000000 -1.467339829e-04 -1.065361361e-04 3.095667156e-04 -2.835621629e-04 -2.734784239e-04 -4.889763043e-02
353660.150000000 -1.485865175e-04 -9.956015419e-05 3.080052084e-04 9.993561012e-04 4.921886663e-04 -4.904036011e-02
353660.155000000 -1.308928195e-04 -9.761548874e-05 3.008162447e-04 1.381505391e-03 1.086872621e-03 -4.831702981e-02
353660.160000000 -1.064768552e-04 -1.002601889e-04 2.977253754e-04 5.884308354e-04 1.197627706e-03 -4.714671033e-02
353660.165000000 -9.757419772e-05 -1.037753123e-04 2.920332334e-04 -5.836727622e-04 3.025554172e-04 -4.654443050e-02
353660.170000000 -1.119084524e-04 -9.813425763e-05 2.848246778e-04 -8.835496538e-04 -8.775348444e-04 -4.780050668e-02
353660.175000000 -1.303014576e-04 -8.892216588e-05 2.810676491e-04 -5.066409306e-04 -1.333549851e-03 -4.960825641e-02
353660.180000000 -1.424579873e-04 -8.413813838e-05 2.734214103e-04 -1.777627584e-05 -1.086035603e-03 -5.011437654e-02
353660.185000000 -1.324156442e-04 -7.918929323e-05 2.679336279e-04 8.224297035e-04 -4.717852026e-04 -4.938655385e-02
353660.190000000 -1.142035672e-04 -7.845738282e-05 2.621054808e-04 7.975798760e-04 1.935971301e-04 -4.768739519e-02
353660.195000000 -1.125985270e-04 -8.971584876e-05 2.553208943e-04 -1.575343753e-04 7.171952108e-04 -4.563713984e-02
353660.200000000 -1.189206134e-04 -1.019441976e-04 2.534735824e-04 -6.803453159e-04 6.345733755e-04 -4.538248933e-02
353660.205000000 -1.325476479e-04 -1.063014630e-04 2.536435997e-04 -4.960635260e-04 -2.346146091e-04 -4.783063599e-02
353660.210000000 -1.472962142e-04 -1.035493237e-04 2.540266228e-04 3.088574446e-04 -9.202608411e-04 -4.969753903e-02
353660.215000000 -1.545368301e-04 -9.872039873e-05 2.569835815e-04 1.303134725e-03 -7.983355384e-04 -4.989544031e-02
353660.220000000 -1.547096992e-04 -9.754652071e-05 2.626809638e-04 1.431287838e-03 6.488554213e-05 -4.947595139e-02
353660.225000000 -1.411930704e-04 -1.058087128e-04 2.700362716e-04 1.846633485e-04 1.430881300e-03 -4.711582208e-02
353660.230000000 -1.305117827e-04 -1.175563695e-04 2.721824871e-04 -7.708097813e-04 1.664609170e-03 -4.596202993e-02
353660.235000000 -1.357326960e-04 -1.222318641e-04 2.704977244e-04 -1.013712060e-03 5.968081445e-04 -4.787691803e-02
353660.240000000 -1.427144330e-04 -1.198484833e-04 2.739193454e-04 -1.144999121e-03 -4.177564038e-04 -4.965697094e-02
353660.245000000 -1.590265656e-04 -1.039933919e-04 2.818763603e-04 -3.469945596e-05 -6.494528684e-04 -5.015687187e-02
353660.250000000 -1.716367361e-04 -9.083896068e-05 2.913541382e-04 8.817362296e-04 2.041805444e-04 -4.951021184e-02
353660.255000000 -1.615980120e-04 -9.313277766e-05 2.955096030e-04 4.674131043e-04 1.323447009e-03 -4.756687714e-02
353660.260000000 -1.438161450e-04 -9.627717683e-05 2.920988865e-04 1.714877080e-04 1.471523090e-03 -4.562577255e-02
353660.265000000 -1.490739324e-04 -1.050319390e-04 2.843981278e-04 5.013025570e-05 5.566747097e-04 -4.677455678e-02
353660.270000000 -1.681793381e-04 -1.147620918e-04 2.779433416e-04 -4.736784256e-04 1.167809418e-04 -4.906198329e-02
353660.275000000 -1.746084400e-04 -1.145186166e-04 2.779603565e-04 -6.993311570e-04 4.208377789e-04 -4.987846002e-02
353660.280000000 -1.700902791e-04 -1.114231306e-04 2.763093903e-04 -2.233336297e-04 7.098899127e-04 -5.024166268e-02
353660.285000000 -1.542805902e-04 -1.060790030e-04 2.654665006e-04 -3.699557425e-04 1.551090658e-03 -4.860900959e-02
353660.290000000 -1.396106324e-04 -1.011266503e-04 2.554088690e-04 -6.374724392e-04 2.201424453e-03 -4.582572901e-02
353660.295000000 -1.343527383e-04 -9.851603937e-05 2.499996861e-04 -4.541992134e-05 1.756988620e-03 -4.505326791e-02
353660.300000000 -1.461856776e-04 -9.668274038e-05 2.446644714e-04 2.719164242e-04 1.182827222e-03 -4.636943499e-02
353660.305000000 -1.618306525e-04 -9.647391418e-05 2.393888669e-04 -1.018234449e-04 8.379774273e-04 -4.854769159e-02
353660.310000000 -1.578293415e-04 -9.048050107e-05 2.342526993e-04 -4.614540255e-04 5.168758541e-04 -5.018541107e-02
353660.315000000 -1.447751545e-04 -8.036565879e-05 2.312579007e-04 -7.986769051e-04 4.480442953e-04 -5.055039455e-02
353660.320000000 -1.326808593e-04 -7.597745944e-05 2.277016535e-04 -1.177691044e-03 7.312124250e-04 -4.930412383e-02
353660.325000000 -1.294749667e-04 -7.987283585e-05 2.209176618e-04 -3.668477405e-04 1.123663698e-03 -4.687368544e-02
353660.330000000 -1.395061959e-04 -9.071930806e-05 2.219991010e-04 7.668986599e-04 1.203135036e-03 -4.600761388e-02
353660.335000000 -1.468789051e-04 -1.006545430e-04 2.269130815e-04 8.726983025e-04 1.061958266e-03 -4.676503355e-02
353660.340000000 -1.524475760e-04 -1.053795341e-04 2.274244808e-04 6.000121571e-04 9.551141115e-04 -4.755964141e-02
353660.345000000 -1.593558415e-04 -1.054146981e-04 2.311622946e-04 1.302773022e-04 1.191702439e-03 -4.911502463e-02
353660.350000000 -1.575683477e-04 -1.057325039e-04 2.418034712e-04 -8.462669315e-04 1.952295910e-03 -4.958025109e-02
353660.355000000 -1.434547890e-04 -1.097163489e-04 2.514663153e-04 -1.609563690e-03 2.389000277e-03 -4.804855687e-02
353660.360000000 -1.282982478e-04 -1.089286916e-04 2.540532275e-04 -1.138830459e-03 1.769289574e-03 -4.724242168e-02
353660.365000000 -1.387326903e-04 -1.067492713e-04 2.573634128e-04 -2.845707581e-04 4.903584091e-04 -4.754859909e-02
353660.370000000 -1.629170800e-04 -1.070642131e-04 2.650821599e-04 1.867016887e-04 -1.097475981e-04 -4.747283061e-02
353660.375000000 -1.681914859e-04 -1.063526695e-04 2.700510244e-04 6.071446549e-04 4.608080065e-06 -4.762226216e-02
353660.380000000 -1.527300146e-04 -1.002580921e-04 2.724844722e-04 5.405844474e-04 3.281608541e-04 -4.826863279e-02
353660.385000000 -1.231740134e-04 -9.248471530e-05 2.742014857e-04 -2.444212293e-04 1.016445054e-03 -4.738151006e-02
353660.390000000 -1.138028986e-04 -9.303118156e-05 2.708715054e-04 -4.995349390e-04 9.656191447e-04 -4.653043407e-02
353660.395000000 -1.344032730e-04 -9.845525338e-05 2.637267325e-04 -1.897681422e-04 3.798862917e-04 -4.736669538e-02
353660.400000000 -1.673367017e-04 -9.992815527e-05 2.618657642e-04 1.319921298e-04 6.737599381e-04 -4.807465927e-02
353660.405000000 -1.823290999e-04 -1.061696596e-04 2.644300327e-04 1.082655289e-03 1.490350427e-03 -4.876752136e-02
353660.410000000 -1.506201322e-04 -1.151238153e-04 2.639643314e-04 1.416482826e-03 1.618542970e-03 -4.954058899e-02
353660.415000000 -1.049628776e-04 -1.162680950e-04 2.582252278e-04 4.620303591e-04 1.079934421e-03 -4.887253968e-02
353660.420000000 -8.145336983e-05 -1.136428621e-04 2.497922936e-04 -4.908115517e-04 5.573385184e-04 -4.709716448e-02
353660.425000000 -1.029292603e-04 -1.135385116e-04 2.398380713e-04 -1.086618065e-03 -1.111054686e-04 -4.648128150e-02
353660.430000000 -1.438193122e-04 -1.051121042e-04 2.350205855e-04 -1.211126909e-03 -4.951085139e-04 -4.714895130e-02
353660.435000000 -1.693163376e-04 -8.600060345e-05 2.336059010e-04 -3.975462286e-04 -2.135440675e-04 -4.785187469e-02
353660.440000000 -1.772928533e-04 -8.029340888e-05 2.257869085e-04 9.944118775e-04 2.879142264e-04 -4.900547488e-02
353660.445000000 -1.416271677e-04 -8.758339740e-05 2.214888054e-04 9.164699923e-04 1.156142229e-03 -4.968604741e-02
353660.450000000 -1.040226945e-04 -9.429610075e-05 2.242368416e-04 -5.424782208e-05 1.845370240e-03 -4.858191983e-02
353660.455000000 -1.080383394e-04 -9.992460148e-05 2.267757779e-04 -4.842478101e-05 1.857791224e-03 -4.744913246e-02
353660.460000000 -1.232139806e-04 -1.082253122e-04 2.279469040e-04 6.897054971e-05 1.684597898e-03 -4.736597324e-02
353660.465000000 -1.322023012e-04 -1.155565997e-04 2.364636515e-04 1.400025315e-04 9.726348398e-04 -4.736695147e-02
353660.470000000 -1.288885501e-04 -1.175308507e-04 2.462752628e-04 9.450768623e-04 -1.276606443e-04 -4.795335030e-02
353660.475000000 -1.220546819e-04 -1.172860040e-04 2.489030788e-04 1.577655112e-03 -5.490477818e-04 -4.898730276e-02
353660.480000000 -1.249769580e-04 -1.180889790e-04 2.524448493e-04 1.042854984e-03 1.466619768e-04 -4.876498742e-02
353660.485000000 -1.298111684e-04 -1.255671973e-04 2.630381325e-04 -1.286364496e-04 1.556419656e-03 -4.767852564e-02
353660.490000000 -1.323556519e-04 -1.298677359e-04 2.703064231e-04 -9.722886031e-04 2.254905345e-03 -4.785551333e-02
353660.495000000 -1.345149999e-04 -1.275377678e-04 2.702436280e-04 -1.242259239e-03 1.937147829e-03 -4.878718054e-02
353660.500000000 -1.321263518e-04 -1.274645807e-04 2.707796827e-04 -8.182504357e-04 1.166603652e-03 -4.915598385e-02
353660.505000000 -1.318571852e-04 -1.270071810e-04 2.763564883e-04 3.741546133e-04 3.834498285e-04 -4.963787580e-02
353660.510000000 -1.281632238e-04 -1.242962514e-04 2.834336759e-04 5.620620230e-04 6.742206431e-04 -4.909412919e-02
353660.515000000 -1.148668538e-04 -1.242745803e-04 2.828583350e-04 -2.646234232e-04 1.589353691e-03 -4.717943455e-02
353660.520000000 -1.031223639e-04 -1.260417286e-04 2.775599056e-04 -5.786912286e-04 1.629962902e-03 -4.604442532e-02
353660.525000000 -1.077438100e-04 -1.210002883e-04 2.721079112e-04 -9.846283166e-04 5.168414610e-04 -4.677640345e-02
353660.530000000 -1.293937611e-04 -1.166222726e-04 2.667263160e-04 -8.719337300e-04 -5.708414182e-04 -4.798042134e-02
353660.535000000 -1.526236331e-04 -1.144274012e-04 2.611595001e-04 4.684828244e-04 -8.695080332e-04 -4.917433309e-02
353660.540000000 -1.641334973e-04 -1.109066316e-04 2.528604254e-04 1.459912205e-03 -4.456135340e-05 -5.028866669e-02
353660.545000000 -1.297716377e-04 -1.191714872e-04 2.428710864e-04 6.432096236e-04 2.310604511e-03 -4.868435824e-02
353660.550000000 -7.660281707e-05 -1.332926169e-04 2.383157241e-04 -6.776050401e-04 3.331670546e-03 -4.645574189e-02
353660.555000000 -5.570909239e-05 -1.400444986e-04 2.384541266e-04 -1.461906867e-03 1.975290886e-03 -4.644369143e-02
353660.560000000 -6.955157738e-05 -1.384408590e-04 2.379636795e-04 -1.987319075e-03 3.524690313e-04 -4.699413126e-02
353660.565000000 -1.142861853e-04 -1.183819834e-04 2.319403659e-04 -6.515405870e-04 -1.312802902e-03 -4.830337537e-02
353660.570000000 -1.462032636e-04 -9.954752384e-05 2.237412981e-04 9.232770890e-04 -1.764610953e-03 -4.966090518e-02
353660.575000000 -1.444391066e-04 -9.482382605e-05 2.185140734e-04 6.558514223e-04 -2.700330371e-04 -4.903930116e-02
353660.580000000 -1.226752180e-04 -9.577711726e-05 2.165175277e-04 -2.039303378e-05 1.334709690e-03 -4.711725059e-02
353660.585000000 -9.825423865e-05 -1.107731870e-04 2.219822187e-04 -1.214037786e-03 1.110496315e-03 -4.657461917e-02
353660.590000000 -1.036028038e-04 -1.227213104e-04 2.252301067e-04 -2.357866093e-03 -8.871364782e-05 -4.741833105e-02
353660.595000000 -1.408821194e-04 -1.202995270e-04 2.308194320e-04 -1.790540620e-03 -6.782176174e-04 -4.805264144e-02
353660.600000000 -1.738126823e-04 -1.130594921e-04 2.384470890e-04 1.413075233e-05 -6.930647662e-04 -4.882551310e-02
353660.605000000 -1.555134711e-04 -1.078080231e-04 2.435576792e-04 1.391276525e-03 8.179194559e-04 -4.853416384e-02
353660.610000000 -1.126456778e-04 -1.097469070e-04 2.483656388e-04 1.405627226e-03 2.477500634e-03 -4.644828294e-02
353660.615000000 -9.823175959e-05 -1.177952113e-04 2.492035286e-04 6.688615496e-04 2.624604251e-03 -4.499357826e-02
353660.620000000 -1.040921244e-04 -1.303244455e-04 2.577861758e-04 -7.742057835e-04 2.045453482e-03 -4.556963274e-02
353660.625000000 -1.203595561e-04 -1.340210122e-04 2.677361217e-04 -2.635478461e-03 4.247464276e-04 -4.731751678e-02
353660.630000000 -1.415803364e-04 -1.183637535e-04 2.669165494e-04 -2.194762007e-03 -1.205659941e-03 -4.928620369e-02
353660.635000000 -1.567126149e-04 -1.013080677e-04 2.611389019e-04 -2.685731853e-04 -1.277402859e-03 -5.054626076e-02
353660.640000000 -1.548127265e-04 -9.650793648e-05 2.562780151e-04 5.190371119e-04 -4.373390064e-05 -4.943903144e-02
353660.645000000 -1.282061094e-04 -9.620020727e-05 2.588553241e-04 7.405284322e-04 1.576843872e-03 -4.608700253e-02
353660.650000000 -1.032777576e-04 -1.010709135e-04 2.609881285e-04 9.486923227e-05 2.191151362e-03 -4.477229791e-02
353660.655000000 -1.012421860e-04 -1.085929096e-04 2.556961248e-04 -1.560260869e-03 1.802814582e-03 -4.584868146e-02
353660.660000000 -1.096499619e-04 -1.075205665e-04 2.475218836e-04 -2.492789818e-03 8.619619937e-04 -4.691577090e-02
353660.665000000 -1.228834796e-04 -8.688747540e-05 2.365046714e-04 -1.228742886e-03 -7.503227693e-04 -4.935023573e-02
353660.670000000 -1.279171479e-04 -6.730281431e-05 2.283379660e-04 5.517923880e-04 -9.131927899e-04 -5.027939315e-02
353660.675000000 -1.224720458e-04 -6.516242865e-05 2.254195084e-04 1.483048997e-03 6.186166268e-04 -4.785419775e-02
353660.680000000 -1.143475816e-04 -7.210457265e-05 2.199191457e-04 2.077300451e-03 1.918756995e-03 -4.535568650e-02
353660.685000000 -1.052028611e-04 -1.009398458e-04 2.106510259e-04 4.828506006e-04 2.355636144e-03 -4.453277868e-02
353660.690000000 -8.950602880e-05 -1.201317782e-04 2.088752948e-04 -2.012716391e-03 1.231961301e-03 -4.562257042e-02
353660.695000000 -8.589346779e-05 -1.143111252e-04 2.110010273e-04 -2.630483492e-03 -8.873656348e-04 -4.815368233e-02
353660.700000000 -1.059611900e-04 -1.033691447e-04 2.082455895e-04 -2.113484853e-03 -2.168860379e-03 -5.042013695e-02
353660.705000000 -1.427100205e-04 -8.095483802e-05 2.080299583e-04 -6.000519083e-04 -5.078382079e-04 -4.929062420e-02
353660.710000000 -1.612256340e-04 -6.942936800e-05 2.130586255e-04 9.800711816e-04 2.133959513e-03 -4.645688050e-02
353660.715000000 -1.334023862e-04 -7.924204147e-05 2.187460921e-04 1.097921766e-03 2.885071174e-03 -4.527790383e-02
353660.720000000 -9.271046538e-05 -8.834400141e-05 2.268718906e-04 3.786192785e-04 1.847836860e-03 -4.556224096e-02
353660.725000000 -8.732153850e-05 -9.296627415e-05 2.348069056e-04 -4.925142765e-04 -1.936663502e-03 -4.817657463e-02
353660.730000000 -1.246959001e-04 -9.319255394e-05 2.402408521e-04 -1.365301760e-03 -4.743696751e-03 -5.105637973e-02
353660.735000000 -1.633652314e-04 -8.549520844e-05 2.451381178e-04 -1.851967124e-03 -3.863753605e-03 -5.113447237e-02
353660.740000000 -1.785908934e-04 -7.078687686e-05 2.450413630e-04 -1.276542375e-03 -1.518997085e-03 -4.873806516e-02
353660.745000000 -1.757488774e-04 -7.159617327e-05 2.505305921e-04 7.485907731e-04 1.349056263e-03 -4.550924529e-02
353660.750000000 -1.698507874e-04 -8.966397187e-05 2.588712192e-04 1.721046049e-03 2.682769585e-03 -4.415903918e-02
353660.755000000 -1.615027729e-04 -1.051029383e-04 2.646261401e-04 8.613539073e-04 1.837255409e-03 -4.513301756e-02
353660.760000000 -1.539271420e-04 -1.176407848e-04 2.697278033e-04 1.778956570e-05 2.412665048e-04 -4.766127294e-02
353660.765000000 -1.591658342e-04 -1.221433655e-04 2.646933167e-04 -1.355989719e-03 -9.404202920e-04 -5.107609019e-02
353660.770000000 -1.643092848e-04 -1.061120492e-04 2.617166958e-04 -2.024187676e-03 -9.076396121e-04 -5.139503463e-02
353660.775000000 -1.593339242e-04 -8.540380874e-05 2.610815370e-04 -8.220553259e-04 -3.222113499e-04 -4.877092397e-02
353660.780000000 -1.516616071e-04 -7.764269124e-05 2.608332283e-04 4.405637512e-04 1.363767816e-04 -4.619538159e-02
353660.785000000 -1.466002731e-04 -7.780076558e-05 2.603097107e-04 8.441116624e-04 -2.278820454e-04 -4.498264141e-02
353660.790000000 -1.466256625e-04 -8.334123011e-05 2.497128895e-04 7.523235953e-04 -1.753322214e-03 -4.665665221e-02
353660.795000000 -1.502385616e-04 -8.589740398e-05 2.366341132e-04 8.911158149e-05 -2.984477827e-03 -4.973326270e-02
353660.800000000 -1.745668112e-04 -7.579947129e-05 2.260132661e-04 -1.087426200e-03 -1.750142721e-03 -5.064905873e-02
353660.805000000 -2.004998992e-04 -5.854005409e-05 2.207339743e-04 -1.029165799e-03 8.223754239e-04 -4.914289611e-02
353660.810000000 -2.024412385e-04 -5.402106835e-05 2.259265768e-04 1.678151856e-04 2.672884679e-03 -4.773919804e-02
353660.815000000 -1.852032040e-04 -6.997185754e-05 2.314366674e-04 7.492064227e-04 3.521015828e-03 -4.663386677e-02
353660.820000000 -1.479717644e-04 -9.824067102e-05 2.320565806e-04 1.193812935e-03 1.258137108e-03 -4.712939499e-02
353660.825000000 -1.276328679e-04 -1.240055102e-04 2.299944000e-04 8.176675085e-04 -2.054868836e-03 -4.956195502e-02
353660.830000000 -1.435644328e-04 -1.396517544e-04 2.253987183e-04 -9.229541033e-04 -3.091485887e-03 -5.111366275e-02
353660.835000000 -1.677279472e-04 -1.338610170e-04 2.255066233e-04 -2.151764226e-03 -2.601700899e-03 -5.073507612e-02
353660.840000000 -1.947241749e-04 -1.029086307e-04 2.298844666e-04 -1.703670648e-03 -4.019276770e-04 -4.896566929e-02
353660.845000000 -2.127554309e-04 -8.542683851e-05 2.321705302e-04 -9.212099339e-04 1.886616608e-03 -4.699149471e-02
353660.850000000 -2.041355281e-04 -8.770044018e-05 2.378148666e-04 -6.388959713e-04 2.448400539e-03 -4.604169473e-02
353660.855000000 -1.806731933e-04 -8.947929825e-05 2.509991262e-04 -7.067709912e-05 1.627147145e-03 -4.682666547e-02
353660.860000000 -1.732881558e-04 -9.419936390e-05 2.614781765e-04 3.162066661e-05 2.033306868e-04 -4.944324903e-02
353660.865000000 -1.863455519e-04 -9.690566337e-05 2.640806359e-04 -4.836663776e-04 9.890023082e-05 -5.050897745e-02
353660.870000000 -1.937957749e-04 -9.433467199e-05 2.614494542e-04 -4.200641577e-04 1.160848467e-03 -4.925938338e-02
353660.875000000 -1.831675113e-04 -8.642458349e-05 2.615119616e-04 9.701302661e-05 1.994348262e-03 -4.792496968e-02
353660.880000000 -1.676839193e-04 -8.886674382e-05 2.720185708e-04 5.497555139e-04 1.748632202e-03 -4.618664120e-02
353660.885000000 -1.702236191e-04 -1.072936312e-04 2.776516411e-04 9.422459229e-04 6.515015785e-04 -4.595782859e-02
353660.890000000 -1.828608894e-04 -1.233982919e-04 2.754389510e-04 6.853771437e-04 -2.203058807e-04 -4.808693013e-02
353660.895000000 -1.849926533e-04 -1.312443518e-04 2.701449544e-04 -5.264955677e-04 -5.611270260e-04 -4.993341862e-02
353660.900000000 -1.745779448e-04 -1.258335847e-04 2.566607171e-04 -1.504166265e-03 3.939858717e-04 -5.013304530e-02
353660.905000000 -1.671993142e-04 -1.101361015e-04 2.431477220e-04 -1.537610631e-03 2.008476999e-03 -4.934685188e-02
353660.910000000 -1.675684593e-04 -9.434595318e-05 2.400293769e-04 -1.260415427e-03 3.235129780e-03 -4.802882530e-02
353660.915000000 -1.675698347e-04 -8.138935523e-05 2.369182274e-04 -7.604635482e-04 3.764513425e-03 -4.641880255e-02
353660.920000000 -1.541635141e-04 -7.865362363e-05 2.316022047e-04 -5.451215187e-04 2.696559738e-03 -4.726279460e-02
353660.925000000 -1.329650539e-04 -7.804658790e-05 2.314656124e-04 -9.968952097e-04 1.311673204e-03 -4.952318291e-02
353660.930000000 -1.147498422e-04 -7.239509860e-05 2.285300452e-04 -1.154977954e-03 5.208444289e-04 -5.034695752e-02
353660.935000000 -1.102350328e-04 -6.720160831e-05 2.228953033e-04 -7.708640525e-04 -1.243998436e-05 -5.044905824e-02
353660.940000000 -1.393332571e-04 -6.569792523e-05 2.097352310e-04 -2.641079213e-04 1.283719934e-03 -4.867231971e-02
353660.945000000 -1.547636157e-04 -6.639608882e-05 2.021121286e-04 4.936938292e-04 2.993525836e-03 -4.600520291e-02
353660.950000000 -1.414649226e-04 -7.132175420e-05 2.101527163e-04 1.541785381e-03 2.965545481e-03 -4.545195231e-02
353660.955000000 -1.357344394e-04 -8.717386111e-05 2.157971126e-04 2.007496421e-03 2.251529781e-03 -4.669333051e-02
353660.960000000 -1.269777930e-04 -1.161875647e-04 2.140100645e-04 7.364720562e-04 1.978038365e-03 -4.849457165e-02
353660.965000000 -1.106222134e-04 -1.367041425e-04 2.146110449e-04 -7.825213828e-04 2.058968353e-03 -4.960033791e-02
353660.970000000 -1.003120052e-04 -1.308890369e-04 2.170954727e-04 -1.541171768e-03 1.974179522e-03 -4.988635250e-02
353660.975000000 -1.062616428e-04 -1.123356382e-04 2.219129507e-04 -1.757931100e-03 2.097562119e-03 -4.928812681e-02
353660.980000000 -1.302230248e-04 -1.021497537e-04 2.296530572e-04 -3.976244673e-04 2.431393673e-03 -4.746986439e-02
353660.985000000 -1.351148627e-04 -1.046657115e-04 2.377188793e-04 8.300917812e-04 2.004589865e-03 -4.696104793e-02
353660.990000000 -1.057971878e-04 -1.063613642e-04 2.455866835e-04 3.511815214e-04 8.863670663e-04 -4.800391141e-02
353660.995000000 -7.686600767e-05 -1.056502318e-04 2.454546460e-04 -5.720943362e-04 -4.887806622e-05 -4.840766679e-02
353661.000000000 -8.782611460e-05 -1.006528828e-04 2.426833708e-04 -1.231548114e-03 -1.914110015e-05 -4.874003116e-02
353661.005000000 -1.251582161e-04 -9.364972423e-05 2.399404627e-04 -1.725462573e-03 1.184487426e-03 -4.809244455e-02
353661.010000000 -1.517561017e-04 -8.895161636e-05 2.398971809e-04 -1.370062671e-03 2.414414052e-03 -4.634738426e-02
353661.015000000 -1.570584330e-04 -8.373037274e-05 2.423943576e-04 4.095948636e-04 2.629031428e-03 -4.567076740e-02
353661.020000000 -1.302055006e-04 -9.386006558e-05 2.399548343e-04 1.713223257e-03 1.736456450e-03 -4.689554497e-02
353661.025000000 -9.527622352e-05 -1.117232725e-04 2.377261422e-04 1.482362406e-03 8.633672327e-04 -4.791880298e-02
353661.030000000 -8.171491687e-05 -1.247848065e-04 2.354079157e-04 6.142807892e-04 5.074530899e-04 -4.833594782e-02
353661.035000000 -8.946950789e-05 -1.359376307e-04 2.251268207e-04 -8.156278527e-04 6.086427273e-04 -4.897732568e-02
353661.040000000 -1.085239469e-04 -1.182122015e-04 2.113662320e-04 -2.180326715e-03 9.466293854e-04 -4.749237518e-02
353661.045000000 -1.250957988e-04 -9.217733982e-05 2.053186958e-04 -1.820545891e-03 3.513173777e-04 -4.624216867e-02
353661.050000000 -1.253751132e-04 -8.161822423e-05 2.023470681e-04 -2.929545747e-04 -7.486359263e-04 -4.740998508e-02
353661.055000000 -1.202542768e-04 -7.360305900e-05 1.994331549e-04 8.011265951e-04 -8.691963174e-04 -4.816195309e-02
353661.060000000 -1.147166264e-04 -8.428913718e-05 1.917847239e-04 8.858433934e-04 3.391083755e-04 -4.801026572e-02
353661.065000000 -1.012391217e-04 -9.496697828e-05 1.814357752e-04 -3.561618349e-04 1.659731623e-03 -4.799678043e-02
353661.070000000 -9.335625017e-05 -8.963654191e-05 1.785527777e-04 -2.154971243e-03 2.262524659e-03 -4.773524159e-02
353661.075000000 -9.876854605e-05 -8.180770663e-05 1.783201982e-04 -2.848734450e-03 2.345793506e-03 -4.698015312e-02
353661.080000000 -1.121717552e-04 -7.397216328e-05 1.834008579e-04 -9.702371966e-04 1.222818654e-03 -4.718017271e-02
353661.085000000 -1.227602579e-04 -7.661147906e-05 1.888318723e-04 1.056357230e-03 2.481594448e-04 -4.733773990e-02
353661.090000000 -1.251794683e-04 -8.968787441e-05 1.945384307e-04 1.566119017e-03 3.364721591e-04 -4.652099061e-02
353661.095000000 -1.143105454e-04 -1.050991296e-04 2.029141329e-04 1.746791516e-03 4.888856998e-04 -4.634324203e-02
353661.100000000 -9.536447773e-05 -1.232298886e-04 2.034881339e-04 -2.677275480e-04 6.191054347e-04 -4.711049321e-02
353661.105000000 -9.231941479e-05 -1.312715903e-04 2.037128761e-04 -2.910307040e-03 3.688450765e-04 -4.753605616e-02
353661.110000000 -1.083162074e-04 -1.185482598e-04 2.060090418e-04 -3.297150337e-03 -3.106120530e-04 -4.778087818e-02
353661.115000000 -1.325988028e-04 -9.778806795e-05 2.107388620e-04 -2.493865723e-03 -5.275311026e-04 -4.858765177e-02
353661.120000000 -1.412275296e-04 -7.891498470e-05 2.233739145e-04 -2.669128840e-04 5.783136128e-04 -4.792082836e-02
353661.125000000 -1.282618579e-04 -7.796091850e-05 2.339856790e-04 1.866191668e-03 1.842143199e-03 -4.690409809e-02
353661.130000000 -1.095684488e-04 -8.536933042e-05 2.343320766e-04 1.664329106e-03 2.325591751e-03 -4.731263095e-02
353661.135000000 -8.307842612e-05 -8.758704542e-05 2.317053331e-04 -1.236715842e-04 2.346182878e-03 -4.746186642e-02
353661.140000000 -7.219949128e-05 -8.495285361e-05 2.263331464e-04 -1.617152074e-03 5.007900539e-04 -4.770051044e-02
353661.145000000 -9.574655842e-05 -7.267717664e-05 2.181138932e-04 -1.618601856e-03 -1.711319623e-03 -4.869769604e-02
353661.150000000 -1.251306194e-04 -6.275863611e-05 2.151372841e-04 -6.919834250e-04 -1.977170293e-03 -4.895683335e-02
353661.155000000 -1.387146429e-04 -6.544163462e-05 2.152004466e-04 7.773623410e-04 -1.012668968e-03 -4.785125380e-02
353661.160000000 -1.179129069e-04 -8.093910137e-05 2.052153903e-04 2.101577982e-03 6.336205121e-04 -4.691345406e-02
353661.165000000 -8.844084672e-05 -9.914459080e-05 1.950263805e-04 1.465242064e-03 2.046995890e-03 -4.647024572e-02
353661.170000000 -8.483136384e-05 -1.126583955e-04 1.899769666e-04 -7.570294439e-04 2.374310329e-03 -4.625506334e-02
353661.175000000 -8.471667692e-05 -1.158462491e-04 1.821620302e-04 -2.608279207e-03 1.392333561e-03 -4.748981246e-02
353661.180000000 -9.812144771e-05 -9.571188597e-05 1.762180115e-04 -3.009175120e-03 2.188238299e-05 -4.962875389e-02
353661.185000000 -1.094565391e-04 -6.961885661e-05 1.727436759e-04 -1.583557415e-03 -4.909116310e-04 -4.996854657e-02
353661.190000000 -9.709860664e-05 -5.824787448e-05 1.722941874e-04 7.109635988e-04 -6.140299104e-04 -4.889955620e-02
353661.195000000 -8.375075622e-05 -6.011724193e-05 1.748879950e-04 2.054762253e-03 -7.704368999e-04 -4.806685974e-02
353661.200000000 -8.059086189e-05 -6.794083683e-05 1.726206747e-04 1.026520649e-03 -4.671500229e-04 -4.667389516e-02
353661.205000000 -8.554943728e-05 -7.370745593e-05 1.649953265e-04 -8.654153555e-04 -5.749028501e-04 -4.642565000e-02
353661.210000000 -9.063037767e-05 -8.437370612e-05 1.624966130e-04 -2.265174281e-03 -1.464216056e-03 -4.816932046e-02
353661.215000000 -1.010726486e-04 -8.498522806e-05 1.624582147e-04 -3.014499467e-03 -2.080116370e-03 -4.939845132e-02
353661.220000000 -1.377609145e-04 -6.770040155e-05 1.671843434e-04 -5.939161416e-04 -1.111875971e-03 -4.915356587e-02
353661.225000000 -1.647992931e-04 -6.484132674e-05 1.750636392e-04 2.397036884e-03 8.735053833e-04 -4.835888808e-02
353661.230000000 -1.499055094e-04 -8.463758893e-05 1.835788486e-04 2.590230330e-03 2.273606765e-03 -4.722040640e-02
353661.235000000 -1.232758780e-04 -1.024713954e-04 1.920059306e-04 1.612669349e-03 2.423851362e-03 -4.624827186e-02
353661.240000000 -1.066030615e-04 -1.154791626e-04 1.952041543e-04 -7.071924814e-04 -2.743967715e-05 -4.803656323e-02
353661.245000000 -1.109503646e-04 -1.211293016e-04 1.980403895e-04 -2.966881147e-03 -2.694341494e-03 -5.028995471e-02
353661.250000000 -1.344109173e-04 -1.091278222e-04 1.978643125e-04 -3.238842592e-03 -3.366980263e-03 -5.037870634e-02
353661.255000000 -1.640339440e-04 -8.386526060e-05 1.946494990e-04 -1.732718791e-03 -2.850228978e-03 -4.997318526e-02
353661.260000000 -1.708633799e-04 -6.261493911e-05 1.913830554e-04 3.758831522e-04 -1.597232549e-04 -4.784572121e-02
353661.265000000 -1.532482652e-04 -6.391791551e-05 1.887087905e-04 1.151498654e-03 2.184657789e-03 -4.522873841e-02
353661.270000000 -1.370082956e-04 -7.137633552e-05 1.862266069e-04 9.036295501e-04 1.968708031e-03 -4.519933170e-02
353661.275000000 -1.311578631e-04 -7.430063364e-05 1.810984168e-04 7.456827758e-05 7.091773405e-04 -4.748180175e-02
353661.280000000 -1.333412059e-04 -7.971853018e-05 1.759499096e-04 -1.332560931e-03 -1.091087011e-03 -5.039927427e-02
353661.285000000 -1.437797095e-04 -7.287136980e-05 1.679295780e-04 -1.254442680e-03 -2.109276293e-03 -5.166414717e-02
353661.290000000 -1.624332428e-04 -5.545904128e-05 1.594912775e-04 2.312625125e-04 -1.164711379e-03 -5.061920156e-02
353661.295000000 -1.734910229e-04 -5.497730900e-05 1.540653727e-04 1.084677483e-03 9.140257551e-04 -4.777891365e-02
353661.300000000 -1.432148805e-04 -7.717959515e-05 1.493189039e-04 8.532202171e-04 1.709330058e-03 -4.508010723e-02
353661.305000000 -1.083468413e-04 -9.542679762e-05 1.444412615e-04 -2.480423324e-04 3.443792496e-04 -4.576938568e-02
353661.310000000 -1.166397368e-04 -9.683179820e-05 1.366724922e-04 -1.744007889e-03 -1.433820752e-03 -4.836849830e-02
353661.315000000 -1.425195069e-04 -9.273481391e-05 1.261346257e-04 -2.690374987e-03 -2.423796869e-03 -5.003600080e-02
353661.320000000 -1.646001576e-04 -7.043375091e-05 1.224481972e-04 -1.753593543e-03 -1.466648496e-03 -5.077370004e-02
353661.325000000 -1.764090209e-04 -4.409922922e-05 1.265853157e-04 1.440302952e-04 1.056192574e-03 -4.962296298e-02
353661.330000000 -1.770859016e-04 -4.004066047e-05 1.292737179e-04 1.620813646e-03 3.154970349e-03 -4.697428894e-02
353661.335000000 -1.591955787e-04 -5.451452084e-05 1.297994602e-04 2.123783018e-03 3.755674747e-03 -4.540194952e-02
353661.340000000 -1.149327747e-04 -7.921560835e-05 1.379132472e-04 4.175549744e-05 1.551995174e-03 -4.637069359e-02
353661.345000000 -9.446481638e-05 -8.997200562e-05 1.486548494e-04 -2.146213971e-03 -1.453202182e-03 -4.835521838e-02
353661.350000000 -1.185833090e-04 -8.105783833e-05 1.515922903e-04 -1.905106122e-03 -2.651367161e-03 -4.965424341e-02
353661.355000000 -1.503965785e-04 -7.107455338e-05 1.540458179e-04 -1.140193769e-03 -2.274438267e-03 -4.977967957e-02
353661.360000000 -1.798583888e-04 -6.844681595e-05 1.592096602e-04 7.357806692e-05 -8.379639742e-06 -4.694996334e-02
353661.365000000 -1.815662464e-04 -7.305158341e-05 1.671586378e-04 1.522837248e-03 1.831777280e-03 -4.464920011e-02
353661.370000000 -1.612691117e-04 -8.759654633e-05 1.755068589e-04 1.542538687e-03 1.671985541e-03 -4.564835735e-02
353661.375000000 -1.469273512e-04 -1.105766935e-04 1.791462938e-04 2.317820729e-05 5.494854288e-04 -4.766344451e-02
353661.380000000 -1.384050861e-04 -1.194769978e-04 1.770738822e-04 -1.983111612e-03 -1.147246771e-03 -5.060062922e-02
353661.385000000 -1.456528466e-04 -1.053598787e-04 1.740154990e-04 -2.790533869e-03 -1.830810275e-03 -5.237463905e-02
353661.390000000 -1.615528452e-04 -8.482587461e-05 1.732756764e-04 -2.154137525e-03 -8.674825026e-04 -5.087618992e-02
353661.395000000 -1.730919239e-04 -6.143499609e-05 1.701393032e-04 -6.897599898e-04 5.993688430e-04 -4.757090499e-02
353661.400000000 -1.715803369e-04 -5.256124093e-05 1.622641694e-04 1.028634510e-03 1.586624705e-03 -4.523354868e-02
353661.405000000 -1.513516969e-04 -6.399837471e-05 1.595085825e-04 1.066191871e-03 1.390713152e-03 -4.523097192e-02
353661.410000000 -1.348292838e-04 -7.197628629e-05 1.595142182e-04 -3.120063584e-04 1.436996344e-06 -4.679101643e-02
353661.415000000 -1.336292279e-04 -7.522316410e-05 1.522053164e-04 -1.335468555e-03 -1.753402743e-03 -4.925002544e-02
353661.420000000 -1.560445337e-04 -6.650768511e-05 1.391105812e-04 -1.642233413e-03 -1.765769785e-03 -5.042149168e-02
353661.425000000 -1.827582304e-04 -5.429224795e-05 1.304556004e-04 -7.851666104e-04 -1.197630891e-04 -4.877265556e-02
353661.430000000 -1.895745061e-04 -5.847753280e-05 1.275497347e-04 9.951219629e-04 1.128612173e-03 -4.644510296e-02
353661.435000000 -1.849473854e-04 -6.377710541e-05 1.250328694e-04 2.250903892e-03 1.619675574e-03 -4.529208986e-02
353661.440000000 -1.766075216e-04 -8.860194440e-05 1.230901551e-04 1.456830983e-03 1.162954018e-03 -4.574251667e-02
353661.445000000 -1.654694577e-04 -1.199345276e-04 1.213273441e-04 -7.570589470e-04 3.002286088e-04 -4.783021299e-02
353661.450000000 -1.523805886e-04 -1.196133483e-04 1.235187567e-04 -2.830875953e-03 8.860612524e-05 -5.033955649e-02
353661.455000000 -1.468779077e-04 -9.961300457e-05 1.255687115e-04 -3.855901841e-03 3.716068774e-04 -5.133296498e-02
353661.460000000 -1.692004207e-04 -6.664377384e-05 1.248685176e-04 -1.768987023e-03 1.210751661e-03 -4.954175524e-02
353661.465000000 -2.008494641e-04 -4.966137189e-05 1.317782048e-04 1.147037752e-03 2.129498785e-03 -4.722924342e-02
353661.470000000 -2.008903321e-04 -5.541850223e-05 1.399309908e-04 1.956292750e-03 2.335890198e-03 -4.611857386e-02
353661.475000000 -1.588996960e-04 -6.953907894e-05 1.457569118e-04 1.537308066e-03 9.712861186e-04 -4.698085078e-02
353661.480000000 -1.204531228e-04 -9.180655177e-05 1.491927709e-04 -1.096808963e-04 -6.928917601e-04 -4.911993202e-02
353661.485000000 -1.170747132e-04 -1.010613284e-04 1.496782059e-04 -2.413747276e-03 -7.842883025e-04 -4.952498795e-02
353661.490000000 -1.318954307e-04 -8.979205143e-05 1.542470851e-04 -3.330837138e-03 6.879737746e-05 -4.809584535e-02
353661.495000000 -1.821957961e-04 -7.256412410e-05 1.616256218e-04 -1.021586023e-03 2.140047467e-03 -4.644230245e-02
353661.500000000 -2.184501360e-04 -7.157861969e-05 1.672586546e-04 1.573539275e-03 4.003350655e-03 -4.554340805e-02
353661.505000000 -1.921398890e-04 -8.548418275e-05 1.680652016e-04 2.464242579e-03 3.659812151e-03 -4.581726376e-02
353661.510000000 -1.452496438e-04 -1.051757044e-04 1.685106539e-04 2.625060072e-03 1.827787730e-03 -4.793431053e-02
353661.515000000 -1.089991290e-04 -1.256016316e-04 1.690095968e-04 2.671874524e-05 -7.875805434e-05 -5.034229935e-02
353661.520000000 -1.081835517e-04 -1.277024238e-04 1.642457894e-04 -2.906724452e-03 -6.631529931e-04 -5.053583086e-02
353661.525000000 -1.355828107e-04 -1.020720123e-04 1.558354514e-04 -3.008936277e-03 4.760838365e-05 -4.915584859e-02
353661.530000000 -1.560952539e-04 -6.392982315e-05 1.467919133e-04 -1.562009086e-03 1.213983620e-03 -4.750633327e-02
353661.535000000 -1.439872488e-04 -4.094719941e-05 1.356923181e-04 8.706884751e-04 1.618316950e-03 -4.539082164e-02
353661.540000000 -1.112077150e-04 -4.074039528e-05 1.297600085e-04 2.433143610e-03 7.051315567e-04 -4.493616806e-02
353661.545000000 -1.004330643e-04 -5.044704397e-05 1.271045775e-04 1.964790600e-03 -1.003179497e-05 -4.677642185e-02
353661.550000000 -1.161561648e-04 -6.408220354e-05 1.201028094e-04 2.973749347e-04 5.420192481e-04 -4.834995921e-02
353661.555000000 -1.249577218e-04 -7.544338488e-05 1.124900357e-04 -1.320418284e-03 1.717764290e-03 -4.914795573e-02
353661.560000000 -1.185561768e-04 -7.661366537e-05 1.045343479e-04 -1.489238845e-03 2.112116599e-03 -4.946686357e-02
353661.565000000 -1.178168175e-04 -7.438342239e-05 9.887827284e-05 -2.680135423e-04 1.601837861e-03 -4.882401920e-02
353661.570000000 -1.249874171e-04 -7.429846240e-05 9.835891804e-05 1.590710919e-03 1.057514236e-03 -4.734693149e-02
353661.575000000 -1.229281575e-04 -9.554996914e-05 1.037517399e-04 2.332446194e-03 8.138972900e-04 -4.677877943e-02
353661.580000000 -1.004869720e-04 -1.259440556e-04 1.099090230e-04 6.551193664e-04 9.219338418e-04 -4.707848209e-02
353661.585000000 -7.414953648e-05 -1.261175120e-04 1.151466375e-04 -1.730850340e-03 9.795455821e-04 -4.719814149e-02
353661.590000000 -6.697169765e-05 -1.089998969e-04 1.151855511e-04 -3.010310009e-03 5.197523889e-04 -4.795524894e-02
353661.595000000 -1.027757315e-04 -7.706521573e-05 1.119595683e-04 -2.675045120e-03 -5.669080568e-05 -4.831887947e-02
353661.600000000 -1.505752307e-04 -4.361432211e-05 1.108287261e-04 -6.012617791e-04 -3.993308711e-05 -4.768847853e-02
353661.605000000 -1.677970588e-04 -3.545537063e-05 1.130009328e-04 2.221066974e-03 4.857996014e-04 -4.736400107e-02
353661.610000000 -1.547699786e-04 -4.601516606e-05 1.254051306e-04 3.911330979e-03 1.220307980e-03 -4.764445306e-02
353661.615000000 -1.143145066e-04 -8.172777872e-05 1.349115174e-04 2.773925278e-03 1.755870385e-03 -4.786403390e-02
353661.620000000 -8.036521754e-05 -1.185126542e-04 1.344264708e-04 9.796460975e-05 1.575183804e-03 -4.814083754e-02
353661.625000000 -7.423201719e-05 -1.273486427e-04 1.320101885e-04 -2.104259651e-03 8.167394878e-04 -4.867099678e-02
353661.630000000 -9.068688392e-05 -1.166333423e-04 1.290853905e-04 -3.174295058e-03 -3.570598314e-06 -4.867410281e-02
353661.635000000 -1.357651189e-04 -9.270463454e-05 1.258481174e-04 -1.097210488e-03 5.851140760e-05 -4.771780870e-02
353661.640000000 -1.580525515e-04 -8.075125779e-05 1.252544641e-04 1.819008038e-03 8.852139460e-04 -4.680449138e-02
353661.645000000 -1.293086987e-04 -9.529941255e-05 1.256011247e-04 2.323065260e-03 1.475327748e-03 -4.653227028e-02
353661.650000000 -9.673155390e-05 -1.109618127e-04 1.212785687e-04 1.354848962e-03 1.371980730e-03 -4.673247520e-02
353661.655000000 -8.837174317e-05 -1.085135871e-04 1.041453684e-04 -1.070522439e-03 4.131500953e-04 -4.865342911e-02
353661.660000000 -1.022088401e-04 -9.225873851e-05 8.977075152e-05 -3.437088343e-03 -6.426459560e-04 -5.044562066e-02
353661.665000000 -1.164667725e-04 -6.468245519e-05 8.740570111e-05 -3.418181911e-03 -1.288318623e-03 -5.035394485e-02
353661.670000000 -1.281990583e-04 -3.119098218e-05 8.177513363e-05 -1.165496296e-03 -1.583026064e-03 -5.006018917e-02
353661.675000000 -1.296785439e-04 -2.506522453e-05 6.927842792e-05 1.818364174e-03 -3.464566582e-05 -4.818393181e-02
353661.680000000 -1.104549465e-04 -5.015356726e-05 6.366445807e-05 2.992861203e-03 2.100072574e-03 -4.540200110e-02
353661.685000000 -8.628955851e-05 -7.404700028e-05 6.830691141e-05 2.047412559e-03 2.428866076e-03 -4.503406035e-02
353661.690000000 -7.138871649e-05 -8.596798462e-05 6.928267439e-05 1.650946379e-04 1.614275290e-03 -4.659764777e-02
353661.695000000 -8.584595910e-05 -9.243646350e-05 6.486786419e-05 -1.895680001e-03 -3.318692031e-04 -4.844961559e-02
353661.700000000 -1.184386056e-04 -9.172257744e-05 5.962770282e-05 -2.039510821e-03 -2.250101591e-03 -4.988422398e-02
353661.705000000 -1.394067034e-04 -7.797993929e-05 5.860054660e-05 -4.522139983e-04 -2.440120110e-03 -5.025961473e-02
353661.710000000 -1.489428099e-04 -6.904305334e-05 6.299810949e-05 1.216760982e-03 -1.045855487e-03 -4.899938164e-02
353661.715000000 -1.403145680e-04 -8.606860148e-05 7.110645623e-05 1.832712807e-03 1.572755704e-03 -4.681771946e-02
353661.720000000 -1.129994630e-04 -1.064542107e-04 7.960731034e-05 3.946834452e-04 3.158242724e-03 -4.615184762e-02
353661.725000000 -8.374461400e-05 -1.061498481e-04 8.286834026e-05 -1.914429813e-03 2.292131671e-03 -4.724189647e-02
353661.730000000 -6.865865538e-05 -9.152489290e-05 8.504435920e-05 -3.409986843e-03 1.646736007e-05 -4.886143272e-02
353661.735000000 -9.534478151e-05 -5.531404355e-05 8.901053207e-05 -2.593300508e-03 -1.946864204e-03 -5.020279405e-02
353661.740000000 -1.395108139e-04 -2.317988960e-05 9.350327334e-05 -2.501279023e-04 -1.511214697e-03 -4.917187551e-02
353661.745000000 -1.547967488e-04 -2.357509988e-05 1.011733889e-04 1.861842549e-03 5.354096980e-04 -4.621165471e-02
353661.750000000 -1.419659278e-04 -4.440482818e-05 1.097305542e-04 3.237119245e-03 2.264905645e-03 -4.431804735e-02
353661.755000000 -1.044624751e-04 -8.339471558e-05 1.141651194e-04 1.927997900e-03 2.029557819e-03 -4.520246704e-02
353661.760000000 -7.303480115e-05 -1.138918136e-04 1.107653566e-04 -6.750885913e-04 -1.117173444e-04 -4.773947854e-02
353661.765000000 -8.037953712e-05 -1.160835462e-04 1.032445745e-04 -1.922974390e-03 -2.158316045e-03 -5.023114221e-02
353661.770000000 -1.099545020e-04 -1.051532709e-04 9.732059726e-05 -2.166824978e-03 -2.904145207e-03 -5.160287451e-02
353661.775000000 -1.401378284e-04 -8.125326842e-05 9.366597754e-05 -3.934888459e-04 -6.746692651e-04 -4.897411236e-02
353661.780000000 -1.515412869e-04 -6.405680769e-05 9.281260192e-05 2.213163822e-03 2.294425750e-03 -4.531058151e-02
353661.785000000 -1.320814308e-04 -6.823869846e-05 9.060246011e-05 2.804628754e-03 3.165240690e-03 -4.460400392e-02
353661.790000000 -8.968172038e-05 -7.993689955e-05 8.588935757e-05 1.180577459e-03 2.230261294e-03 -4.517776492e-02
353661.795000000 -5.359903764e-05 -7.900813936e-05 7.816703893e-05 -1.294238139e-03 -1.692259509e-03 -4.857408502e-02
353661.800000000 -5.580813042e-05 -6.083409859e-05 6.738836462e-05 -2.933179279e-03 -5.021646470e-03 -5.213824001e-02
353661.805000000 -9.370937804e-05 -4.291534689e-05 6.086935267e-05 -2.817448303e-03 -4.332853003e-03 -5.135816705e-02
353661.810000000 -1.366234807e-04 -2.767224784e-05 5.749704641e-05 -7.952862177e-04 -1.935195387e-03 -4.815171082e-02
353661.815000000 -1.498046478e-04 -2.568369316e-05 5.481666248e-05 2.451666838e-03 9.743035994e-04 -4.518632839e-02
353661.820000000 -1.323913306e-04 -4.781926945e-05 5.728418016e-05 4.040116873e-03 2.572982157e-03 -4.410460946e-02
353661.825000000 -1.058430388e-04 -8.047353928e-05 6.083584629e-05 2.934360330e-03 1.627286933e-03 -4.535692438e-02
353661.830000000 -8.307845704e-05 -1.099022092e-04 6.429783259e-05 7.707287546e-04 -4.403899570e-04 -4.853145873e-02
353661.835000000 -8.636431102e-05 -1.187965912e-04 6.948330782e-05 -1.990349671e-03 -2.346943810e-03 -5.115196816e-02
353661.840000000 -1.149221117e-04 -1.042762049e-04 7.670123685e-05 -2.915470253e-03 -3.029437223e-03 -5.064023145e-02
353661.845000000 -1.495320554e-04 -8.411404474e-05 7.969017400e-05 -1.052735457e-03 -2.239548507e-03 -4.832546630e-02
353661.850000000 -1.753940164e-04 -7.241134618e-05 7.982655622e-05 1.101231459e-03 -8.196560311e-04 -4.609715727e-02
353661.855000000 -1.654500296e-04 -8.128897357e-05 9.350990560e-05 2.353148533e-03 -2.919938705e-04 -4.482399306e-02
353661.860000000 -1.400933859e-04 -9.803394417e-05 1.076519250e-04 1.920896689e-03 -1.337558622e-03 -4.618772478e-02
353661.865000000 -1.335351525e-04 -1.031430071e-04 1.054123513e-04 -4.900447472e-04 -2.607599820e-03 -4.940053889e-02
353661.870000000 -1.400130962e-04 -9.480666732e-05 1.043289108e-04 -3.388879298e-03 -2.736366420e-03 -5.119951738e-02
353661.875000000 -1.664837532e-04 -6.694143323e-05 1.035900577e-04 -3.117503187e-03 -1.395747240e-03 -5.032546286e-02
353661.880000000 -2.008256454e-04 -4.035734256e-05 1.006643500e-04 6.908479858e-05 5.478121938e-04 -4.843496442e-02
353661.885000000 -2.176066025e-04 -3.860861800e-05 1.024627254e-04 2.831652076e-03 1.911251255e-03 -4.640001574e-02
353661.890000000 -2.126882724e-04 -5.670518682e-05 1.034183676e-04 4.827164294e-03 2.047231004e-03 -4.492508388e-02
353661.895000000 -1.727393784e-04 -9.502752826e-05 9.777728808e-05 3.872926240e-03 1.126825174e-04 -4.673434954e-02
353661.900000000 -1.312169937e-04 -1.280592041e-04 8.843574759e-05 5.354519814e-05 -2.097195706e-03 -4.930259427e-02
353661.905000000 -1.288761331e-04 -1.357860127e-04 8.024663697e-05 -3.118048749e-03 -2.735392289e-03 -4.965893500e-02
353661.910000000 -1.500573875e-04 -1.215583128e-04 6.969790172e-05 -4.430518825e-03 -2.482235252e-03 -4.935691452e-02
353661.915000000 -1.925098758e-04 -8.659123995e-05 5.815346472e-05 -2.782795803e-03 -6.451402174e-04 -4.763491393e-02
353661.920000000 -2.317601532e-04 -5.886531059e-05 5.122954801e-05 7.457409462e-04 1.593360334e-03 -4.557474300e-02
353661.925000000 -2.336717116e-04 -5.883836999e-05 5.033338701e-05 3.335577357e-03 2.426194261e-03 -4.593024672e-02
353661.930000000 -2.059995896e-04 -7.240173801e-05 4.845163081e-05 3.630463753e-03 2.419875255e-03 -4.784321810e-02
353661.935000000 -1.494901799e-04 -8.932160097e-05 4.612556328e-05 5.381065182e-04 1.067932651e-03 -4.985698495e-02
353661.940000000 -1.080065563e-04 -9.401041254e-05 3.909147553e-05 -2.959423350e-03 -9.230196095e-04 -5.127170174e-02
353661.945000000 -1.195247586e-04 -7.742483245e-05 3.065138483e-05 -3.976020921e-03 -1.844930812e-03 -5.118334281e-02
353661.950000000 -1.588776863e-04 -5.492393819e-05 2.871012211e-05 -3.010170433e-03 -1.491168712e-03 -4.913941203e-02
353661.955000000 -1.994479648e-04 -4.480180536e-05 3.728844927e-05 6.661066868e-04 -2.274083153e-04 -4.630902575e-02
353661.960000000 -2.107468516e-04 -5.617571273e-05 5.044989180e-05 3.984989709e-03 8.468021251e-04 -4.548161216e-02
353661.965000000 -1.850044770e-04 -7.790580798e-05 5.556327800e-05 3.780894680e-03 1.277529595e-03 -4.646771954e-02
353661.970000000 -1.522904775e-04 -1.056078006e-04 5.680173009e-05 1.661962568e-03 1.137838339e-03 -4.745952769e-02
353661.975000000 -1.415988397e-04 -1.279607050e-04 6.179270517e-05 -1.967730152e-03 5.806135369e-04 -4.938403359e-02
353661.980000000 -1.582122431e-04 -1.210544903e-04 6.913485270e-05 -4.583966616e-03 3.254747988e-04 -5.034875718e-02
353661.985000000 -1.910017543e-04 -9.317241946e-05 7.202700966e-05 -3.460792614e-03 3.714134471e-04 -4.920845395e-02
353661.990000000 -2.130490950e-04 -7.031994545e-05 7.624080948e-05 -4.229493677e-04 2.551564611e-04 -4.837080573e-02
353661.995000000 -1.969087020e-04 -7.013981619e-05 8.367762260e-05 1.990319692e-03 2.045661790e-04 -4.778243512e-02
353662.000000000 -1.639730531e-04 -8.325372012e-05 8.760744958e-05 2.358839280e-03 4.469811527e-04 -4.723828763e-02
353662.005000000 -1.464786290e-04 -9.444569271e-05 8.837929771e-05 7.344438072e-04 7.207299270e-04 -4.766049045e-02
353662.010000000 -1.396358852e-04 -9.627267947e-05 8.841320823e-05 -2.008261423e-03 9.401586732e-04 -4.862016904e-02
353662.015000000 -1.565136565e-04 -7.095805781e-05 8.123463701e-05 -3.584888309e-03 5.636481027e-04 -4.891957713e-02
353662.020000000 -1.893857707e-04 -3.804823361e-05 6.806041892e-05 -2.267688365e-03 -9.239816107e-05 -4.877774169e-02
353662.025000000 -2.069520559e-04 -2.776387965e-05 6.313497253e-05 5.011458600e-04 4.325385652e-05 -4.855894571e-02
353662.030000000 -2.006963886e-04 -3.516652874e-05 6.498844333e-05 2.782343468e-03 6.571181267e-04 -4.767147542e-02
353662.035000000 -1.743345791e-04 -6.472072818e-05 5.984871245e-05 3.189001226e-03 1.371871686e-03 -4.701118339e-02
353662.040000000 -1.507157071e-04 -1.012863059e-04 4.859088165e-05 1.136949712e-03 2.015322008e-03 -4.741569738e-02
353662.045000000 -1.355947322e-04 -1.147737271e-04 4.208992827e-05 -2.198516781e-03 2.001672176e-03 -4.813143685e-02
353662.050000000 -1.268012530e-04 -1.055051123e-04 3.861854196e-05 -4.463294683e-03 1.021375211e-03 -4.875492282e-02
353662.055000000 -1.517706449e-04 -6.955934418e-05 2.854899805e-05 -2.975572340e-03 -3.081746923e-04 -4.976597564e-02
353662.060000000 -1.888058685e-04 -3.448649249e-05 2.125199552e-05 4.674427892e-04 -7.440698067e-05 -4.969863973e-02
353662.065000000 -1.940881883e-04 -2.977701076e-05 2.648881146e-05 2.749926601e-03 1.755352974e-03 -4.782561567e-02
353662.070000000 -1.718733379e-04 -4.445249407e-05 3.483520178e-05 3.650376968e-03 3.396801553e-03 -4.643022606e-02
353662.075000000 -1.277870545e-04 -6.418661325e-05 3.474870383e-05 1.447211451e-03 3.869971660e-03 -4.662941111e-02
353662.080000000 -9.027766179e-05 -7.615675379e-05 3.232702774e-05 -2.143082302e-03 2.456615614e-03 -4.790268265e-02
353662.085000000 -8.551660507e-05 -7.388248223e-05 3.384122804e-05 -3.498214526e-03 -2.443992199e-04 -4.972740445e-02
353662.090000000 -1.076753843e-04 -5.619362402e-05 3.815766046e-05 -2.826090475e-03 -2.286095267e-03 -5.109854317e-02
353662.095000000 -1.578344170e-04 -4.425353601e-05 4.750935128e-05 2.310425347e-04 -1.038099236e-03 -4.933653785e-02
353662.100000000 -1.837410451e-04 -5.716484973e-05 5.860200285e-05 3.605739092e-03 2.080342034e-03 -4.625096945e-02
353662.105000000 -1.552200624e-04 -8.111457436e-05 6.986058750e-05 4.113634916e-03 3.779926648e-03 -4.522010049e-02
353662.110000000 -1.148716662e-04 -1.001440306e-04 7.882743250e-05 2.437858404e-03 3.835165384e-03 -4.556901361e-02
353662.115000000 -9.364371784e-05 -1.139846973e-04 8.082345588e-05 -8.269343255e-04 1.439544516e-03 -4.809359550e-02
353662.120000000 -1.072215361e-04 -1.128512157e-04 8.082508673e-05 -3.607021531e-03 -1.470958203e-03 -5.123030589e-02
353662.125000000 -1.396075968e-04 -8.711003062e-05 8.436720869e-05 -3.573178881e-03 -2.033480165e-03 -5.162373908e-02
353662.130000000 -1.665256093e-04 -5.355804160e-05 8.876648394e-05 -1.152311837e-03 -5.974873165e-04 -4.971329638e-02
353662.135000000 -1.570001487e-04 -4.818821518e-05 8.760183786e-05 2.037845511e-03 2.015947488e-03 -4.675230342e-02
353662.140000000 -1.127439212e-04 -6.892227938e-05 8.123041304e-05 3.218882109e-03 3.362789896e-03 -4.457207612e-02
353662.145000000 -7.867336685e-05 -8.227256053e-05 7.773915679e-05 2.062204410e-03 1.976187833e-03 -4.489329189e-02
353662.150000000 -7.857324119e-05 -8.886567885e-05 7.318939998e-05 2.791911688e-04 -4.727483809e-04 -4.750150496e-02
353662.155000000 -1.074271189e-04 -9.099027142e-05 6.384262205e-05 -1.939220784e-03 -1.590715902e-03 -5.017635663e-02
353662.160000000 -1.339975388e-04 -7.728112764e-05 5.496727424e-05 -2.474223890e-03 -8.851455782e-04 -5.018140629e-02
353662.165000000 -1.438581206e-04 -5.492335001e-05 4.844322351e-05 4.526346488e-05 5.670164915e-04 -4.815424244e-02
353662.170000000 -1.431080974e-04 -4.772899595e-05 4.499096423e-05 2.768856851e-03 2.235325058e-03 -4.608736548e-02
353662.175000000 -1.232736127e-04 -7.171610319e-05 4.298914481e-05 3.350653593e-03 2.606079630e-03 -4.482519573e-02
353662.180000000 -9.659162293e-05 -1.010852417e-04 3.904715431e-05 1.968122373e-03 1.001701545e-03 -4.616138355e-02
353662.185000000 -8.631525497e-05 -1.135949625e-04 3.614427560e-05 -5.038678033e-04 -9.714025500e-04 -4.950737390e-02
353662.190000000 -9.367865218e-05 -1.032655069e-04 3.113441291e-05 -2.663651619e-03 -1.725607037e-03 -5.083659169e-02
353662.195000000 -1.112622585e-04 -7.120959822e-05 2.904711739e-05 -2.242983005e-03 -1.032167094e-03 -4.973942711e-02
353662.200000000 -1.345548887e-04 -4.672496232e-05 3.459230418e-05 1.541243403e-04 8.582163480e-04 -4.793793579e-02
353662.205000000 -1.501867783e-04 -4.832823730e-05 4.059607088e-05 2.131259860e-03 3.255335815e-03 -4.540827453e-02
353662.210000000 -1.258291601e-04 -7.205015994e-05 4.654430977e-05 2.630736049e-03 3.190633311e-03 -4.489227674e-02
353662.215000000 -7.836766101e-05 -9.384975849e-05 5.236666315e-05 1.351029462e-03 5.354103086e-04 -4.753531966e-02
353662.220000000 -5.638605399e-05 -1.042108439e-04 5.587089379e-05 -8.691902276e-04 -1.801112529e-03 -4.999586231e-02
353662.225000000 -7.164674237e-05 -1.124560266e-04 5.881671383e-05 -2.518180169e-03 -2.687256332e-03 -5.071267142e-02
353662.230000000 -1.144351468e-04 -9.449998940e-05 6.721821811e-05 -1.892315492e-03 -1.200552477e-03 -4.928751923e-02
353662.235000000 -1.485889510e-04 -6.622677508e-05 7.916341164e-05 4.872402993e-04 1.293461824e-03 -4.641056442e-02
353662.240000000 -1.511431116e-04 -6.961343070e-05 8.438336070e-05 2.577429378e-03 2.338423450e-03 -4.442360401e-02
353662.245000000 -1.329873229e-04 -9.478816701e-05 8.364486117e-05 3.405082798e-03 1.756659706e-03 -4.458178683e-02
353662.250000000 -1.050755638e-04 -1.172828872e-04 8.361345926e-05 1.423966656e-03 1.346920582e-04 -4.700762350e-02
353662.255000000 -8.586154987e-05 -1.239019813e-04 8.171667230e-05 -1.731657497e-03 -1.200966488e-03 -4.959624009e-02
353662.260000000 -8.845589129e-05 -1.144967725e-04 7.878442709e-05 -3.102400697e-03 -1.371650317e-03 -5.068441962e-02
353662.265000000 -1.051497248e-04 -8.948684621e-05 7.543564990e-05 -2.824408425e-03 -6.482145442e-04 -5.043575988e-02
353662.270000000 -1.285388934e-04 -5.890881708e-05 6.990768674e-05 -3.488180004e-04 7.897149295e-04 -4.769084052e-02
353662.275000000 -1.385102932e-04 -4.970843136e-05 6.434805614e-05 2.597577576e-03 1.652029058e-03 -4.515571842e-02
353662.280000000 -1.191750554e-04 -6.494151280e-05 6.145056855e-05 3.092003529e-03 1.156562203e-03 -4.586565651e-02
353662.285000000 -8.416488976e-05 -7.947993486e-05 5.710194476e-05 1.645908584e-03 7.855634530e-05 -4.760375446e-02
353662.290000000 -6.699749678e-05 -8.674160473e-05 4.387207955e-05 -3.331841514e-04 -1.183864196e-03 -4.933923571e-02
353662.295000000 -8.666883301e-05 -8.691875520e-05 2.999867545e-05 -1.869308888e-03 -1.501027097e-03 -5.023154619e-02
353662.300000000 -1.161720424e-04 -7.705548072e-05 2.456418179e-05 -2.218448018e-03 -5.870322345e-04 -4.895231792e-02
353662.305000000 -1.297010126e-04 -5.994707587e-05 2.747280544e-05 -5.642449015e-04 2.623832383e-04 -4.675616640e-02
353662.310000000 -1.316139712e-04 -6.155220456e-05 2.481473274e-05 1.939221454e-03 4.637654583e-04 -4.610535278e-02
353662.315000000 -1.189979540e-04 -8.754833441e-05 1.821263583e-05 2.414172759e-03 1.729612865e-04 -4.681160303e-02
353662.320000000 -9.252419244e-05 -1.088713462e-04 1.681522426e-05 7.273692213e-04 -5.190640795e-04 -4.783366548e-02
353662.325000000 -7.514591318e-05 -1.151276028e-04 1.494378746e-05 -1.164059297e-03 -1.345693576e-03 -4.939662106e-02
353662.330000000 -9.817427223e-05 -1.002242144e-04 1.790786685e-05 -2.347997310e-03 -6.690319775e-04 -4.969057204e-02
353662.335000000 -1.393129064e-04 -7.573876420e-05 2.262394881e-05 -1.964343383e-03 1.127430131e-03 -4.802516161e-02
353662.340000000 -1.543310407e-04 -5.731780781e-05 2.743223058e-05 1.078200665e-06 2.020790011e-03 -4.654860250e-02
353662.345000000 -1.418460448e-04 -5.072980672e-05 3.650091160e-05 2.057312488e-03 1.735333264e-03 -4.609564295e-02
353662.350000000 -1.127894245e-04 -7.098117490e-05 4.566033416e-05 2.577900447e-03 1.928421512e-04 -4.660148360e-02
353662.355000000 -9.028344252e-05 -9.369265043e-05 4.828408940e-05 1.523093290e-03 -1.551549724e-03 -4.803658627e-02
353662.360000000 -8.747707239e-05 -9.708682618e-05 4.638888537e-05 -2.248637987e-04 -2.153083313e-03 -4.942457002e-02
353662.365000000 -1.060886316e-04 -9.290598515e-05 4.564466886e-05 -1.927672325e-03 -1.615022932e-03 -4.941363719e-02
353662.370000000 -1.381843697e-04 -8.233479244e-05 4.740360940e-05 -1.565809118e-03 -9.249986822e-04 -4.805469238e-02
353662.375000000 -1.610968504e-04 -7.350274116e-05 4.789504247e-05 5.097580037e-04 -6.375650553e-04 -4.713125445e-02
353662.380000000 -1.718012550e-04 -7.367489958e-05 4.792691030e-05 2.125863500e-03 -2.308883501e-04 -4.709411826e-02
353662.385000000 -1.735776544e-04 -8.616160871e-05 5.027808907e-05 2.811787108e-03 4.616664248e-04 -4.715835586e-02
353662.390000000 -1.455334959e-04 -1.074742939e-04 4.758149458e-05 1.119526216e-03 1.079446269e-03 -4.790805530e-02
353662.395000000 -1.042863941e-04 -1.110236342e-04 4.027839063e-05 -1.910890362e-03 9.423476969e-04 -4.868423818e-02
353662.400000000 -9.169358857e-05 -9.064909293e-05 3.166418091e-05 -3.188200227e-03 -1.296048324e-04 -4.856552698e-02
353662.405000000 -1.170645056e-04 -6.687727978e-05 2.305693515e-05 -2.538483022e-03 -1.282175548e-03 -4.840316030e-02
353662.410000000 -1.482338719e-04 -4.583467913e-05 1.651016991e-05 -5.074796055e-04 -1.808947414e-03 -4.778165568e-02
353662.415000000 -1.503593209e-04 -3.456485668e-05 1.086570181e-05 1.933653522e-03 -1.820563159e-03 -4.687158505e-02
353662.420000000 -1.402560233e-04 -4.215611504e-05 5.745190978e-06 3.192014713e-03 -1.470951134e-03 -4.684421598e-02
353662.425000000 -1.331081816e-04 -6.137055228e-05 -9.705586215e-07 2.407613506e-03 -6.496657876e-04 -4.745621687e-02
353662.430000000 -1.293579928e-04 -7.903770617e-05 -1.232695254e-05 -1.798517153e-04 2.563833553e-04 -4.787304743e-02
353662.435000000 -1.383362380e-04 -8.188394201e-05 -2.161965309e-05 -2.001295190e-03 3.657992141e-04 -4.848644513e-02
353662.440000000 -1.577412363e-04 -6.996248977e-05 -2.211559480e-05 -1.671473351e-03 -1.110494099e-04 -4.951296803e-02
353662.445000000 -1.713784548e-04 -6.381567600e-05 -1.571880671e-05 -4.552647031e-04 -1.531219683e-04 -4.961062521e-02
353662.450000000 -1.604266522e-04 -7.408809425e-05 -3.596540961e-06 1.348655276e-03 3.333670994e-05 -4.886057673e-02
353662.455000000 -1.356235003e-04 -8.922173141e-05 4.269649593e-06 2.177447106e-03 1.889239087e-04 -4.833121654e-02
353662.460000000 -1.165127095e-04 -1.009980215e-04 2.110302696e-07 5.519491147e-04 3.344585330e-04 -4.768717295e-02
353662.465000000 -1.043203725e-04 -1.056930562e-04 -3.804456154e-06 -1.763817810e-03 -2.030876061e-04 -4.697067048e-02
353662.470000000 -1.211578564e-04 -8.340406244e-05 4.491300768e-06 -2.612643238e-03 -1.536359221e-03 -4.787261973e-02
353662.475000000 -1.697209655e-04 -4.833405631e-05 1.689153009e-05 -1.656246041e-03 -2.020334077e-03 -4.902066885e-02
353662.480000000 -2.123493018e-04 -3.686669367e-05 2.419624455e-05 4.146829230e-04 -8.987937291e-04 -4.854449445e-02
353662.485000000 -2.205989107e-04 -4.389662739e-05 2.782693701e-05 2.310800521e-03 5.923727092e-04 -4.811429134e-02
353662.490000000 -1.809992857e-04 -6.495643739e-05 3.290631072e-05 2.163809221e-03 1.901420880e-03 -4.790669049e-02
353662.495000000 -1.328081353e-04 -9.599925399e-05 3.900621723e-05 5.441920705e-04 2.287880570e-03 -4.759735481e-02
353662.500000000 -1.196597060e-04 -1.168758816e-04 3.916509830e-05 -8.850880925e-04 1.257941500e-03 -4.829802565e-02
353662.505000000 -1.292044651e-04 -1.179156192e-04 3.465538845e-05 -1.948306904e-03 -3.349236126e-04 -4.969615694e-02
353662.510000000 -1.525460415e-04 -9.608958070e-05 3.066636728e-05 -1.231008536e-03 -1.542484502e-03 -4.967072564e-02
353662.515000000 -1.777750165e-04 -7.322190222e-05 2.740664252e-05 9.660644484e-04 -1.580762217e-03 -4.847222047e-02
353662.520000000 -1.828154093e-04 -6.732677187e-05 2.648676720e-05 2.029037286e-03 -3.930484411e-04 -4.750033658e-02
353662.525000000 -1.667314155e-04 -7.270881469e-05 2.470565059e-05 1.401478592e-03 1.072142519e-03 -4.647615664e-02
353662.530000000 -1.396539664e-04 -7.843561083e-05 1.644245678e-05 -3.206901341e-05 1.139992148e-03 -4.708130315e-02
353662.535000000 -1.256353049e-04 -7.624848002e-05 3.810667614e-06 -1.487862285e-03 1.668235084e-07 -4.947978012e-02
353662.540000000 -1.387057474e-04 -6.776329996e-05 -5.913835018e-06 -2.163620344e-03 -6.516213751e-04 -5.066769921e-02
353662.545000000 -1.622022512e-04 -5.409345554e-05 -1.232828342e-05 -1.268779934e-03 -6.152548256e-04 -5.019922297e-02
353662.550000000 -1.749201458e-04 -4.986534614e-05 -1.585165186e-05 7.065847816e-04 8.014919158e-04 -4.882617944e-02
353662.555000000 -1.618658607e-04 -6.272129111e-05 -1.439304885e-05 1.775423195e-03 3.057532602e-03 -4.673671128e-02
353662.560000000 -1.269959084e-04 -8.043283607e-05 -1.131521023e-05 1.410672103e-03 3.737154637e-03 -4.522007512e-02
353662.565000000 -9.617719727e-05 -9.459933279e-05 -1.208113561e-05 4.743996020e-04 2.335457402e-03 -4.592903230e-02
353662.570000000 -9.769954542e-05 -9.675687011e-05 -1.467815586e-05 -1.093971010e-03 -1.689484253e-04 -4.813284115e-02
353662.575000000 -1.225166412e-04 -8.520366643e-05 -1.197976027e-05 -1.824342484e-03 -2.151254621e-03 -4.946908260e-02
353662.580000000 -1.501903667e-04 -7.165788927e-05 -8.853994328e-06 -5.053606634e-04 -2.562662794e-03 -4.975028584e-02
353662.585000000 -1.770330906e-04 -6.083679764e-05 -8.307737652e-06 1.249346094e-03 -1.461409601e-03 -4.930860776e-02
353662.590000000 -1.773886723e-04 -6.495212462e-05 -2.589328110e-06 1.992013428e-03 9.839528903e-04 -4.728550911e-02
353662.595000000 -1.420805479e-04 -8.185425548e-05 9.514297412e-06 1.547934974e-03 2.690592492e-03 -4.601182744e-02
353662.600000000 -1.059461552e-04 -9.079844179e-05 1.924000245e-05 1.266504897e-04 2.291707919e-03 -4.737882830e-02
353662.605000000 -9.825625539e-05 -8.842343055e-05 2.154586535e-05 -1.558480988e-03 1.058653326e-03 -4.909913324e-02
353662.610000000 -1.252881312e-04 -7.810663323e-05 2.316951727e-05 -1.381277560e-03 9.016584840e-05 -4.986877811e-02
353662.615000000 -1.554352986e-04 -6.339675714e-05 3.104463475e-05 5.520330042e-04 2.322455269e-04 -4.961184684e-02
353662.620000000 -1.598911461e-04 -5.842621943e-05 3.784277525e-05 2.231199377e-03 1.369299335e-03 -4.779384468e-02
353662.625000000 -1.487722419e-04 -6.921339123e-05 3.974674164e-05 3.373509286e-03 2.219319400e-03 -4.567105326e-02
353662.630000000 -1.219965315e-04 -9.382108898e-05 3.855354299e-05 2.332137771e-03 1.234989963e-03 -4.596110718e-02
353662.635000000 -9.880779568e-05 -1.153695915e-04 3.278011882e-05 -7.037317883e-04 -1.030735550e-03 -4.790990780e-02
353662.640000000 -1.023526089e-04 -1.139994173e-04 2.661292513e-05 -2.610918312e-03 -2.781569527e-03 -4.929053924e-02
353662.645000000 -1.233708459e-04 -9.851243946e-05 2.090451531e-05 -2.527195975e-03 -3.379648333e-03 -5.011993466e-02
353662.650000000 -1.552395460e-04 -7.348009478e-05 1.493459146e-05 -5.097091674e-04 -1.122384868e-03 -4.895980094e-02
353662.655000000 -1.792663657e-04 -5.400583927e-05 1.278029123e-05 2.250284832e-03 2.758105505e-03 -4.599746574e-02
353662.660000000 -1.703270886e-04 -5.811071617e-05 9.217132431e-06 3.736965070e-03 4.815753607e-03 -4.465332977e-02
353662.665000000 -1.304009117e-04 -7.430554067e-05 4.258346846e-06 3.166461360e-03 4.622085436e-03 -4.586082680e-02
353662.670000000 -8.769562529e-05 -8.843953126e-05 -7.597165586e-07 5.643589373e-04 1.786434813e-03 -4.851333207e-02
353662.675000000 -8.054867625e-05 -9.274300597e-05 -9.617388835e-06 -1.740476426e-03 -1.753166263e-03 -5.115720308e-02
353662.680000000 -1.087424771e-04 -8.633866130e-05 -1.671761721e-05 -2.005033566e-03 -2.869230900e-03 -5.199489903e-02
353662.685000000 -1.335233422e-04 -7.457967457e-05 -2.048759409e-05 -1.033634442e-03 -1.850102003e-03 -5.015112953e-02
353662.690000000 -1.377896572e-04 -6.691439733e-05 -2.336316929e-05 1.514375676e-03 -1.232897007e-04 -4.659787286e-02
353662.695000000 -1.294749452e-04 -7.581615088e-05 -2.034478892e-05 3.663405026e-03 9.949246805e-04 -4.441249687e-02
353662.700000000 -1.201558301e-04 -9.687000816e-05 -1.623474988e-05 2.814986610e-03 1.097287963e-03 -4.480699901e-02
353662.705000000 -1.152854092e-04 -1.187836843e-04 -1.294787767e-05 5.816534522e-04 4.746356165e-04 -4.658286956e-02
353662.710000000 -1.215208414e-04 -1.237560605e-04 -6.508541428e-06 -1.599385295e-03 7.674046148e-05 -4.966959056e-02
353662.715000000 -1.343053688e-04 -1.086230663e-04 -2.550966890e-06 -2.653996326e-03 8.848030464e-04 -5.137996605e-02
353662.720000000 -1.389909667e-04 -9.092645889e-05 1.391234642e-06 -1.431092596e-03 2.082807957e-03 -4.971910631e-02
353662.725000000 -1.339029008e-04 -7.630977307e-05 1.165100517e-05 1.157118343e-03 2.538679871e-03 -4.740639012e-02
353662.730000000 -1.222093345e-04 -8.025485298e-05 2.502588714e-05 2.744126963e-03 1.732932887e-03 -4.592389812e-02
353662.735000000 -1.047736651e-04 -1.037093136e-04 3.179450477e-05 2.248802918e-03 -7.281713375e-05 -4.581910062e-02
353662.740000000 -8.927995003e-05 -1.236671508e-04 3.141491750e-05 4.874239703e-04 -1.856049682e-03 -4.759472421e-02
353662.745000000 -8.842443680e-05 -1.271753231e-04 2.886116796e-05 -1.701260561e-03 -2.766022149e-03 -4.984117157e-02
353662.750000000 -1.157071895e-04 -1.038840298e-04 2.380660648e-05 -2.340685607e-03 -1.653845920e-03 -4.977738974e-02
353662.755000000 -1.589916200e-04 -7.393727827e-05 2.129116555e-05 -5.365833110e-04 9.066087831e-04 -4.762084521e-02
353662.760000000 -1.829610607e-04 -6.833788138e-05 2.297941256e-05 1.682393155e-03 2.996926988e-03 -4.604146341e-02
353662.765000000 -1.728615245e-04 -8.044546203e-05 2.596449296e-05 2.844547440e-03 3.863617387e-03 -4.538350871e-02
353662.770000000 -1.226986394e-04 -1.024624661e-04 2.203770629e-05 2.325224593e-03 2.249606531e-03 -4.672790461e-02
353662.775000000 -6.723215306e-05 -1.245950158e-04 1.100246534e-05 1.725233836e-04 -8.318486188e-04 -4.968525241e-02
353662.780000000 -4.852615459e-05 -1.279877614e-04 3.069082842e-06 -2.276396310e-03 -2.616260214e-03 -5.107876494e-02
353662.785000000 -6.390287650e-05 -1.125992150e-04 -2.658306585e-06 -3.299409234e-03 -2.824496502e-03 -5.005035314e-02
353662.790000000 -1.167453726e-04 -8.397429631e-05 -1.043023135e-05 -1.521292041e-03 -1.534676503e-03 -4.785760355e-02
353662.795000000 -1.679325600e-04 -6.136596778e-05 -1.716580790e-05 1.238828627e-03 4.626106372e-04 -4.570588455e-02
353662.800000000 -1.682156154e-04 -6.218246193e-05 -1.893616908e-05 2.614603218e-03 1.525710162e-03 -4.469469434e-02
353662.805000000 -1.291079123e-04 -7.372213621e-05 -2.046488384e-05 2.717373510e-03 1.122751203e-03 -4.578817513e-02
353662.810000000 -9.139957907e-05 -8.983743110e-05 -2.626406604e-05 5.537083149e-04 -2.247028477e-05 -4.829199017e-02
353662.815000000 -8.902535125e-05 -1.015970888e-04 -3.214823541e-05 -2.301722890e-03 -6.560425684e-04 -4.971545627e-02
353662.820000000 -1.112867599e-04 -9.259827036e-05 -3.241775063e-05 -2.699539135e-03 -5.283897886e-04 -4.928027917e-02
353662.825000000 -1.365295025e-04 -7.437269063e-05 -2.673370383e-05 -1.266493634e-03 -8.068278360e-05 -4.813285143e-02
353662.830000000 -1.500807131e-04 -6.960098721e-05 -1.363152084e-05 1.294963440e-03 1.196909251e-04 -4.655286173e-02
353662.835000000 -1.437983566e-04 -8.221682780e-05 -2.541816689e-06 3.517108637e-03 -3.497024016e-04 -4.581955902e-02
353662.840000000 -1.265614020e-04 -1.020724809e-04 7.461938650e-07 3.018337458e-03 -1.008955817e-03 -4.702248037e-02
353662.845000000 -1.075403194e-04 -1.193119932e-04 4.676267075e-06 3.761740612e-04 -1.276284540e-03 -4.859297911e-02
353662.850000000 -1.028560593e-04 -1.159202364e-04 9.877525878e-06 -2.064016346e-03 -1.362751315e-03 -4.964275685e-02
353662.855000000 -1.285903083e-04 -9.098272167e-05 1.279962259e-05 -2.522711852e-03 -1.069857517e-03 -4.997307844e-02
353662.860000000 -1.733255056e-04 -6.517161256e-05 1.654840724e-05 -1.023624181e-03 7.724203857e-05 -4.874522813e-02
353662.865000000 -1.851647801e-04 -5.503955970e-05 2.505266639e-05 1.519616497e-03 1.258665744e-03 -4.683805355e-02
353662.870000000 -1.476376816e-04 -6.323612105e-05 3.581641905e-05 3.072284228e-03 1.279392683e-03 -4.640205975e-02
353662.875000000 -1.044308722e-04 -7.805777101e-05 3.988262570e-05 2.075185501e-03 3.802783915e-04 -4.742042433e-02
353662.880000000 -8.572058193e-05 -9.545434336e-05 3.518312187e-05 -1.425505780e-04 -6.438940285e-04 -4.847916075e-02
353662.885000000 -9.826986278e-05 -9.907326894e-05 3.078510686e-05 -1.947006358e-03 -1.516903784e-03 -4.932236753e-02
353662.890000000 -1.312796925e-04 -7.746846014e-05 2.758606310e-05 -2.084743898e-03 -1.739216539e-03 -4.924539439e-02
353662.895000000 -1.690705172e-04 -5.342963384e-05 2.261468041e-05 8.806725782e-05 -1.102527299e-03 -4.785273389e-02
353662.900000000 -1.928537224e-04 -4.490252514e-05 1.540957654e-05 3.026281663e-03 -1.423687063e-04 -4.670458439e-02
353662.905000000 -1.675357811e-04 -6.072119253e-05 6.123635293e-06 3.584788338e-03 9.140441289e-04 -4.650778455e-02
353662.910000000 -1.088936905e-04 -8.454548992e-05 -2.273573014e-06 1.473200979e-03 1.534776605e-03 -4.678625296e-02
353662.915000000 -7.722451418e-05 -9.262077514e-05 -8.400405333e-06 -9.488173893e-04 1.137419534e-03 -4.768247278e-02
353662.920000000 -8.779336955e-05 -8.964591245e-05 -1.377329842e-05 -2.799346144e-03 4.523271418e-04 -4.899964360e-02
353662.925000000 -1.224434751e-04 -6.661607344e-05 -1.797652517e-05 -2.389388461e-03 -1.212854727e-04 -4.915212590e-02
353662.930000000 -1.512269325e-04 -3.437663837e-05 -1.812158777e-05 7.857351201e-04 -8.128517160e-04 -4.835809561e-02
353662.935000000 -1.540843923e-04 -2.623796107e-05 -1.907174307e-05 3.741910897e-03 -1.106296542e-03 -4.808424942e-02
353662.940000000 -1.388913743e-04 -4.641766387e-05 -1.949693890e-05 4.488050029e-03 -5.392104483e-04 -4.763476760e-02
353662.945000000 -1.145220425e-04 -7.673001819e-05 -1.697509269e-05 2.653207479e-03 2.524680021e-04 -4.704495694e-02
353662.950000000 -9.928123520e-05 -9.478135509e-05 -1.551487491e-05 -5.358565462e-04 4.716097024e-04 -4.745580420e-02
353662.955000000 -1.064586203e-04 -9.376607789e-05 -1.384008269e-05 -2.703999740e-03 2.576059714e-04 -4.823236877e-02
353662.960000000 -1.261298074e-04 -7.783068078e-05 -1.327545915e-05 -2.640585854e-03 -2.356462656e-04 -4.846285355e-02
353662.965000000 -1.528884567e-04 -5.691318893e-05 -5.450415575e-06 1.777988095e-05 -3.958721190e-04 -4.832517526e-02
353662.970000000 -1.722552286e-04 -4.898646284e-05 9.345250471e-06 3.120276277e-03 6.473787866e-04 -4.751059821e-02
353662.975000000 -1.667799557e-04 -6.531087168e-05 1.741034753e-05 4.046391038e-03 2.213762303e-03 -4.614834338e-02
353662.980000000 -1.335503020e-04 -9.098811459e-05 2.239543080e-05 2.970090923e-03 2.894950615e-03 -4.582257400e-02
353662.985000000 -9.572446169e-05 -1.015375983e-04 2.791733903e-05 4.767391803e-04 1.568086747e-03 -4.729705165e-02
353662.990000000 -9.623323478e-05 -9.422054361e-05 2.803055010e-05 -1.548988599e-03 -7.044483570e-04 -4.903282325e-02
353662.995000000 -1.327911990e-04 -8.015259936e-05 2.671891221e-05 -1.230389156e-03 -1.825345552e-03 -4.960150099e-02
353663.000000000 -1.667401921e-04 -6.494039901e-05 2.802860894e-05 4.269946922e-04 -1.542413787e-03 -4.911065619e-02
353663.005000000 -1.669963474e-04 -5.883011017e-05 3.050326598e-05 2.478853024e-03 -3.350690732e-04 -4.731959088e-02
353663.010000000 -1.391660026e-04 -7.142193732e-05 3.015432481e-05 3.777719742e-03 8.169749424e-04 -4.561629321e-02
353663.015000000 -1.189459113e-04 -9.411468832e-05 2.315923730e-05 2.810479485e-03 1.203093253e-03 -4.594611790e-02
353663.020000000 -1.145624864e-04 -1.099965288e-04 1.463135250e-05 3.498785626e-04 1.044199808e-03 -4.733355088e-02
353663.025000000 -1.230361048e-04 -9.971836058e-05 6.379812745e-06 -1.073003237e-03 2.524443264e-04 -4.903715528e-02
353663.030000000 -1.386165454e-04 -7.311409403e-05 -2.340728097e-06 -3.712755151e-04 -4.948275695e-04 -5.046131269e-02
353663.035000000 -1.483812586e-04 -5.737419513e-05 -7.475506228e-06 1.088163647e-03 -2.573171699e-05 -4.992250396e-02
353663.040000000 -1.488237553e-04 -5.593335176e-05 -6.902352059e-06 2.296786623e-03 1.223318238e-03 -4.751566034e-02
353663.045000000 -1.278838540e-04 -6.961178049e-05 -8.795204814e-06 2.673361251e-03 1.707432781e-03 -4.588928743e-02
353663.050000000 -9.712562128e-05 -9.039572622e-05 -1.522539537e-05 1.619788509e-03 8.491364684e-04 -4.640111101e-02
353663.055000000 -8.885606001e-05 -1.003233249e-04 -2.292135455e-05 7.533736106e-05 -6.424118044e-04 -4.781645281e-02
353663.060000000 -1.024795703e-04 -9.374739740e-05 -2.943297826e-05 -4.892293815e-04 -2.198039578e-03 -4.958044116e-02
353663.065000000 -1.312330814e-04 -7.621344358e-05 -2.868502735e-05 9.875498419e-05 -2.272095907e-03 -5.024090158e-02
353663.070000000 -1.612296224e-04 -6.357351168e-05 -2.365529513e-05 1.276661361e-03 -2.771915788e-04 -4.839979080e-02
353663.075000000 -1.634817642e-04 -6.519543441e-05 -1.828443320e-05 2.454762923e-03 1.885713121e-03 -4.608448027e-02
353663.080000000 -1.384963512e-04 -8.049169245e-05 -1.258838789e-05 2.799827840e-03 3.037728907e-03 -4.525598120e-02
353663.085000000 -1.092188748e-04 -1.057487532e-04 -6.609185361e-06 1.684210908e-03 2.425689027e-03 -4.624058911e-02
353663.090000000 -9.835501123e-05 -1.216832420e-04 -8.521425300e-07 2.437531371e-04 2.813384416e-04 -4.872769960e-02
353663.095000000 -1.129756789e-04 -1.153448402e-04 4.319037270e-06 -2.758591984e-04 -1.513229293e-03 -5.116085282e-02
353663.100000000 -1.372874679e-04 -9.812884250e-05 1.080026517e-05 -2.075649400e-04 -1.872635511e-03 -5.142940516e-02
353663.105000000 -1.486867688e-04 -8.423417808e-05 2.160153412e-05 7.933835932e-04 -9.221438837e-04 -4.922745764e-02
353663.110000000 -1.401011177e-04 -8.427574497e-05 3.167117351e-05 2.003478623e-03 2.725319560e-04 -4.690153570e-02
353663.115000000 -1.254188202e-04 -9.825660716e-05 3.362230624e-05 1.576229232e-03 6.102694530e-04 -4.606648306e-02
353663.120000000 -1.166027763e-04 -1.119584760e-04 3.134260226e-05 3.046020004e-04 -1.882300865e-05 -4.641904612e-02
353663.125000000 -1.257386257e-04 -1.069162773e-04 3.015615867e-05 -3.025200299e-04 -9.337977684e-04 -4.841507822e-02
353663.130000000 -1.480472692e-04 -8.505928580e-05 3.116223711e-05 -1.235697291e-04 -8.441419637e-04 -5.035293581e-02
353663.135000000 -1.612416240e-04 -6.833214813e-05 3.019212712e-05 7.320115686e-04 5.200636314e-04 -4.957554968e-02
353663.140000000 -1.587393853e-04 -6.412051888e-05 2.580997220e-05 1.985911976e-03 1.905582015e-03 -4.759780506e-02
353663.145000000 -1.346993789e-04 -7.475694718e-05 2.232493060e-05 2.251066786e-03 1.742785776e-03 -4.654978711e-02
353663.150000000 -1.091145515e-04 -9.612651333e-05 1.706548243e-05 1.210476063e-03 -3.983131543e-05 -4.680272910e-02
353663.155000000 -1.123286671e-04 -1.093396673e-04 9.491098204e-06 2.311331611e-04 -1.871469243e-03 -4.836015726e-02
353663.160000000 -1.310780924e-04 -1.042725844e-04 2.998673038e-06 -2.816891182e-04 -2.679180505e-03 -5.032083451e-02
353663.165000000 -1.391385892e-04 -8.499933331e-05 -1.294757911e-06 -5.870917424e-05 -2.143529763e-03 -5.019781699e-02
353663.170000000 -1.348635361e-04 -6.576758953e-05 -4.534284825e-06 9.993749307e-04 -8.860883488e-04 -4.800863367e-02
353663.175000000 -1.349182970e-04 -5.774764078e-05 -7.432933838e-06 1.718148473e-03 1.624390360e-04 -4.629004811e-02
353663.180000000 -1.386337933e-04 -5.995498530e-05 -1.001172411e-05 1.315658713e-03 7.920180177e-04 -4.540061196e-02
353663.185000000 -1.363741881e-04 -6.994176964e-05 -1.082135707e-05 5.587185758e-04 2.551371758e-04 -4.650789267e-02
353663.190000000 -1.339389562e-04 -8.001011029e-05 -8.965993396e-06 1.783856874e-04 -1.368010614e-03 -4.997599775e-02
353663.195000000 -1.370490608e-04 -8.023400673e-05 -7.850471449e-06 6.483560717e-05 -2.303490696e-03 -5.239407139e-02
353663.200000000 -1.441407003e-04 -7.031757373e-05 -5.017452024e-06 4.825394385e-04 -1.874322813e-03 -5.185436281e-02
353663.205000000 -1.537812209e-04 -6.478033525e-05 1.718523653e-06 1.249544722e-03 -3.132717631e-04 -4.887951929e-02
353663.210000000 -1.565504715e-04 -6.924632873e-05 9.830851663e-06 1.216048565e-03 1.432555684e-03 -4.531909272e-02
353663.215000000 -1.444807173e-04 -7.358249433e-05 1.790026196e-05 5.363102274e-04 1.596638936e-03 -4.374108038e-02
353663.220000000 -1.303294115e-04 -8.043484265e-05 2.140399843e-05 2.470308226e-04 -1.174744347e-04 -4.508662515e-02
353663.225000000 -1.396247483e-04 -8.502638834e-05 2.464394140e-05 2.183212230e-04 -1.891362999e-03 -4.838540948e-02
353663.230000000 -1.698794295e-04 -7.775283120e-05 3.291995710e-05 5.967300350e-04 -1.907286862e-03 -5.070518525e-02
353663.235000000 -1.969963716e-04 -6.638676728e-05 4.021907557e-05 1.681718714e-03 -2.273038843e-04 -5.033365990e-02
353663.240000000 -2.076256552e-04 -6.201078392e-05 4.390385853e-05 2.409728944e-03 2.082265297e-03 -4.858929064e-02
353663.245000000 -1.809131766e-04 -7.365503792e-05 4.376519502e-05 1.824669552e-03 2.988520001e-03 -4.690625852e-02
353663.250000000 -1.295405579e-04 -9.229298451e-05 4.150546218e-05 7.588462726e-04 1.211636838e-03 -4.696441673e-02
353663.255000000 -1.036794170e-04 -9.959592264e-05 4.204032455e-05 2.423141472e-04 -1.446241657e-03 -4.915721181e-02
353663.260000000 -1.183166972e-04 -9.385325410e-05 4.152862910e-05 1.401237988e-04 -2.754713461e-03 -5.104633961e-02
353663.265000000 -1.510273247e-04 -7.646302907e-05 3.844368730e-05 7.831811254e-04 -1.648397028e-03 -5.028994123e-02
353663.270000000 -1.709183263e-04 -5.464869287e-05 3.368699243e-05 1.969133267e-03 8.680974921e-04 -4.769727732e-02
353663.275000000 -1.639883064e-04 -4.415821011e-05 2.348370917e-05 2.374328839e-03 2.368919541e-03 -4.557341685e-02
353663.280000000 -1.422238906e-04 -5.040835677e-05 1.334199159e-05 1.873345794e-03 2.078786910e-03 -4.481888251e-02
353663.285000000 -1.299557257e-04 -6.971781920e-05 5.907752088e-06 1.117480623e-03 3.630800233e-04 -4.700404773e-02
353663.290000000 -1.390781814e-04 -8.351272163e-05 -1.244968415e-07 5.713778714e-04 -1.023425123e-03 -5.082082545e-02
353663.295000000 -1.562700997e-04 -8.025424064e-05 -2.471572895e-06 7.069401945e-04 -1.607439597e-04 -5.195558055e-02
353663.300000000 -1.633424226e-04 -7.434701611e-05 -4.128176317e-06 1.504414662e-03 2.007906214e-03 -5.040002479e-02
353663.305000000 -1.424029488e-04 -7.124242678e-05 -5.443687036e-06 1.971275674e-03 3.244432783e-03 -4.764746362e-02
353663.310000000 -1.051616174e-04 -7.071003237e-05 -5.565250246e-06 1.713413334e-03 2.340715831e-03 -4.507464649e-02
353663.315000000 -9.163008575e-05 -8.217317994e-05 -9.753533400e-06 1.454718641e-03 -2.721522569e-04 -4.512936023e-02
353663.320000000 -1.070542465e-04 -9.832286180e-05 -1.422046533e-05 1.080225597e-03 -2.809389701e-03 -4.769290171e-02
353663.325000000 -1.338804761e-04 -1.016426745e-04 -9.245419755e-06 5.865719036e-04 -2.967765617e-03 -4.986722282e-02
353663.330000000 -1.544024721e-04 -9.199396214e-05 1.166059852e-06 8.457756500e-04 -7.954786859e-04 -4.991399197e-02
353663.335000000 -1.546094552e-04 -7.850659637e-05 6.940004956e-06 1.551152715e-03 1.441943716e-03 -4.853702266e-02
353663.340000000 -1.441400442e-04 -7.086478799e-05 7.855524362e-06 1.720591639e-03 2.632549368e-03 -4.651361161e-02
353663.345000000 -1.392114959e-04 -7.978930360e-05 1.254346124e-05 1.606861842e-03 1.918501525e-03 -4.542874120e-02
353663.350000000 -1.461205397e-04 -9.973864176e-05 2.261493991e-05 1.483059239e-03 -1.134880012e-04 -4.682272171e-02
353663.355000000 -1.606257194e-04 -1.107624156e-04 3.066437645e-05 1.092259646e-03 -1.027713706e-03 -4.911629662e-02
353663.360000000 -1.706811485e-04 -1.105790503e-04 3.453334408e-05 8.256892072e-04 -4.533950684e-04 -5.026384288e-02
353663.365000000 -1.642944144e-04 -1.076416474e-04 3.855142521e-05 7.465305227e-04 7.273955838e-04 -4.969259949e-02
353663.370000000 -1.440551406e-04 -1.014531205e-04 4.216202385e-05 4.859671915e-04 1.644116708e-03 -4.771145906e-02
353663.375000000 -1.290752057e-04 -9.460126561e-05 4.163654204e-05 3.928944254e-04 1.206796100e-03 -4.575547304e-02
353663.380000000 -1.299026197e-04 -9.377943084e-05 3.895915844e-05 7.672789708e-04 -4.360317149e-04 -4.537974023e-02
353663.385000000 -1.480400646e-04 -9.699495353e-05 3.498942960e-05 1.039960854e-03 -1.489283198e-03 -4.678098316e-02
353663.390000000 -1.673939057e-04 -9.585684720e-05 3.115341155e-05 1.018407209e-03 -9.256282588e-04 -4.831026578e-02
353663.395000000 -1.677720190e-04 -8.772346349e-05 2.825746586e-05 1.242099061e-03 3.140502110e-04 -4.874725103e-02
353663.400000000 -1.573925441e-04 -7.698351718e-05 2.379590246e-05 1.453662219e-03 1.435592862e-03 -4.852687065e-02
353663.405000000 -1.483334905e-04 -7.215402576e-05 1.686099347e-05 8.653472009e-04 1.976975215e-03 -4.737587355e-02
353663.410000000 -1.402779911e-04 -7.657297198e-05 8.991788642e-06 5.274675347e-05 1.438668372e-03 -4.608785405e-02
353663.415000000 -1.350789139e-04 -8.165457042e-05 5.486017866e-06 9.054654629e-05 2.252394019e-04 -4.664797075e-02
353663.420000000 -1.381160604e-04 -8.441775276e-05 4.158905426e-06 6.564661938e-04 -7.014430390e-04 -4.822378535e-02
353663.425000000 -1.473932609e-04 -9.024196634e-05 1.686406776e-06 1.373331300e-03 -3.189310136e-04 -4.885821575e-02
353663.430000000 -1.507790539e-04 -9.399213658e-05 2.011541054e-06 1.899296065e-03 1.255329638e-03 -4.829813527e-02
353663.435000000 -1.396873771e-04 -8.653357399e-05 2.986704696e-06 1.480841778e-03 2.567416189e-03 -4.704793586e-02
353663.440000000 -1.198566801e-04 -7.707201978e-05 2.646573483e-06 4.972820466e-04 2.582902439e-03 -4.572262792e-02
353663.445000000 -1.084800206e-04 -8.145179526e-05 4.170875593e-06 -3.724287371e-04 7.875490284e-04 -4.622193572e-02
353663.450000000 -1.199119214e-04 -8.918077698e-05 8.520561994e-06 -7.974412443e-04 -1.405714607e-03 -4.842198344e-02
353663.455000000 -1.439291780e-04 -8.504642251e-05 1.520812859e-05 -8.146713000e-05 -1.760770900e-03 -4.950643129e-02
353663.460000000 -1.622912140e-04 -7.884943405e-05 2.305518771e-05 1.679903578e-03 -5.230956927e-04 -4.936177057e-02
353663.465000000 -1.613489985e-04 -8.016744521e-05 3.106294182e-05 2.583093934e-03 1.676541931e-03 -4.834052218e-02
353663.470000000 -1.337545424e-04 -8.468032385e-05 3.626085403e-05 1.738621889e-03 3.437453465e-03 -4.633437706e-02
353663.475000000 -1.008547039e-04 -8.772776057e-05 3.890377883e-05 6.472395191e-04 2.766193087e-03 -4.545422659e-02
353663.480000000 -9.104220281e-05 -9.416726404e-05 4.596200810e-05 -1.807735163e-04 6.390245165e-04 -4.668528648e-02
353663.485000000 -1.116804056e-04 -1.005802304e-04 6.106871567e-05 -5.616646841e-04 -7.946616650e-04 -4.862971992e-02
353663.490000000 -1.406654282e-04 -9.781293749e-05 7.547120748e-05 5.831721591e-04 -9.084767325e-04 -4.999557751e-02
353663.495000000 -1.506823470e-04 -9.136030245e-05 7.891347607e-05 2.363149331e-03 -2.129994398e-04 -5.026225618e-02
353663.500000000 -1.396885122e-04 -8.871996668e-05 7.474694185e-05 2.899761467e-03 6.752668972e-04 -4.921000062e-02
353663.505000000 -1.126365043e-04 -9.110843217e-05 6.801891533e-05 1.979044325e-03 4.899333136e-04 -4.748441367e-02
353663.510000000 -9.334481206e-05 -9.474880953e-05 6.288789126e-05 4.420242544e-04 -1.094732547e-03 -4.690294373e-02
353663.515000000 -1.117341469e-04 -9.513318822e-05 6.029862084e-05 -8.367731767e-04 -2.000332136e-03 -4.782606215e-02
353663.520000000 -1.531001535e-04 -9.213079684e-05 5.767201423e-05 -1.126833918e-03 -1.204611562e-03 -4.873354805e-02
353663.525000000 -1.695485396e-04 -8.039250539e-05 5.332964646e-05 2.039740753e-04 6.254039051e-04 -4.935097278e-02
353663.530000000 -1.481000045e-04 -6.287719532e-05 4.603973993e-05 2.073881076e-03 2.491617308e-03 -4.931195206e-02
353663.535000000 -1.205642860e-04 -5.895630375e-05 3.925193035e-05 2.685958578e-03 3.252383222e-03 -4.773536686e-02
353663.540000000 -1.018273736e-04 -6.947794101e-05 3.281329002e-05 2.350478537e-03 2.519016040e-03 -4.626122504e-02
353663.545000000 -9.106424579e-05 -8.401631920e-05 2.936747882e-05 1.230004153e-03 3.374303114e-04 -4.693889108e-02
353663.550000000 -9.516282786e-05 -9.314775007e-05 3.103557421e-05 -1.290917247e-04 -2.091424753e-03 -4.875724402e-02
353663.555000000 -1.181629563e-04 -8.946650674e-05 3.090133954e-05 -1.012582997e-05 -2.761885200e-03 -4.980678475e-02
353663.560000000 -1.475371313e-04 -8.093360970e-05 2.944910669e-05 1.007347332e-03 -1.465928618e-03 -4.974842920e-02
353663.565000000 -1.468902439e-04 -7.563131781e-05 3.065636493e-05 1.651019465e-03 3.319144984e-04 -4.798919833e-02
353663.570000000 -1.161733304e-04 -7.490907998e-05 3.320401285e-05 1.935628854e-03 7.677503413e-04 -4.575336875e-02
353663.575000000 -1.047066037e-04 -7.861758564e-05 3.457388571e-05 1.725945509e-03 -4.110584143e-04 -4.587374192e-02
353663.580000000 -1.219217418e-04 -8.832786438e-05 3.763171573e-05 8.379164763e-04 -1.555345201e-03 -4.755970690e-02
353663.585000000 -1.456459928e-04 -9.644173628e-05 4.733395558e-05 2.456085207e-04 -1.424046031e-03 -4.912409798e-02
353663.590000000 -1.588024080e-04 -9.219279460e-05 6.053936609e-05 8.425477562e-04 -9.172657358e-05 -5.017879360e-02
353663.595000000 -1.508629750e-04 -8.248053251e-05 6.811722015e-05 1.696691637e-03 1.415191985e-03 -4.962410363e-02
353663.600000000 -1.296255005e-04 -8.069354113e-05 6.929435792e-05 1.848057269e-03 1.371056558e-03 -4.731476337e-02
353663.605000000 -1.149049717e-04 -8.827466332e-05 7.216523383e-05 1.397381690e-03 -6.728054590e-04 -4.562240639e-02
353663.610000000 -1.255618553e-04 -9.362605872e-05 7.767996352e-05 6.934794338e-04 -2.509910200e-03 -4.614162845e-02
353663.615000000 -1.548548475e-04 -9.283210133e-05 8.171838376e-05 3.218747451e-04 -2.636049605e-03 -4.744851524e-02
353663.620000000 -1.774290674e-04 -9.061552913e-05 8.437515687e-05 8.551821977e-04 -9.658740462e-04 -4.851098066e-02
353663.625000000 -1.774349210e-04 -8.657625414e-05 8.557966081e-05 1.659746740e-03 1.687700420e-03 -4.888460174e-02
353663.630000000 -1.562296397e-04 -8.218738655e-05 8.271404963e-05 1.645075627e-03 3.178376607e-03 -4.785222741e-02
353663.635000000 -1.296915134e-04 -8.037499783e-05 7.859617400e-05 1.230530296e-03 2.533109440e-03 -4.673624895e-02
353663.640000000 -1.216676291e-04 -8.301718364e-05 7.333859402e-05 7.969391135e-04 5.172257928e-04 -4.706444154e-02
353663.645000000 -1.335008335e-04 -9.015458191e-05 6.693007250e-05 3.235549801e-04 -1.181351716e-03 -4.804944293e-02
353663.650000000 -1.413782987e-04 -9.579143344e-05 6.313851315e-05 5.699833033e-04 -1.390807883e-03 -4.874298324e-02
353663.655000000 -1.401278137e-04 -9.330680488e-05 5.775388992e-05 1.324093324e-03 -6.426699801e-04 -4.921300814e-02
353663.660000000 -1.404574264e-04 -7.908572988e-05 4.672464401e-05 1.718002100e-03 3.560136058e-04 -4.834161125e-02
353663.665000000 -1.461153121e-04 -6.495707266e-05 3.302413309e-05 1.645056554e-03 8.502295489e-04 -4.645668751e-02
353663.670000000 -1.461925582e-04 -6.641160954e-05 2.635056215e-05 1.084622625e-03 2.479471174e-04 -4.634995855e-02
353663.675000000 -1.354021903e-04 -7.417142365e-05 2.655409576e-05 2.607601136e-04 -7.547828833e-04 -4.790462554e-02
353663.680000000 -1.350500070e-04 -8.082444467e-05 2.543765813e-05 4.892948400e-04 -9.713606734e-04 -4.948913155e-02
353663.685000000 -1.481760034e-04 -8.915480050e-05 2.437417651e-05 1.745845020e-03 8.885029144e-05 -5.038797298e-02
353663.690000000 -1.509296805e-04 -9.323437767e-05 2.580640423e-05 2.008842960e-03 1.727987305e-03 -4.959813383e-02
353663.695000000 -1.391082135e-04 -9.027291202e-05 2.834377148e-05 1.368246629e-03 2.746772341e-03 -4.736643390e-02
353663.700000000 -1.219762536e-04 -8.446766094e-05 3.077573170e-05 1.064192581e-03 1.604781475e-03 -4.606850477e-02
353663.705000000 -1.162934271e-04 -8.541433301e-05 3.344748192e-05 8.069262895e-04 -1.357406009e-03 -4.688017393e-02
353663.710000000 -1.344414730e-04 -9.373174914e-05 3.640404228e-05 5.376160004e-04 -3.237780249e-03 -4.821536943e-02
353663.715000000 -1.609927679e-04 -9.831716279e-05 4.056990067e-05 9.410459403e-04 -3.001534829e-03 -4.938463564e-02
353663.720000000 -1.771708590e-04 -9.843776740e-05 4.851260098e-05 1.430940682e-03 -9.133711818e-04 -4.992335067e-02
353663.725000000 -1.722952268e-04 -9.673669969e-05 5.779966339e-05 1.163541848e-03 1.872616928e-03 -4.863295364e-02
353663.730000000 -1.473474818e-04 -9.203897358e-05 6.298735523e-05 8.686453169e-04 2.671599839e-03 -4.678938166e-02
353663.735000000 -1.232229984e-04 -8.739735579e-05 6.415835470e-05 8.420847543e-04 1.310911341e-03 -4.633914827e-02
353663.740000000 -1.289448617e-04 -8.994280709e-05 6.552317375e-05 7.133547879e-04 -4.151527204e-04 -4.714691537e-02
353663.745000000 -1.644490062e-04 -9.607271042e-05 6.975134682e-05 9.876868044e-04 -1.294341062e-03 -4.838619818e-02
353663.750000000 -1.942877693e-04 -9.423341062e-05 7.255205938e-05 1.767495400e-03 -7.570558851e-04 -4.953087582e-02
353663.755000000 -1.950855586e-04 -9.008944088e-05 7.243131766e-05 1.931151936e-03 6.073804643e-04 -4.966583743e-02
353663.760000000 -1.626266321e-04 -9.073006838e-05 6.855257674e-05 1.147374875e-03 1.048956982e-03 -4.840420203e-02
353663.765000000 -1.248354324e-04 -8.778931736e-05 5.784210020e-05 3.427027147e-04 -2.641301101e-04 -4.725713234e-02
353663.770000000 -1.276553776e-04 -8.022187794e-05 4.686217542e-05 3.558004989e-05 -1.674860630e-03 -4.717651632e-02
353663.775000000 -1.646511672e-04 -7.962991850e-05 4.024269793e-05 2.702811534e-04 -1.791116233e-03 -4.735561028e-02
353663.780000000 -1.907756256e-04 -8.317605333e-05 3.636667611e-05 1.095320342e-03 -5.064485495e-04 -4.794318138e-02
353663.785000000 -1.825346122e-04 -7.800259895e-05 3.478728594e-05 1.857956394e-03 1.657451752e-03 -4.871385910e-02
353663.790000000 -1.548343067e-04 -7.181471300e-05 3.201755322e-05 1.822917078e-03 2.967744739e-03 -4.817929851e-02
353663.795000000 -1.267769880e-04 -7.513283380e-05 2.546237072e-05 1.302984372e-03 2.374518404e-03 -4.708404289e-02
353663.800000000 -1.175327841e-04 -8.053304018e-05 2.136371324e-05 4.593066031e-04 4.724114887e-04 -4.701276043e-02
353663.805000000 -1.393601281e-04 -8.241138162e-05 2.273365488e-05 -2.457162173e-04 -1.189880265e-03 -4.766023516e-02
353663.810000000 -1.615098543e-04 -8.163904977e-05 2.419057611e-05 3.018178822e-04 -1.341347116e-03 -4.832889252e-02
353663.815000000 -1.657840870e-04 -8.027672268e-05 2.540176571e-05 1.495998583e-03 -2.547355125e-04 -4.883893133e-02
353663.820000000 -1.583382102e-04 -8.125895836e-05 2.806932442e-05 2.030689353e-03 1.355329825e-03 -4.811265682e-02
353663.825000000 -1.361041986e-04 -8.446539645e-05 3.322149273e-05 1.730675237e-03 2.324900488e-03 -4.636278133e-02
353663.830000000 -1.166175367e-04 -8.784369388e-05 4.124547786e-05 7.884813485e-04 1.530314717e-03 -4.610290974e-02
353663.835000000 -1.196694153e-04 -8.911807037e-05 4.802999489e-05 -4.092144735e-04 -6.592541464e-05 -4.727143561e-02
353663.840000000 -1.429980687e-04 -8.822738208e-05 5.462022093e-05 -4.758458079e-04 -9.051146569e-04 -4.853063307e-02
353663.845000000 -1.651284889e-04 -8.708135602e-05 6.139984081e-05 9.632092399e-04 -5.273634511e-04 -4.958784770e-02
353663.850000000 -1.622632061e-04 -8.803434519e-05 6.795664908e-05 1.954633868e-03 7.527181486e-04 -4.943000360e-02
353663.855000000 -1.461038418e-04 -8.643471216e-05 7.461903717e-05 2.056358384e-03 2.065406315e-03 -4.787676234e-02
353663.860000000 -1.377190820e-04 -8.447845229e-05 7.741493456e-05 1.794699497e-03 2.298249898e-03 -4.648838526e-02
353663.865000000 -1.361325936e-04 -9.074728210e-05 7.759645773e-05 6.919206525e-04 1.169959444e-03 -4.647626865e-02
353663.870000000 -1.335229160e-04 -9.889676492e-05 7.783080898e-05 -5.222536825e-04 -3.817931657e-04 -4.749668688e-02
353663.875000000 -1.318967437e-04 -9.567282072e-05 7.893846096e-05 -5.516879544e-04 -1.520147562e-03 -4.894659095e-02
353663.880000000 -1.433087672e-04 -8.258852154e-05 8.003852039e-05 5.406904537e-04 -1.105680381e-03 -4.970237040e-02
353663.885000000 -1.574709527e-04 -7.810195579e-05 7.873910682e-05 1.635405616e-03 9.261811470e-04 -4.836960728e-02
353663.890000000 -1.483002823e-04 -8.093342991e-05 7.493989182e-05 2.079017449e-03 1.950358302e-03 -4.636596679e-02
353663.895000000 -1.241804329e-04 -7.825507147e-05 6.587327788e-05 1.985924141e-03 9.370315845e-04 -4.581119386e-02
353663.900000000 -1.184810997e-04 -7.918087363e-05 5.378683326e-05 1.209948385e-03 -7.478955895e-04 -4.676899666e-02
353663.905000000 -1.376660763e-04 -8.429642800e-05 4.575497786e-05 3.352803457e-04 -1.781355294e-03 -4.842240699e-02
353663.910000000 -1.596193908e-04 -7.893464775e-05 4.272583208e-05 4.419679444e-04 -1.366899291e-03 -4.979125530e-02
353663.915000000 -1.698177633e-04 -7.063565869e-05 4.251473982e-05 1.055578488e-03 1.808483951e-04 -5.012393747e-02
353663.920000000 -1.605998779e-04 -7.140378083e-05 4.013445820e-05 1.383494112e-03 1.447569912e-03 -4.912165616e-02
353663.925000000 -1.353971766e-04 -7.516148188e-05 3.367238580e-05 1.467682204e-03 1.015335004e-03 -4.776614652e-02
353663.930000000 -1.217946086e-04 -7.654055065e-05 2.687652012e-05 1.308782600e-03 -4.620289605e-04 -4.735950854e-02
353663.935000000 -1.326860497e-04 -7.806703867e-05 2.399865214e-05 9.647294901e-04 -1.470185383e-03 -4.760987282e-02
353663.940000000 -1.514816310e-04 -8.340042170e-05 2.773821821e-05 6.177395394e-04 -1.302679218e-03 -4.818913643e-02
353663.945000000 -1.590896477e-04 -8.770187763e-05 3.821528121e-05 3.428318421e-04 6.547584282e-05 -4.878040856e-02
353663.950000000 -1.552901601e-04 -8.494689900e-05 4.789966279e-05 4.615188524e-04 1.440939367e-03 -4.833768437e-02
353663.955000000 -1.523524832e-04 -8.301137574e-05 4.964211008e-05 1.001748630e-03 1.901334432e-03 -4.730670655e-02
353663.960000000 -1.511273760e-04 -8.565410735e-05 4.938610253e-05 1.259143049e-03 1.162724022e-03 -4.708524643e-02
353663.965000000 -1.542610559e-04 -8.589625475e-05 5.439283083e-05 1.242217918e-03 -4.253388847e-04 -4.789283162e-02
353663.970000000 -1.695387237e-04 -8.565223006e-05 6.240245836e-05 1.647032714e-03 -1.234009564e-03 -4.911671627e-02
353663.975000000 -1.837262371e-04 -9.074116362e-05 6.941522812e-05 1.937096631e-03 -4.640394425e-04 -4.999563350e-02
353663.980000000 -1.715721760e-04 -9.591136322e-05 7.599812538e-05 1.130293528e-03 1.201678396e-03 -4.929074331e-02
353663.985000000 -1.347197406e-04 -9.284344657e-05 8.377890183e-05 -9.687255675e-05 2.228275461e-03 -4.726079922e-02
353663.990000000 -1.180698674e-04 -8.325355943e-05 8.566321727e-05 -4.105164792e-04 1.639150075e-03 -4.636965729e-02
353663.995000000 -1.441785119e-04 -7.688405714e-05 7.908367237e-05 1.159344519e-05 6.710946200e-04 -4.667637181e-02
353664.000000000 -1.718674428e-04 -7.612662408e-05 7.574974581e-05 8.613349478e-04 5.020670952e-04 -4.731543158e-02
353664.005000000 -1.661017959e-04 -7.590627854e-05 7.839168856e-05 1.978628985e-03 9.776757954e-04 -4.881255475e-02
353664.010000000 -1.444646004e-04 -7.542811877e-05 7.754555997e-05 2.103072945e-03 1.808982083e-03 -4.974805541e-02
353664.015000000 -1.269856235e-04 -7.636740706e-05 7.106874267e-05 1.187706031e-03 2.519653266e-03 -4.895841798e-02
353664.020000000 -1.133153213e-04 -7.673679401e-05 6.192834557e-05 5.585615632e-05 2.442098627e-03 -4.771467602e-02
353664.025000000 -1.074001917e-04 -6.975153889e-05 5.107126546e-05 -8.573461247e-04 1.728717310e-03 -4.704073860e-02
353664.030000000 -1.110606956e-04 -5.907356781e-05 4.239109168e-05 -4.317154665e-04 1.116537888e-03 -4.700302141e-02
353664.035000000 -1.191751899e-04 -5.368449148e-05 3.807077806e-05 1.445421141e-03 7.127421818e-04 -4.770993668e-02
353664.040000000 -1.192954551e-04 -5.339717835e-05 3.427811433e-05 2.924089391e-03 6.748451710e-04 -4.836136770e-02
353664.045000000 -1.040336463e-04 -5.920791856e-05 3.021073901e-05 2.619463033e-03 9.975054134e-04 -4.796757967e-02
353664.050000000 -8.709205688e-05 -6.621159744e-05 2.659412236e-05 1.196394499e-03 9.280996371e-04 -4.751799713e-02
353664.055000000 -8.318918460e-05 -6.559464557e-05 2.124309324e-05 -2.058240459e-04 5.717877716e-04 -4.763211682e-02
353664.060000000 -9.530274819e-05 -6.184602945e-05 1.585692118e-05 -7.485486059e-04 4.689810403e-04 -4.772782275e-02
353664.065000000 -1.099444567e-04 -6.074250602e-05 1.276897383e-05 2.738641135e-04 4.768262790e-04 -4.804515480e-02
353664.070000000 -1.074696277e-04 -6.050516770e-05 1.830783978e-05 2.002365041e-03 5.129622769e-04 -4.871774901e-02
353664.075000000 -9.855936758e-05 -6.100949290e-05 3.048272577e-05 3.205259712e-03 8.032390346e-04 -4.871331419e-02
353664.080000000 -9.683690259e-05 -6.780699720e-05 3.799587737e-05 3.315339033e-03 1.279182745e-03 -4.761901354e-02
353664.085000000 -9.322149032e-05 -8.097000160e-05 3.993066949e-05 2.008638513e-03 1.221968086e-03 -4.677726387e-02
353664.090000000 -8.619060804e-05 -8.749836336e-05 4.010369690e-05 2.998146130e-04 1.927113276e-04 -4.719338691e-02
353664.095000000 -8.649133724e-05 -8.148132773e-05 4.211749696e-05 -2.316907821e-04 -1.194527642e-03 -4.826428509e-02
353664.100000000 -1.066476372e-04 -7.428404490e-05 5.165786770e-05 8.110328820e-04 -1.790625151e-03 -4.926367117e-02
353664.105000000 -1.394968861e-04 -7.409763114e-05 6.661241176e-05 2.249723796e-03 -7.878182412e-04 -4.930533096e-02
353664.110000000 -1.474439915e-04 -7.773679834e-05 7.567377292e-05 2.860753834e-03 8.969219026e-04 -4.769762379e-02
353664.115000000 -1.254019764e-04 -8.477119027e-05 7.413012733e-05 2.902035279e-03 1.732883856e-03 -4.590841760e-02
353664.120000000 -1.072873265e-04 -9.412216668e-05 6.745545590e-05 2.329614714e-03 1.226083345e-03 -4.560213021e-02
353664.125000000 -1.137689517e-04 -9.910448850e-05 6.447802929e-05 1.325072712e-03 -3.061048929e-04 -4.681485549e-02
353664.130000000 -1.399311917e-04 -9.647395946e-05 6.447264338e-05 1.428732147e-03 -1.538981970e-03 -4.883778801e-02
353664.135000000 -1.617877126e-04 -9.004607204e-05 6.542723515e-05 2.247887420e-03 -1.534785259e-03 -5.054542699e-02
353664.140000000 -1.552711171e-04 -8.892804543e-05 6.373870667e-05 2.487817150e-03 -5.923524321e-04 -5.014689854e-02
353664.145000000 -1.200585836e-04 -9.268791409e-05 5.362341005e-05 2.395480499e-03 2.652109389e-04 -4.776313653e-02
353664.150000000 -9.728405462e-05 -9.413668154e-05 4.137901257e-05 2.141619741e-03 3.823197792e-04 -4.619127286e-02
353664.155000000 -1.094896222e-04 -9.793075377e-05 3.196129393e-05 1.610593065e-03 4.754681799e-04 -4.582736179e-02
353664.160000000 -1.328078810e-04 -1.023537227e-04 2.737855254e-05 1.501152970e-03 8.313933349e-04 -4.635020033e-02
353664.165000000 -1.409318064e-04 -9.665724956e-05 2.829866397e-05 2.201586198e-03 8.911756065e-04 -4.842429481e-02
353664.170000000 -1.288619363e-04 -8.996244001e-05 2.860425747e-05 2.603429732e-03 8.429174693e-04 -4.969514678e-02
353664.175000000 -1.112455713e-04 -9.277479436e-05 2.702977994e-05 2.366141304e-03 8.468836102e-04 -4.890145807e-02
353664.180000000 -9.824906357e-05 -1.015012551e-04 2.725546539e-05 1.922959437e-03 4.246941007e-04 -4.767145091e-02
353664.185000000 -9.848774692e-05 -1.100730952e-04 2.645589575e-05 1.374095442e-03 -4.175372282e-04 -4.684160882e-02
353664.190000000 -1.148099398e-04 -1.157814816e-04 2.611321010e-05 1.464250256e-03 -9.506294627e-04 -4.658575571e-02
353664.195000000 -1.317592334e-04 -1.213765389e-04 3.003515824e-05 2.248187949e-03 -9.609596408e-04 -4.719880975e-02
353664.200000000 -1.350028179e-04 -1.244388044e-04 3.753610471e-05 2.549922221e-03 -4.868811505e-04 -4.786513369e-02
353664.205000000 -1.238805131e-04 -1.238694920e-04 4.708352041e-05 1.998766114e-03 4.252863441e-04 -4.730864266e-02
353664.210000000 -1.120286145e-04 -1.254772745e-04 5.298817851e-05 1.478211524e-03 9.161760517e-04 -4.660259495e-02
353664.215000000 -1.097163353e-04 -1.295903917e-04 5.679854049e-05 1.092586971e-03 8.964414682e-04 -4.683037305e-02
353664.220000000 -1.165024266e-04 -1.290970963e-04 6.315200393e-05 1.028773514e-03 5.706404851e-04 -4.759106624e-02
353664.225000000 -1.277999975e-04 -1.258443403e-04 7.106550737e-05 1.953573461e-03 -6.065875366e-04 -4.898752032e-02
353664.230000000 -1.295596009e-04 -1.266258333e-04 8.009220190e-05 2.546650651e-03 -1.980013981e-03 -5.044255389e-02
353664.235000000 -1.215070408e-04 -1.288159409e-04 8.872178767e-05 1.972269791e-03 -2.550889363e-03 -5.026633334e-02
353664.240000000 -1.176084154e-04 -1.293360030e-04 8.892274856e-05 1.150859523e-03 -2.245099699e-03 -4.820908203e-02
353664.245000000 -1.244026518e-04 -1.281057616e-04 8.092991095e-05 4.469043614e-04 -1.237400271e-03 -4.600887797e-02
353664.250000000 -1.397376459e-04 -1.286647500e-04 7.505399710e-05 -4.274795445e-05 -2.003184343e-04 -4.502516313e-02
353664.255000000 -1.574247075e-04 -1.250298411e-04 7.437134486e-05 4.202869469e-04 1.559748742e-04 -4.547294512e-02
353664.260000000 -1.684531004e-04 -1.185815111e-04 7.788464057e-05 1.763445740e-03 -5.911543506e-05 -4.770646490e-02
353664.265000000 -1.639654463e-04 -1.214074219e-04 8.125331124e-05 2.378850089e-03 -3.046561543e-05 -5.026508024e-02
353664.270000000 -1.438508298e-04 -1.269636625e-04 7.934061150e-05 1.818333649e-03 3.355903186e-04 -5.031736331e-02
353664.275000000 -1.202605488e-04 -1.283039390e-04 7.198656113e-05 9.893757324e-04 3.573105226e-04 -4.898294106e-02
353664.280000000 -1.096970996e-04 -1.284676122e-04 5.932036032e-05 1.311841930e-04 8.833828347e-05 -4.789324067e-02
353664.285000000 -1.174534942e-04 -1.260711438e-04 4.632052005e-05 -2.196247040e-04 -4.990477820e-04 -4.665471304e-02
353664.290000000 -1.366259937e-04 -1.167042180e-04 4.112152876e-05 7.763728139e-04 -1.528211379e-03 -4.683351444e-02
353664.295000000 -1.578563415e-04 -1.049363796e-04 3.984148855e-05 1.832532647e-03 -1.913150342e-03 -4.810774830e-02
353664.300000000 -1.620763369e-04 -9.746198940e-05 3.697144669e-05 1.609170585e-03 -1.079599302e-03 -4.809337061e-02
353664.305000000 -1.441355551e-04 -9.744608253e-05 3.426213948e-05 1.074906085e-03 -4.894864417e-04 -4.775376401e-02
353664.310000000 -1.326500099e-04 -1.016270915e-04 3.070567590e-05 5.627611780e-04 -4.021411890e-04 -4.831981993e-02
353664.315000000 -1.466801279e-04 -1.085550815e-04 3.055427249e-05 1.272516466e-04 2.581908162e-05 -4.894000882e-02
353664.320000000 -1.687790333e-04 -1.200875624e-04 4.091109501e-05 7.448186379e-04 3.647822244e-04 -4.943092352e-02
353664.325000000 -1.704893846e-04 -1.228252194e-04 5.232321445e-05 1.734682155e-03 3.870438960e-04 -4.992818228e-02
353664.330000000 -1.572897253e-04 -1.179566250e-04 5.914006119e-05 1.993139448e-03 4.213344510e-04 -4.946602207e-02
353664.335000000 -1.440068759e-04 -1.167932026e-04 6.340364383e-05 1.563505378e-03 3.043086610e-04 -4.791254328e-02
353664.340000000 -1.374484067e-04 -1.192202014e-04 6.611676773e-05 4.982055260e-04 -1.313675430e-04 -4.679538844e-02
353664.345000000 -1.496002317e-04 -1.172267644e-04 6.874914486e-05 -6.571362244e-04 -3.246059915e-04 -4.681493213e-02
353664.350000000 -1.737558751e-04 -1.069715109e-04 7.407342959e-05 -7.682755029e-04 -2.203676758e-04 -4.754985599e-02
353664.355000000 -1.920092030e-04 -1.012394639e-04 8.459451939e-05 3.105731193e-04 -2.724504076e-04 -4.908436436e-02
353664.360000000 -1.912329282e-04 -1.046588106e-04 9.051864877e-05 1.230307733e-03 -3.066752006e-04 -5.060513261e-02
353664.365000000 -1.723337910e-04 -1.077629140e-04 8.597328122e-05 1.299717129e-03 -3.157219672e-05 -5.018992568e-02
353664.370000000 -1.522287265e-04 -1.084779601e-04 7.891856198e-05 1.074457068e-03 4.114221933e-04 -4.853087572e-02
353664.375000000 -1.464923438e-04 -1.120682431e-04 7.559764087e-05 6.448189019e-04 9.270233517e-04 -4.717631835e-02
353664.380000000 -1.591957004e-04 -1.139094149e-04 7.474509295e-05 2.627129074e-04 1.344499724e-03 -4.637913746e-02
353664.385000000 -1.796804911e-04 -1.072506272e-04 7.194258720e-05 7.032704338e-04 1.130282312e-03 -4.715047307e-02
353664.390000000 -1.918724562e-04 -9.888330437e-05 6.907996858e-05 1.343161265e-03 5.439717544e-04 -4.910199552e-02
353664.395000000 -1.797179674e-04 -9.443572350e-05 6.247596918e-05 1.290935381e-03 2.906222247e-04 -5.000135607e-02
353664.400000000 -1.508313043e-04 -9.341905288e-05 4.906729389e-05 8.472146020e-04 4.909411773e-04 -4.922532516e-02
353664.405000000 -1.434468059e-04 -9.721478051e-05 3.774550410e-05 2.993770548e-04 1.304345829e-03 -4.826585851e-02
353664.410000000 -1.557321613e-04 -1.011744478e-04 3.086315499e-05 -1.784599328e-04 2.478799749e-03 -4.759305692e-02
353664.415000000 -1.608191726e-04 -9.953480592e-05 2.737818498e-05 1.462104872e-04 2.616790749e-03 -4.760890903e-02
353664.420000000 -1.528409529e-04 -9.307346087e-05 2.809731201e-05 1.236815159e-03 1.101734822e-03 -4.935182075e-02
353664.425000000 -1.415938556e-04 -8.477964991e-05 2.954568035e-05 1.516130140e-03 -6.070361853e-05 -5.054762916e-02
353664.430000000 -1.319111685e-04 -7.846242307e-05 2.840455486e-05 1.021298287e-03 8.090096528e-05 -4.955597539e-02
353664.435000000 -1.213688879e-04 -7.936614879e-05 2.481741819e-05 5.139932087e-04 7.040918021e-04 -4.788289115e-02
353664.440000000 -1.223230309e-04 -8.748240480e-05 2.158443668e-05 -1.086000103e-04 1.691388072e-03 -4.681217356e-02
353664.445000000 -1.364131732e-04 -9.296577054e-05 2.362830560e-05 1.244984049e-04 2.226286893e-03 -4.685583160e-02
353664.450000000 -1.505334848e-04 -9.214831522e-05 3.079081731e-05 1.484416027e-03 1.849446189e-03 -4.805595501e-02
353664.455000000 -1.528953204e-04 -9.375745404e-05 4.148270783e-05 2.476813476e-03 1.523697120e-03 -4.939631497e-02
353664.460000000 -1.301878630e-04 -1.053805792e-04 5.147797933e-05 2.170618876e-03 1.705546670e-03 -4.930482349e-02
353664.465000000 -9.276645745e-05 -1.157149338e-04 5.783666771e-05 1.422052805e-03 1.418750909e-03 -4.835230715e-02
353664.470000000 -7.259540615e-05 -1.169699717e-04 5.865587825e-05 8.806665989e-04 5.055930114e-04 -4.779437446e-02
353664.475000000 -9.330330983e-05 -1.173913938e-04 6.058271178e-05 5.913859316e-04 9.773176328e-05 -4.747256846e-02
353664.480000000 -1.446100124e-04 -1.191677334e-04 7.053131087e-05 8.744607386e-04 4.987400440e-04 -4.753207423e-02
353664.485000000 -1.673606508e-04 -1.194679288e-04 7.677611235e-05 1.258147413e-03 8.646260884e-04 -4.823370739e-02
353664.490000000 -1.443857298e-04 -1.126274620e-04 7.917014549e-05 1.278547250e-03 7.270361845e-04 -4.878268638e-02
353664.495000000 -1.134750511e-04 -1.093495043e-04 7.717407296e-05 1.233427458e-03 4.120875368e-04 -4.850933899e-02
353664.500000000 -1.062421336e-04 -1.192561410e-04 6.769865694e-05 1.110071538e-03 3.255875567e-04 -4.791551843e-02
353664.505000000 -1.228900430e-04 -1.286421067e-04 6.360592801e-05 6.322931019e-04 8.967867304e-04 -4.740218367e-02
353664.510000000 -1.389151331e-04 -1.254406394e-04 6.445159209e-05 5.080468868e-04 1.590992007e-03 -4.703300483e-02
353664.515000000 -1.426886996e-04 -1.176834490e-04 5.980435539e-05 1.293298635e-03 1.304008589e-03 -4.755928064e-02
353664.520000000 -1.259027602e-04 -1.175368612e-04 5.177863239e-05 1.771884091e-03 -8.661988803e-07 -4.873277043e-02
353664.525000000 -1.000872879e-04 -1.216348162e-04 4.384702465e-05 1.209971432e-03 -1.012034686e-03 -4.847599527e-02
353664.530000000 -8.847225774e-05 -1.225312901e-04 3.586768311e-05 5.781948168e-04 -1.081851064e-03 -4.722391976e-02
353664.535000000 -1.008013626e-04 -1.204720743e-04 2.612478288e-05 4.009118343e-04 -1.718780440e-04 -4.642712572e-02
353664.540000000 -1.319185655e-04 -1.188298839e-04 1.721813441e-05 6.565731983e-04 1.413629880e-03 -4.576983734e-02
353664.545000000 -1.516485898e-04 -1.174092889e-04 1.984752357e-05 1.543600515e-03 1.919986619e-03 -4.637470998e-02
353664.550000000 -1.481572640e-04 -1.180503831e-04 2.436931443e-05 2.310815885e-03 1.233085226e-03 -4.838258298e-02
353664.555000000 -1.305457711e-04 -1.221039304e-04 2.177677920e-05 2.019271226e-03 3.078773408e-04 -4.951995431e-02
353664.560000000 -1.027450358e-04 -1.295251084e-04 1.925907606e-05 9.984838814e-04 -8.627025489e-04 -4.898526763e-02
353664.565000000 -9.604929389e-05 -1.339439165e-04 1.842112961e-05 2.142651674e-05 -1.139049812e-03 -4.795341264e-02
353664.570000000 -1.155422178e-04 -1.324480819e-04 2.280649834e-05 -5.204527320e-04 1.227903403e-05 -4.659519891e-02
353664.575000000 -1.333857940e-04 -1.325823743e-04 3.168551538e-05 -1.445674094e-04 1.239078933e-03 -4.539427464e-02
353664.580000000 -1.389369094e-04 -1.306385657e-04 4.312929774e-05 1.049718731e-03 1.565301177e-03 -4.603013246e-02
353664.585000000 -1.311613746e-04 -1.256118286e-04 5.455338054e-05 1.544121672e-03 1.421705828e-03 -4.718699248e-02
353664.590000000 -1.170186799e-04 -1.249526331e-04 6.077740884e-05 1.168415627e-03 1.089703986e-03 -4.743482572e-02
353664.595000000 -1.059850783e-04 -1.299039416e-04 6.438738582e-05 5.124339046e-04 5.473122234e-04 -4.753586116e-02
353664.600000000 -1.117899384e-04 -1.326642199e-04 6.980775512e-05 -4.778249245e-04 4.337102841e-04 -4.741370747e-02
353664.605000000 -1.296141515e-04 -1.302731748e-04 7.426545700e-05 -5.215972969e-04 7.262487602e-04 -4.679654253e-02
353664.610000000 -1.397629037e-04 -1.285732273e-04 7.773832556e-05 6.352891727e-04 7.784292366e-04 -4.667759831e-02
353664.615000000 -1.296126645e-04 -1.281651387e-04 8.301195792e-05 1.487711450e-03 2.988309062e-04 -4.724311723e-02
353664.620000000 -1.054817315e-04 -1.283131195e-04 8.660547070e-05 1.422451494e-03 -5.665989266e-04 -4.719115727e-02
353664.625000000 -9.506899233e-05 -1.316367891e-04 8.419324029e-05 9.514453624e-04 -1.109493025e-03 -4.687377575e-02
353664.630000000 -1.071109184e-04 -1.350237212e-04 7.635319884e-05 8.200516005e-05 -8.061495666e-04 -4.700181924e-02
353664.635000000 -1.260853904e-04 -1.289050655e-04 6.989618646e-05 -7.625904312e-04 8.205035146e-06 -4.703382806e-02
353664.640000000 -1.347912147e-04 -1.148752131e-04 6.684984707e-05 -2.230728749e-04 4.599080622e-04 -4.740515826e-02
353664.645000000 -1.314915586e-04 -1.075483612e-04 6.314707008e-05 7.933414160e-04 1.161625923e-04 -4.846761019e-02
353664.650000000 -1.245789009e-04 -1.067213171e-04 5.859812995e-05 9.680046310e-04 -4.189196951e-04 -4.900425302e-02
353664.655000000 -1.115475849e-04 -1.055417145e-04 5.343999263e-05 6.302136411e-04 -8.248495384e-04 -4.840999208e-02
353664.660000000 -9.691604618e-05 -1.090188053e-04 4.285757820e-05 3.406412181e-05 -1.065581903e-03 -4.746667055e-02
353664.665000000 -9.796016208e-05 -1.114300573e-04 3.473859509e-05 -5.810721185e-04 -7.207191726e-04 -4.662148114e-02
353664.670000000 -1.155389894e-04 -1.050692394e-04 3.194140266e-05 -6.384205645e-04 -1.154784879e-04 -4.602497647e-02
353664.675000000 -1.347040730e-04 -9.483701355e-05 3.222217923e-05 1.946279312e-04 -1.227120490e-05 -4.646624090e-02
353664.680000000 -1.427416486e-04 -8.568386750e-05 3.915894307e-05 1.172529135e-03 -3.687164146e-04 -4.803042744e-02
353664.685000000 -1.350601030e-04 -8.409698692e-05 4.121751683e-05 1.541566829e-03 -6.473038711e-04 -4.894978759e-02
353664.690000000 -1.207336897e-04 -9.503317457e-05 3.776728313e-05 1.471159792e-03 -8.658150171e-04 -4.908080603e-02
353664.695000000 -1.114892676e-04 -1.117712693e-04 4.060970151e-05 7.193412660e-04 -8.100906268e-04 -4.899521196e-02
353664.700000000 -1.247686520e-04 -1.211961783e-04 4.811912996e-05 -4.556737235e-04 1.205333353e-04 -4.782989129e-02
353664.705000000 -1.459098867e-04 -1.183743654e-04 5.340908590e-05 -2.276440965e-04 8.655772925e-04 -4.712196130e-02
353664.710000000 -1.517263569e-04 -1.092128063e-04 6.003832087e-05 1.021664998e-03 6.312050096e-04 -4.793364143e-02
353664.715000000 -1.455808054e-04 -1.042241970e-04 6.972480048e-05 1.527171626e-03 -1.427532308e-04 -4.853930447e-02
353664.720000000 -1.235878146e-04 -1.000379532e-04 7.672995857e-05 1.293401641e-03 -1.368805753e-03 -4.842333953e-02
353664.725000000 -1.105805319e-04 -9.662428676e-05 8.035809758e-05 6.190085097e-04 -2.074511283e-03 -4.863321853e-02
353664.730000000 -1.284193946e-04 -1.012671924e-04 7.977273589e-05 -4.859507479e-04 -1.662063429e-03 -4.879495388e-02
353664.735000000 -1.590964268e-04 -1.061493191e-04 7.889114227e-05 -9.562437515e-04 -6.571751470e-04 -4.848407459e-02
353664.740000000 -1.869281274e-04 -9.905565902e-05 8.218995985e-05 3.953724834e-04 4.156243751e-04 -4.892673543e-02
353664.745000000 -1.877960850e-04 -9.027751807e-05 8.495684146e-05 1.899953454e-03 1.055097364e-03 -4.926012902e-02
353664.750000000 -1.645293210e-04 -9.482100090e-05 8.083477720e-05 2.398914486e-03 1.055125414e-03 -4.848497265e-02
353664.755000000 -1.460934105e-04 -1.044992242e-04 7.385455037e-05 2.135839219e-03 6.229432775e-04 -4.776540838e-02
353664.760000000 -1.383182604e-04 -1.124618683e-04 6.875200358e-05 4.093117553e-04 4.792730178e-04 -4.745423967e-02
353664.765000000 -1.412154892e-04 -1.184175540e-04 6.362159907e-05 -1.254498959e-03 6.771175620e-04 -4.716391178e-02
353664.770000000 -1.534506219e-04 -1.151340188e-04 5.749364729e-05 -1.345218585e-03 5.620468067e-04 -4.756405469e-02
353664.775000000 -1.652801084e-04 -1.001544005e-04 4.835901426e-05 -5.621489505e-04 3.193434416e-04 -4.869649390e-02
353664.780000000 -1.597186278e-04 -8.278102777e-05 3.868583237e-05 8.791804058e-04 3.057764927e-04 -4.894580114e-02
353664.785000000 -1.392678448e-04 -7.972380026e-05 3.322326629e-05 2.109364217e-03 1.182344077e-04 -4.862583885e-02
353664.790000000 -1.248978514e-04 -8.945318163e-05 2.814846740e-05 1.823380954e-03 1.285606172e-05 -4.858528814e-02
353664.795000000 -1.250776403e-04 -9.538641498e-05 2.301441774e-05 2.726041110e-04 4.627576056e-04 -4.813462473e-02
353664.800000000 -1.331112256e-04 -9.348621082e-05 1.913182552e-05 -8.693034782e-04 9.359435228e-04 -4.781421388e-02
353664.805000000 -1.405277445e-04 -8.561071315e-05 2.112902435e-05 -5.839887367e-04 6.378593094e-04 -4.879561513e-02
353664.810000000 -1.452667982e-04 -7.826920081e-05 2.743560844e-05 3.370075843e-04 -1.395738476e-04 -4.999218868e-02
353664.815000000 -1.443332842e-04 -7.575698389e-05 3.001362221e-05 1.293271603e-03 -6.525954883e-04 -4.988377650e-02
353664.820000000 -1.335152143e-04 -8.292130319e-05 3.285481134e-05 2.026790360e-03 -5.797631987e-04 -4.870945160e-02
353664.825000000 -1.262009610e-04 -9.599925237e-05 3.443153608e-05 1.539574741e-03 2.288339225e-04 -4.725067569e-02
353664.830000000 -1.307203910e-04 -1.094594169e-04 3.290452961e-05 1.856404264e-04 1.181356293e-03 -4.619332209e-02
353664.835000000 -1.425473157e-04 -1.200579559e-04 3.613023492e-05 -6.710310496e-04 1.630578917e-03 -4.664322977e-02
353664.840000000 -1.570815048e-04 -1.184113465e-04 4.676163143e-05 -7.960208433e-04 1.441021846e-03 -4.865070630e-02
353664.845000000 -1.644165330e-04 -1.056990497e-04 5.560758382e-05 -1.233953194e-04 1.156840142e-03 -4.955583224e-02
353664.850000000 -1.583715719e-04 -9.762763212e-05 5.995580028e-05 1.139937933e-03 1.061134427e-03 -4.907317781e-02
353664.855000000 -1.360154192e-04 -9.841381389e-05 6.327544505e-05 1.837782738e-03 7.195227434e-04 -4.858345416e-02
353664.860000000 -1.037375280e-04 -1.035398063e-04 6.794788725e-05 1.370469897e-03 -3.864616088e-04 -4.745571011e-02
353664.865000000 -1.056720012e-04 -1.087065859e-04 6.935287997e-05 9.552609972e-04 -1.869016349e-03 -4.700742141e-02
353664.870000000 -1.401622413e-04 -1.062063810e-04 6.742557586e-05 9.302391114e-04 -2.685809345e-03 -4.811203121e-02
353664.875000000 -1.633507600e-04 -1.021544252e-04 6.667703520e-05 7.713628887e-04 -2.481093644e-03 -4.904283803e-02
353664.880000000 -1.732325474e-04 -9.985477746e-05 6.258833147e-05 1.223835285e-03 -1.270062420e-03 -4.904390356e-02
353664.885000000 -1.704824032e-04 -9.946990446e-05 5.459219869e-05 1.741376375e-03 2.952315223e-04 -4.863649822e-02
353664.890000000 -1.596968759e-04 -1.068667838e-04 4.680845211e-05 1.376058687e-03 1.708268413e-03 -4.746826194e-02
353664.895000000 -1.508354162e-04 -1.201890730e-04 3.988832637e-05 7.836005293e-04 2.346278443e-03 -4.623810187e-02
353664.900000000 -1.513724750e-04 -1.308787758e-04 3.626546625e-05 5.150053582e-04 1.570623144e-03 -4.727016381e-02
353664.905000000 -1.613297278e-04 -1.310552515e-04 3.561849849e-05 4.942973993e-04 5.213887119e-04 -4.916416524e-02
353664.910000000 -1.633868486e-04 -1.225555394e-04 3.203226071e-05 7.848195269e-04 -2.130717627e-04 -4.970735580e-02
353664.915000000 -1.422344172e-04 -1.129576043e-04 2.636817263e-05 1.055267022e-03 -1.118841679e-03 -4.945074783e-02
353664.920000000 -1.138687334e-04 -1.091602102e-04 2.152912962e-05 6.180316205e-04 -1.876972144e-03 -4.829765805e-02
353664.925000000 -1.226098285e-04 -1.121098956e-04 1.898735392e-05 1.756033219e-04 -1.606854903e-03 -4.666242375e-02
353664.930000000 -1.644135534e-04 -1.158232587e-04 1.656157400e-05 4.614064234e-04 -4.395106061e-04 -4.595689527e-02
353664.935000000 -1.915646394e-04 -1.184696810e-04 1.606514346e-05 9.677099083e-04 6.361319850e-04 -4.675674929e-02
353664.940000000 -1.749092608e-04 -1.179265858e-04 2.065654931e-05 1.422282243e-03 1.023603777e-03 -4.831544041e-02
353664.945000000 -1.469396297e-04 -1.191798506e-04 2.326084512e-05 1.965725174e-03 4.976530398e-04 -4.918909908e-02
353664.950000000 -1.414038733e-04 -1.275574126e-04 2.747661743e-05 2.079238980e-03 -1.390746085e-04 -4.906904987e-02
353664.955000000 -1.470253111e-04 -1.406656666e-04 3.651049154e-05 1.220892823e-03 1.148657160e-07 -4.793787020e-02
353664.960000000 -1.618668259e-04 -1.600000342e-04 4.711240288e-05 1.022779445e-04 7.313687207e-04 -4.634106593e-02
353664.965000000 -1.710088343e-04 -1.693615788e-04 5.408166532e-05 -3.545592600e-04 9.396276897e-04 -4.652386198e-02
353664.970000000 -1.677547302e-04 -1.665233942e-04 5.729682691e-05 -2.903544898e-04 2.933222626e-04 -4.791287220e-02
353664.975000000 -1.638404953e-04 -1.609946048e-04 6.308296188e-05 1.027208805e-04 -6.233360437e-04 -4.858027081e-02
353664.980000000 -1.654238018e-04 -1.474965994e-04 7.001964497e-05 6.207631028e-04 -8.258146363e-04 -4.872140428e-02
353664.985000000 -1.690401335e-04 -1.373729348e-04 7.375857108e-05 1.806122789e-04 4.926934621e-04 -4.778858406e-02
353664.990000000 -1.632133655e-04 -1.359864626e-04 7.306162679e-05 -7.370648411e-04 1.936676916e-03 -4.616250458e-02
353664.995000000 -1.499613007e-04 -1.291667347e-04 7.015902548e-05 -7.600429963e-04 1.511707270e-03 -4.649392078e-02
353665.000000000 -1.492976836e-04 -1.204899770e-04 6.787713226e-05 -3.223136167e-04 1.613639077e-04 -4.828709635e-02
353665.005000000 -1.620034278e-04 -1.187402748e-04 6.849371183e-05 3.178541903e-04 -5.536045913e-04 -4.927218504e-02
353665.010000000 -1.676016097e-04 -1.188249541e-04 6.991706067e-05 1.204074833e-03 -4.798833612e-04 -4.943624264e-02
353665.015000000 -1.537941042e-04 -1.205481622e-04 6.475898164e-05 1.061025083e-03 1.024996116e-03 -4.799822687e-02
353665.020000000 -1.303263946e-04 -1.290173710e-04 5.227133578e-05 -1.251561288e-04 2.471649887e-03 -4.531523133e-02
353665.025000000 -1.125895819e-04 -1.382945730e-04 4.310837054e-05 -1.005132897e-03 1.876517027e-03 -4.419056371e-02
353665.030000000 -1.171630849e-04 -1.395632224e-04 3.784370493e-05 -1.178066658e-03 1.630003349e-04 -4.570337719e-02
353665.035000000 -1.547258772e-04 -1.266855769e-04 3.225695508e-05 -5.090281792e-04 -1.112095940e-03 -4.826763698e-02
353665.040000000 -1.811667826e-04 -1.151774300e-04 2.790349328e-05 7.313762434e-04 -1.117834389e-03 -4.986458447e-02
353665.045000000 -1.650501554e-04 -1.135622567e-04 2.842294093e-05 1.224885312e-03 -2.328359451e-04 -5.012925264e-02
353665.050000000 -1.348714403e-04 -1.075127340e-04 2.898558033e-05 4.019095290e-04 8.161732881e-04 -4.897162095e-02
353665.055000000 -1.238615865e-04 -1.045194072e-04 2.414798103e-05 -7.756268840e-04 1.554948640e-03 -4.685532830e-02
353665.060000000 -1.284540169e-04 -1.099744441e-04 2.348129468e-05 -1.491635210e-03 1.481699143e-03 -4.660902085e-02
353665.065000000 -1.310325762e-04 -1.127727785e-04 2.888807922e-05 -1.671373306e-03 8.827683867e-04 -4.800712246e-02
353665.070000000 -1.350125047e-04 -1.067553248e-04 3.463464044e-05 -8.207547801e-04 2.681645056e-04 -4.889419468e-02
353665.075000000 -1.413578332e-04 -9.926825343e-05 4.240760115e-05 1.089010814e-03 -4.489159178e-05 -4.938723419e-02
353665.080000000 -1.390456455e-04 -9.543689662e-05 4.966588095e-05 1.882258303e-03 3.294754159e-04 -4.854337937e-02
353665.085000000 -1.294692527e-04 -1.000671381e-04 5.509090930e-05 1.306361886e-03 8.244801356e-04 -4.650619498e-02
353665.090000000 -1.273418617e-04 -1.143314292e-04 6.023703819e-05 5.587809102e-04 5.634378762e-04 -4.591938564e-02
353665.095000000 -1.388022680e-04 -1.296305657e-04 6.279637293e-05 -8.609988228e-04 -3.691919612e-04 -4.783182695e-02
353665.100000000 -1.541809261e-04 -1.291350664e-04 6.282743030e-05 -1.484864374e-03 -1.137762300e-03 -4.949533573e-02
353665.105000000 -1.689093340e-04 -1.173495480e-04 6.252112715e-05 -2.401354358e-04 -1.268368260e-03 -4.985877776e-02
353665.110000000 -1.807591146e-04 -1.101934484e-04 6.349794793e-05 1.017566013e-03 -2.758777224e-04 -4.957321733e-02
353665.115000000 -1.629272278e-04 -1.054397525e-04 6.862471801e-05 1.010484352e-03 1.959494160e-03 -4.703428245e-02
353665.120000000 -1.329449725e-04 -1.052034102e-04 7.212341001e-05 6.810582181e-04 2.912800583e-03 -4.514199936e-02
353665.125000000 -1.230372584e-04 -1.071452108e-04 6.949106715e-05 2.516291611e-04 1.990724109e-03 -4.619712190e-02
353665.130000000 -1.291494703e-04 -1.057094511e-04 6.567746523e-05 -6.816845514e-04 9.051650099e-04 -4.803728007e-02
353665.135000000 -1.457419205e-04 -9.669751507e-05 5.691319101e-05 -7.621900924e-04 -2.726979412e-04 -4.981085021e-02
353665.140000000 -1.512473629e-04 -8.232719934e-05 4.643755304e-05 3.021467932e-04 -6.703685967e-04 -5.065287514e-02
353665.145000000 -1.461303573e-04 -7.461763587e-05 3.877594833e-05 1.338072043e-03 2.996588766e-04 -4.958064245e-02
353665.150000000 -1.373169676e-04 -8.170330773e-05 3.364936727e-05 1.777265166e-03 1.775511399e-03 -4.715305090e-02
353665.155000000 -1.160992076e-04 -1.036723382e-04 2.836374400e-05 1.311480748e-03 2.494430014e-03 -4.563818941e-02
353665.160000000 -1.021955822e-04 -1.162074914e-04 2.127489492e-05 3.554570314e-05 2.018330334e-03 -4.629503788e-02
353665.165000000 -1.091641358e-04 -1.170779096e-04 1.655449432e-05 -1.049482301e-03 1.039834408e-03 -4.780428736e-02
353665.170000000 -1.208408398e-04 -1.162305271e-04 1.500146958e-05 -1.147761212e-03 1.041744988e-05 -4.937280636e-02
353665.175000000 -1.259694669e-04 -1.003182257e-04 1.666066977e-05 -3.307131969e-04 -3.709086638e-04 -5.049832030e-02
353665.180000000 -1.283679529e-04 -8.824838966e-05 1.576280563e-05 6.425906165e-04 3.021462963e-04 -4.927969993e-02
353665.185000000 -1.266279289e-04 -9.363065433e-05 1.380084704e-05 1.442569397e-03 1.191398722e-03 -4.697090583e-02
353665.190000000 -1.156036235e-04 -1.092975294e-04 1.530586957e-05 1.296373374e-03 1.417017842e-03 -4.632247195e-02
353665.195000000 -9.724244664e-05 -1.208831746e-04 2.145013673e-05 -5.386656239e-04 6.481339516e-04 -4.693751057e-02
353665.200000000 -9.894170094e-05 -1.164573445e-04 2.770186962e-05 -1.508108423e-03 -4.761405104e-04 -4.820648961e-02
353665.205000000 -1.273944247e-04 -1.054130472e-04 2.798185356e-05 -9.205536033e-04 -6.163907973e-04 -4.963331639e-02
353665.210000000 -1.437331727e-04 -9.126355901e-05 3.237963334e-05 -4.508367548e-04 4.586566174e-04 -4.959572624e-02
353665.215000000 -1.257666646e-04 -8.508841043e-05 4.491176038e-05 7.833770648e-04 1.680640457e-03 -4.743745774e-02
353665.220000000 -1.037045504e-04 -9.166445435e-05 5.462657761e-05 1.869736078e-03 1.741149887e-03 -4.630517054e-02
353665.225000000 -1.027061037e-04 -1.095337428e-04 5.943386753e-05 1.382559692e-03 8.018130059e-04 -4.713042716e-02
353665.230000000 -1.106718150e-04 -1.327050633e-04 5.962513780e-05 2.506500684e-04 -4.738417481e-04 -4.827028644e-02
353665.235000000 -1.207052556e-04 -1.368581621e-04 5.763615256e-05 -6.251745442e-04 -1.699478210e-03 -5.004820593e-02
353665.240000000 -1.279604346e-04 -1.237510861e-04 5.675770564e-05 -8.545289348e-04 -1.571636008e-03 -5.046079016e-02
353665.245000000 -1.303948262e-04 -1.116392532e-04 5.323649161e-05 -4.661298370e-04 -7.845590041e-05 -4.842765393e-02
353665.250000000 -1.295639977e-04 -1.043099319e-04 4.820581882e-05 2.918778395e-04 1.299518228e-03 -4.613304010e-02
353665.255000000 -1.253530357e-04 -9.998804918e-05 4.540945169e-05 5.512453402e-04 1.680519848e-03 -4.530503697e-02
353665.260000000 -1.243444047e-04 -1.010566655e-04 4.277765673e-05 -6.774210059e-05 9.372028934e-04 -4.630117907e-02
353665.265000000 -1.179238818e-04 -1.053135702e-04 4.022958644e-05 -6.198453047e-04 -4.565022162e-04 -4.865999292e-02
353665.270000000 -1.113203208e-04 -1.033400936e-04 3.501424620e-05 -6.984333977e-04 -1.611531113e-03 -5.105737899e-02
353665.275000000 -1.237017629e-04 -9.400047823e-05 1.881548938e-05 -2.074480572e-04 -8.595324268e-04 -5.061311692e-02
353665.280000000 -1.395251586e-04 -8.879957647e-05 5.221338537e-06 6.628092474e-04 1.135870134e-03 -4.764032730e-02
353665.285000000 -1.386879256e-04 -9.198263944e-05 3.633256009e-06 1.222524025e-03 2.310006388e-03 -4.529910454e-02
353665.290000000 -1.211220835e-04 -9.827494692e-05 5.943371378e-06 1.123890645e-03 2.259837103e-03 -4.450229120e-02
353665.295000000 -9.980284682e-05 -1.106256078e-04 5.276685213e-06 3.421477906e-04 3.937954871e-04 -4.583773251e-02
353665.300000000 -9.311879514e-05 -1.183685832e-04 6.508293792e-07 -6.942278044e-04 -1.791580954e-03 -4.865660270e-02
353665.305000000 -9.469956743e-05 -1.117226347e-04 -1.719931033e-06 -1.559791615e-03 -2.508999909e-03 -5.045414954e-02
353665.310000000 -1.077417607e-04 -9.870280883e-05 -1.118207691e-06 -1.519255337e-03 -1.924919111e-03 -5.008782151e-02
353665.315000000 -1.397168793e-04 -8.786059032e-05 4.448237824e-06 2.770921633e-04 -6.622691027e-05 -4.787028736e-02
353665.320000000 -1.531242151e-04 -8.762781130e-05 1.198288527e-05 1.809369822e-03 1.394670018e-03 -4.607638047e-02
353665.325000000 -1.403337211e-04 -9.919678343e-05 1.760449444e-05 2.043403336e-03 1.345259179e-03 -4.586979156e-02
353665.330000000 -1.177224040e-04 -1.161779089e-04 2.335766383e-05 1.575702417e-03 2.722087180e-04 -4.688879293e-02
353665.335000000 -9.598816583e-05 -1.255630177e-04 2.842568671e-05 -4.725743827e-04 -1.282823733e-03 -4.901111375e-02
353665.340000000 -1.034281398e-04 -1.184858176e-04 3.089300118e-05 -2.050313485e-03 -1.761618360e-03 -4.968272146e-02
353665.345000000 -1.325433869e-04 -1.040427933e-04 3.321111016e-05 -1.560415735e-03 -8.500639627e-04 -4.841066480e-02
353665.350000000 -1.561258218e-04 -9.613571014e-05 3.615623555e-05 -1.532819885e-04 4.882902485e-04 -4.715778785e-02
353665.355000000 -1.585348435e-04 -1.009150377e-04 4.253019987e-05 1.651746917e-03 1.303671880e-03 -4.640101397e-02
353665.360000000 -1.342092278e-04 -1.164509990e-04 5.220339014e-05 3.051112564e-03 5.338815627e-04 -4.724342283e-02
353665.365000000 -1.134573822e-04 -1.340824624e-04 5.397551902e-05 2.841855853e-03 -1.022753576e-03 -4.954343459e-02
353665.370000000 -1.109677928e-04 -1.470494494e-04 4.859319093e-05 7.563930359e-04 -1.872363728e-03 -5.094327155e-02
353665.375000000 -1.124345168e-04 -1.415745658e-04 4.045838736e-05 -1.665773712e-03 -1.707976472e-03 -5.006682685e-02
353665.380000000 -1.226882356e-04 -1.203541962e-04 3.232613785e-05 -2.142608531e-03 -1.078091189e-03 -4.831413861e-02
353665.385000000 -1.409343665e-04 -9.875838997e-05 2.685939987e-05 -7.410780503e-04 -2.953386850e-04 -4.679712505e-02
353665.390000000 -1.526945727e-04 -9.018046437e-05 2.398412816e-05 1.197859127e-03 3.160649281e-04 -4.569652736e-02
353665.395000000 -1.519960643e-04 -1.048610598e-04 2.132624990e-05 2.904367948e-03 3.738890193e-05 -4.732728557e-02
353665.400000000 -1.343156074e-04 -1.241790655e-04 1.610272320e-05 2.595401392e-03 -3.785162552e-04 -5.006198003e-02
353665.405000000 -1.118959870e-04 -1.337178038e-04 7.490258988e-06 6.161119271e-04 -3.509572246e-04 -5.105385163e-02
353665.410000000 -1.032166895e-04 -1.375536125e-04 -5.290349131e-06 -9.143486606e-04 -3.528529620e-04 -5.086221153e-02
353665.415000000 -1.218788695e-04 -1.317009563e-04 -1.477192799e-05 -1.610460836e-03 -2.874478682e-04 -4.912302746e-02
353665.420000000 -1.511066823e-04 -1.208402164e-04 -1.724438724e-05 -9.165081904e-04 -2.087261671e-06 -4.681992726e-02
353665.425000000 -1.606790612e-04 -1.192311535e-04 -1.684761506e-05 9.668658555e-04 2.842820395e-05 -4.600733371e-02
353665.430000000 -1.474635237e-04 -1.227471225e-04 -1.453548169e-05 2.250398124e-03 -3.337765031e-04 -4.655780410e-02
353665.435000000 -1.214488530e-04 -1.331821678e-04 -1.389703576e-05 1.478513994e-03 -7.205062069e-04 -4.739386956e-02
353665.440000000 -1.048351255e-04 -1.439496336e-04 -1.096093895e-05 -3.316675273e-04 -1.161795657e-03 -4.824271771e-02
353665.445000000 -1.191634689e-04 -1.430005265e-04 -9.107888343e-06 -1.860840818e-03 -1.432648254e-03 -4.907159211e-02
353665.450000000 -1.539389923e-04 -1.342661894e-04 -1.070938023e-05 -2.566669226e-03 -9.877958212e-04 -4.903076322e-02
353665.455000000 -1.848591434e-04 -1.177894462e-04 -5.385028526e-06 -7.434435969e-04 6.421841132e-05 -4.814399029e-02
353665.460000000 -1.873297215e-04 -1.128183463e-04 2.446036302e-06 1.631674743e-03 7.501870883e-04 -4.792904427e-02
353665.465000000 -1.565755936e-04 -1.251373998e-04 1.069699857e-05 2.120095209e-03 8.109980529e-04 -4.820504001e-02
353665.470000000 -1.237808512e-04 -1.370491716e-04 1.774542390e-05 1.533965209e-03 6.348692539e-04 -4.764843807e-02
353665.475000000 -1.221879018e-04 -1.460819928e-04 1.800393467e-05 -4.580418432e-04 3.093276252e-04 -4.704553250e-02
353665.480000000 -1.431235270e-04 -1.438299774e-04 1.839243086e-05 -2.840168262e-03 7.639026615e-05 -4.679570666e-02
353665.485000000 -1.629198013e-04 -1.256283782e-04 1.940977075e-05 -3.528969863e-03 -3.716217168e-04 -4.637585499e-02
353665.490000000 -1.849512382e-04 -1.092463240e-04 1.366756259e-05 -2.253855715e-03 -1.177460371e-03 -4.644983600e-02
353665.495000000 -1.892543625e-04 -1.030313017e-04 9.325783969e-06 -3.740397822e-04 -1.130226191e-03 -4.719655349e-02
353665.500000000 -1.705650627e-04 -1.059440101e-04 1.163947718e-05 4.092215689e-04 -3.365259371e-04 -4.728661230e-02
353665.505000000 -1.536758771e-04 -1.128088853e-04 1.066245945e-05 4.968310642e-04 1.662700562e-04 -4.720427718e-02
353665.510000000 -1.502231554e-04 -1.141758646e-04 1.971002315e-06 -1.496623902e-04 6.162456968e-04 -4.770247960e-02
353665.515000000 -1.580782694e-04 -1.049449875e-04 -1.120226099e-05 -2.047897936e-03 9.086838340e-04 -4.722518945e-02
353665.520000000 -1.638932900e-04 -8.410798844e-05 -2.096072876e-05 -2.509473620e-03 2.251657817e-05 -4.696846616e-02
353665.525000000 -1.711191912e-04 -6.484220791e-05 -2.150649091e-05 -1.206197508e-03 -1.228155065e-03 -4.798486764e-02
353665.530000000 -1.835892814e-04 -5.900163833e-05 -2.237284059e-05 -1.615354235e-04 -8.549199061e-04 -4.794799923e-02
353665.535000000 -1.688409865e-04 -6.487161032e-05 -2.755831691e-05 3.896565620e-04 8.364686072e-04 -4.641267182e-02
353665.540000000 -1.316190141e-04 -7.410715512e-05 -3.306800845e-05 3.055856322e-05 1.797526072e-03 -4.595018632e-02
353665.545000000 -1.164805218e-04 -7.895803167e-05 -4.059071289e-05 -1.364258786e-03 1.568232109e-03 -4.645475359e-02
353665.550000000 -1.272504264e-04 -8.096148007e-05 -4.510559918e-05 -2.561685269e-03 8.888052386e-04 -4.670434576e-02
353665.555000000 -1.562934266e-04 -7.523899997e-05 -4.448987834e-05 -2.027802980e-03 -1.437611541e-04 -4.859919680e-02
353665.560000000 -1.800021321e-04 -6.336072022e-05 -3.910403828e-05 -6.476793706e-04 -2.154952610e-04 -4.986615706e-02
353665.565000000 -1.810063606e-04 -5.921559950e-05 -3.194185877e-05 5.145993099e-04 8.952400289e-04 -4.861480225e-02
353665.570000000 -1.657890774e-04 -6.441668063e-05 -2.849325405e-05 1.186854704e-03 2.134246362e-03 -4.730452724e-02
353665.575000000 -1.204060575e-04 -7.006723388e-05 -2.081826581e-05 -1.064607555e-04 2.774370379e-03 -4.654261396e-02
353665.580000000 -8.166023994e-05 -6.834859439e-05 -1.668950328e-05 -1.704346393e-03 1.842835202e-03 -4.642519501e-02
353665.585000000 -8.980357480e-05 -6.295204533e-05 -1.881240696e-05 -1.828279603e-03 -2.075510453e-04 -4.761071840e-02
353665.590000000 -1.185630606e-04 -5.487312313e-05 -1.564277493e-05 -1.423516631e-03 -1.671566937e-03 -4.919935716e-02
353665.595000000 -1.597234629e-04 -4.326703656e-05 -7.888554714e-06 1.808847890e-04 -9.196372496e-04 -4.866150045e-02
353665.600000000 -1.840781035e-04 -4.088255008e-05 8.450025794e-08 2.271307136e-03 1.309246918e-03 -4.714168529e-02
353665.605000000 -1.710834246e-04 -5.759738777e-05 7.870752535e-06 2.748114607e-03 3.213003354e-03 -4.663855944e-02
353665.610000000 -1.423110905e-04 -8.217766718e-05 9.879576335e-06 1.243384027e-03 3.815508671e-03 -4.645114511e-02
353665.615000000 -1.050086462e-04 -9.527339117e-05 2.181097096e-06 -1.100077992e-03 1.346323321e-03 -4.784629144e-02
353665.620000000 -9.425170488e-05 -9.164607302e-05 -5.297251201e-06 -2.187462218e-03 -1.775418406e-03 -5.008329999e-02
353665.625000000 -1.214160955e-04 -8.110406060e-05 -8.185021684e-06 -1.822440355e-03 -2.210935279e-03 -5.050247773e-02
353665.630000000 -1.469811936e-04 -6.519906707e-05 -1.093068779e-05 -4.953277858e-04 -6.495307000e-04 -4.906136717e-02
353665.635000000 -1.393067650e-04 -4.560943301e-05 -1.153042562e-05 2.020773692e-03 1.921818853e-03 -4.708145776e-02
353665.640000000 -1.113731472e-04 -4.183275270e-05 -1.264948576e-05 3.231267591e-03 3.151803504e-03 -4.630956560e-02
353665.645000000 -9.399900743e-05 -5.530268657e-05 -2.088481180e-05 1.953037108e-03 2.122947300e-03 -4.701025173e-02
353665.650000000 -8.958587274e-05 -7.006297882e-05 -3.345081870e-05 8.229895829e-05 2.529527851e-04 -4.878337500e-02
353665.655000000 -9.580727021e-05 -7.107816669e-05 -4.313337404e-05 -1.672093686e-03 -1.376666198e-03 -5.074057577e-02
353665.660000000 -1.097515342e-04 -5.612748306e-05 -4.619147721e-05 -1.585927118e-03 -1.478415886e-03 -5.046180973e-02
353665.665000000 -1.250330913e-04 -4.742391306e-05 -4.935853203e-05 7.119207568e-04 -1.430113661e-04 -4.817223489e-02
353665.670000000 -1.305730041e-04 -5.240251240e-05 -5.392836834e-05 2.588456908e-03 1.429611889e-03 -4.589214837e-02
353665.675000000 -1.161994440e-04 -7.361671558e-05 -5.275915386e-05 2.509580917e-03 2.345491563e-03 -4.442101441e-02
353665.680000000 -9.822770892e-05 -9.523026584e-05 -4.714029977e-05 1.222684732e-03 1.534714241e-03 -4.560097455e-02
353665.685000000 -9.207913517e-05 -1.018673551e-04 -4.515558266e-05 -4.059590300e-04 -4.051290197e-04 -4.908366679e-02
353665.690000000 -1.036827318e-04 -9.767022553e-05 -5.028617629e-05 -1.913138865e-03 -1.761803827e-03 -5.147369449e-02
353665.695000000 -1.222131435e-04 -7.686803205e-05 -5.210892430e-05 -1.265108990e-03 -1.744943445e-03 -5.128164585e-02
353665.700000000 -1.356463541e-04 -5.779573234e-05 -4.227405151e-05 1.127548637e-03 -2.628549544e-04 -4.955458249e-02
353665.705000000 -1.426591890e-04 -5.990367293e-05 -3.449723692e-05 2.683353975e-03 1.904314323e-03 -4.694272553e-02
353665.710000000 -1.165915254e-04 -8.039915021e-05 -2.864483447e-05 2.445521951e-03 2.757989003e-03 -4.497045348e-02
353665.715000000 -7.868303015e-05 -9.926860837e-05 -2.315407558e-05 5.853186124e-04 1.267039731e-03 -4.613526298e-02
353665.720000000 -6.497717167e-05 -1.055085799e-04 -2.034894448e-05 -1.778098620e-03 -8.197284560e-04 -4.865365778e-02
353665.725000000 -7.758285894e-05 -9.881303784e-05 -1.785491446e-05 -2.950278211e-03 -1.786099554e-03 -4.981825233e-02
353665.730000000 -1.301861603e-04 -7.972191152e-05 -1.560498211e-05 -1.115804803e-03 -4.785813188e-04 -4.942007967e-02
353665.735000000 -1.677140909e-04 -7.170374579e-05 -1.333370465e-05 1.633203840e-03 2.055465670e-03 -4.743774270e-02
353665.740000000 -1.548208020e-04 -8.066407973e-05 -1.336096347e-05 3.080843464e-03 3.197407072e-03 -4.521899926e-02
353665.745000000 -1.214143709e-04 -1.017687910e-04 -1.599899597e-05 3.626438663e-03 2.303795725e-03 -4.507457191e-02
353665.750000000 -8.107442361e-05 -1.264137088e-04 -2.336339273e-05 1.079127575e-03 5.709343773e-05 -4.743584493e-02
353665.755000000 -7.028525913e-05 -1.379711083e-04 -3.102354191e-05 -2.450233261e-03 -1.330489322e-03 -4.941498737e-02
353665.760000000 -8.641345174e-05 -1.313192975e-04 -3.914966875e-05 -3.625518678e-03 -1.179305862e-03 -4.995475434e-02
353665.765000000 -1.032650114e-04 -1.036754934e-04 -4.764988774e-05 -3.217007024e-03 -5.230754233e-04 -4.970887363e-02
353665.770000000 -1.223833088e-04 -6.149688131e-05 -5.416206717e-05 -8.316099057e-05 6.376974433e-04 -4.715800007e-02
353665.775000000 -1.343627209e-04 -4.668050562e-05 -5.940816897e-05 3.436206411e-03 1.250459879e-03 -4.528253113e-02
353665.780000000 -1.267280108e-04 -6.534565547e-05 -5.887124653e-05 4.117523332e-03 9.951238967e-04 -4.641809550e-02
353665.785000000 -9.873178291e-05 -8.575650005e-05 -5.928165053e-05 2.493434803e-03 3.450917432e-04 -4.815901122e-02
353665.790000000 -6.367306238e-05 -1.025117476e-04 -6.952526876e-05 -8.692908255e-04 -1.514747275e-03 -4.998103497e-02
353665.795000000 -5.889963929e-05 -1.037791461e-04 -7.944771809e-05 -3.347696868e-03 -2.913112717e-03 -5.089900388e-02
353665.800000000 -8.919007827e-05 -8.837030822e-05 -8.179750543e-05 -3.455125100e-03 -2.294217517e-03 -4.938609521e-02
353665.805000000 -1.261129056e-04 -7.199201794e-05 -7.640937472e-05 -1.450427833e-03 -8.573738504e-04 -4.646886817e-02
353665.810000000 -1.526491930e-04 -7.404868459e-05 -6.607596369e-05 2.606051388e-03 3.704962335e-05 -4.543230441e-02
353665.815000000 -1.470773006e-04 -9.545638261e-05 -6.036242815e-05 4.428654653e-03 -3.619649527e-06 -4.656869015e-02
353665.820000000 -1.145749418e-04 -1.207656821e-04 -5.704670319e-05 2.695802267e-03 -5.641558086e-04 -4.811467656e-02
353665.825000000 -8.520588741e-05 -1.391321059e-04 -5.372138749e-05 2.133747098e-04 -1.395542888e-03 -5.000043632e-02
353665.830000000 -9.342514480e-05 -1.319260092e-04 -4.838084027e-05 -3.190434734e-03 -1.281056918e-03 -5.081226947e-02
353665.835000000 -1.335365544e-04 -1.033671508e-04 -4.134505233e-05 -4.188386047e-03 -4.771210957e-04 -4.947611098e-02
353665.840000000 -1.672843563e-04 -7.597521957e-05 -3.694641241e-05 -1.397310225e-03 -1.924598309e-04 -4.774746531e-02
353665.845000000 -1.802463269e-04 -6.512274332e-05 -3.437339857e-05 1.514263781e-03 -1.259370264e-04 -4.662118958e-02
353665.850000000 -1.522637252e-04 -8.046179288e-05 -2.867989322e-05 2.689739486e-03 -3.114608736e-04 -4.575298345e-02
353665.855000000 -1.139612530e-04 -9.721970154e-05 -2.337780124e-05 1.908691085e-03 -9.122905355e-04 -4.637864433e-02
353665.860000000 -1.016646437e-04 -1.047227415e-04 -2.338524879e-05 -1.178985931e-04 -1.587330523e-03 -4.844209608e-02
353665.865000000 -1.071207649e-04 -1.085318983e-04 -2.610758157e-05 -2.465894344e-03 -2.101285839e-03 -4.965119686e-02
353665.870000000 -1.508790352e-04 -9.052575507e-05 -3.163960863e-05 -2.536928991e-03 -2.638771291e-03 -4.910498717e-02
353665.875000000 -2.021652390e-04 -6.708965343e-05 -3.465256467e-05 -8.218818611e-05 -2.443409975e-03 -4.817259193e-02
353665.880000000 -2.188918755e-04 -6.878451307e-05 -3.473595638e-05 2.137382920e-03 -1.133089769e-03 -4.716241232e-02
353665.885000000 -2.073960508e-04 -8.776622167e-05 -3.722873552e-05 3.157966171e-03 3.815585712e-04 -4.574776489e-02
353665.890000000 -1.536325337e-04 -1.126454780e-04 -4.462612827e-05 1.614649804e-03 1.211137973e-03 -4.622229607e-02
353665.895000000 -1.031877064e-04 -1.258988275e-04 -5.217806499e-05 -1.856779876e-03 8.906384720e-04 -4.764632095e-02
353665.900000000 -9.775726398e-05 -1.142516156e-04 -5.750960872e-05 -4.347207118e-03 -7.257692974e-05 -4.809131989e-02
353665.905000000 -1.265253013e-04 -8.732220784e-05 -5.856044846e-05 -4.612217949e-03 -1.017302529e-03 -4.856427066e-02
353665.910000000 -1.752880029e-04 -4.743655360e-05 -6.492648274e-05 -1.844197017e-03 -1.026575068e-03 -4.850561676e-02
353665.915000000 -1.808449238e-04 -2.881295053e-05 -7.043769912e-05 1.447492143e-03 -5.730332744e-04 -4.727610990e-02
353665.920000000 -1.437602501e-04 -4.390376377e-05 -7.010485543e-05 2.796400090e-03 -6.780035423e-04 -4.641423228e-02
353665.925000000 -1.160856923e-04 -5.951345889e-05 -6.939728896e-05 2.529638206e-03 -7.474949823e-04 -4.655716673e-02
353665.930000000 -1.195400074e-04 -8.038457067e-05 -6.360894038e-05 -2.404956218e-04 6.450624871e-05 -4.680294015e-02
353665.935000000 -1.425007022e-04 -9.521046557e-05 -6.044468855e-05 -3.083944552e-03 8.078210873e-04 -4.726348862e-02
353665.940000000 -1.555834758e-04 -8.387420818e-05 -5.823487243e-05 -3.601247945e-03 4.403225073e-04 -4.811832689e-02
353665.945000000 -1.616404537e-04 -5.816273103e-05 -5.838457602e-05 -2.461915292e-03 -3.139906945e-04 -4.838717787e-02
353665.950000000 -1.692716514e-04 -4.633454582e-05 -4.762271964e-05 1.052252740e-03 -4.643510371e-04 -4.748613755e-02
353665.955000000 -1.654694484e-04 -6.191577376e-05 -2.929891138e-05 3.557331537e-03 1.788668952e-04 -4.688122501e-02
353665.960000000 -1.490358789e-04 -8.219689734e-05 -2.357706991e-05 2.428656495e-03 9.574438156e-04 -4.692920503e-02
353665.965000000 -1.325160939e-04 -9.431795449e-05 -2.074568272e-05 3.842288536e-05 1.291480849e-03 -4.699176081e-02
353665.970000000 -1.123811720e-04 -9.246445466e-05 -2.086579641e-05 -2.783334168e-03 -4.369314636e-04 -4.885206429e-02
353665.975000000 -1.151853111e-04 -6.552976912e-05 -2.165256278e-05 -3.905972503e-03 -2.670172696e-03 -5.044723473e-02
353665.980000000 -1.591571487e-04 -3.293354064e-05 -2.249520958e-05 -1.891479093e-03 -2.782676108e-03 -4.953417278e-02
353665.985000000 -2.123092416e-04 -1.978160942e-05 -2.246287854e-05 1.278623515e-03 -1.153216384e-03 -4.816514152e-02
353665.990000000 -2.037550552e-04 -3.563335864e-05 -1.670141864e-05 2.570959471e-03 2.097460834e-03 -4.651568895e-02
353665.995000000 -1.404853713e-04 -5.462288013e-05 -1.125912950e-05 1.814528112e-03 3.722035117e-03 -4.557336609e-02
353666.000000000 -9.974975031e-05 -6.191266462e-05 -1.165774073e-05 8.215366064e-04 2.134531317e-03 -4.711720201e-02
353666.005000000 -1.011795144e-04 -7.474892475e-05 -2.202882443e-05 -8.839906499e-04 6.362214926e-05 -4.989206307e-02
353666.010000000 -1.386908138e-04 -6.965344416e-05 -3.512173348e-05 -2.275999907e-03 -1.789581318e-03 -5.059153273e-02
353666.015000000 -1.781850540e-04 -4.215872421e-05 -4.367789538e-05 -6.767909549e-04 -2.524385689e-03 -4.964161986e-02
353666.020000000 -1.936894500e-04 -2.776678667e-05 -4.937529578e-05 2.264531478e-03 -1.137218385e-03 -4.849306782e-02
353666.025000000 -1.894086314e-04 -3.669983811e-05 -5.454803806e-05 3.500082326e-03 1.336035030e-03 -4.633670671e-02
353666.030000000 -1.513147585e-04 -6.488827055e-05 -6.158672722e-05 2.317835998e-03 2.745603074e-03 -4.535214452e-02
353666.035000000 -1.097657754e-04 -8.175963584e-05 -6.396379680e-05 -2.838217659e-04 1.934684527e-03 -4.745649066e-02
353666.040000000 -1.030995102e-04 -7.901996682e-05 -6.939122899e-05 -2.714560601e-03 2.444044937e-04 -5.024415426e-02
353666.045000000 -1.278807822e-04 -7.364359010e-05 -7.448532481e-05 -3.642517536e-03 -7.572869425e-04 -5.143343880e-02
353666.050000000 -1.700383841e-04 -4.813619868e-05 -7.246222316e-05 -1.101965730e-03 3.230588970e-04 -5.082825861e-02
353666.055000000 -1.847193848e-04 -2.836536744e-05 -7.015717860e-05 2.046468726e-03 2.921585663e-03 -4.838353858e-02
353666.060000000 -1.518374953e-04 -4.101429378e-05 -6.199428913e-05 3.168180190e-03 4.362262513e-03 -4.540251796e-02
353666.065000000 -1.020309851e-04 -6.360916238e-05 -5.633836791e-05 3.263299876e-03 3.460395996e-03 -4.456566170e-02
353666.070000000 -8.944648870e-05 -8.680292039e-05 -5.551388921e-05 4.226980366e-04 3.777163582e-04 -4.726013684e-02
353666.075000000 -1.130448365e-04 -9.720857581e-05 -4.981341185e-05 -2.816432226e-03 -1.994014667e-03 -4.981622031e-02
353666.080000000 -1.344011442e-04 -8.923934731e-05 -4.491969743e-05 -3.061886934e-03 -2.163318556e-03 -5.050420687e-02
353666.085000000 -1.533584958e-04 -7.122403950e-05 -4.782275231e-05 -1.902112639e-03 -1.036087156e-03 -5.056210134e-02
353666.090000000 -1.691074729e-04 -5.608251319e-05 -4.267091079e-05 9.522410993e-04 2.249984923e-03 -4.719226956e-02
353666.095000000 -1.656912973e-04 -6.134803925e-05 -2.945822364e-05 3.491722356e-03 4.763524900e-03 -4.435832423e-02
353666.100000000 -1.410550792e-04 -8.180322206e-05 -2.368407538e-05 3.164517188e-03 4.534147627e-03 -4.573336677e-02
353666.105000000 -1.088092378e-04 -9.915858644e-05 -2.074097741e-05 8.701349099e-04 3.387665840e-03 -4.801617908e-02
353666.110000000 -8.025459291e-05 -1.009057024e-04 -2.357169165e-05 -1.949810377e-03 2.798959128e-04 -5.085031552e-02
353666.115000000 -8.117854307e-05 -9.028852000e-05 -3.166548829e-05 -3.205715906e-03 -2.135175802e-03 -5.204628672e-02
353666.120000000 -1.082447271e-04 -6.958607064e-05 -3.213400075e-05 -2.499067164e-03 -1.296063774e-03 -4.977742263e-02
353666.125000000 -1.349468060e-04 -4.667222845e-05 -3.019648904e-05 -3.834010629e-04 4.664082994e-04 -4.635341332e-02
353666.130000000 -1.424010386e-04 -4.468194347e-05 -3.289397183e-05 2.491809751e-03 1.732327424e-03 -4.463558412e-02
353666.135000000 -1.232680398e-04 -6.032916449e-05 -3.530110232e-05 2.980224966e-03 1.576081715e-03 -4.544617877e-02
353666.140000000 -9.633812119e-05 -7.850553199e-05 -4.553406461e-05 8.764973251e-04 2.687867000e-04 -4.722780982e-02
353666.145000000 -7.283705093e-05 -8.857170600e-05 -5.839483077e-05 -1.316463818e-03 -1.336565857e-03 -4.947871657e-02
353666.150000000 -8.445024830e-05 -7.544300353e-05 -6.140574279e-05 -2.736635711e-03 -1.572697530e-03 -5.055265589e-02
353666.155000000 -1.326728807e-04 -5.286021911e-05 -6.459366878e-05 -1.753911267e-03 2.758598631e-04 -4.859092021e-02
353666.160000000 -1.696213427e-04 -3.822516202e-05 -6.753348727e-05 1.411199768e-03 2.561982079e-03 -4.575415371e-02
353666.165000000 -1.658413130e-04 -4.642832049e-05 -6.718740139e-05 3.798512690e-03 3.610769681e-03 -4.473110343e-02
353666.170000000 -9.871406012e-05 -7.367383655e-05 -5.863145775e-05 3.095700036e-03 1.533172454e-03 -4.615717275e-02
353666.175000000 -3.545019511e-05 -8.780407667e-05 -5.322527617e-05 1.095208692e-03 -1.992848661e-03 -4.918731530e-02
353666.180000000 -4.113273227e-05 -9.076880155e-05 -5.843625044e-05 -7.584270137e-04 -3.742419187e-03 -5.178649039e-02
353666.185000000 -8.099028145e-05 -9.418748647e-05 -6.342139638e-05 -2.944821997e-03 -3.255705292e-03 -5.186910426e-02
353666.190000000 -1.240191826e-04 -6.574741991e-05 -5.873677488e-05 -1.879684700e-03 -1.218475339e-03 -4.854344777e-02
353666.195000000 -1.510207860e-04 -3.707596391e-05 -4.628847643e-05 1.630566769e-03 2.188291828e-04 -4.620908940e-02
353666.200000000 -1.532892338e-04 -4.771930584e-05 -4.067463897e-05 3.512077565e-03 4.402779408e-04 -4.613466700e-02
353666.205000000 -1.393133689e-04 -7.390910906e-05 -3.724274394e-05 3.935468104e-03 5.619941268e-05 -4.601114333e-02
353666.210000000 -1.147629271e-04 -1.022108057e-04 -2.849847392e-05 1.895879148e-03 -9.945516589e-04 -4.837890825e-02
353666.215000000 -1.013471425e-04 -1.121595032e-04 -2.029607463e-05 -1.490666530e-03 -1.157913422e-03 -5.038724919e-02
353666.220000000 -1.122516268e-04 -1.016803758e-04 -1.791951767e-05 -3.014452652e-03 -3.444437561e-04 -4.914410586e-02
353666.225000000 -1.311794193e-04 -8.875407001e-05 -1.557946301e-05 -2.222716083e-03 -1.291736193e-04 -4.783917831e-02
353666.230000000 -1.579673311e-04 -7.859169157e-05 -1.049032821e-05 7.082338945e-04 7.910692206e-05 -4.685940182e-02
353666.235000000 -1.685470966e-04 -7.877650924e-05 -7.795815896e-06 3.564229482e-03 1.690447794e-04 -4.612672551e-02
353666.240000000 -1.468402775e-04 -9.671152465e-05 -2.007417333e-06 4.582066931e-03 -4.476276580e-04 -4.710803224e-02
353666.245000000 -1.171782146e-04 -1.146288742e-04 -1.561563806e-06 3.572530112e-03 -1.202070617e-03 -4.940535513e-02
353666.250000000 -1.170601065e-04 -1.205514836e-04 -1.998098857e-05 9.858213983e-07 -8.452823506e-04 -5.013808161e-02
353666.255000000 -1.331398785e-04 -1.159716022e-04 -3.072550318e-05 -2.603324195e-03 4.203943051e-05 -4.923251266e-02
353666.260000000 -1.388426708e-04 -1.001844533e-04 -3.119472153e-05 -2.309054930e-03 2.136990840e-04 -4.862150809e-02
353666.265000000 -1.472972786e-04 -7.921957873e-05 -3.444483437e-05 -1.075531268e-03 3.196058147e-04 -4.772397273e-02
353666.270000000 -1.608168209e-04 -6.902077251e-05 -4.000777622e-05 2.013807825e-03 6.375071051e-04 -4.639422672e-02
353666.275000000 -1.605508186e-04 -8.507241298e-05 -4.749495453e-05 3.555762205e-03 1.058742913e-03 -4.628043902e-02
353666.280000000 -1.203972924e-04 -1.080224348e-04 -4.698511978e-05 1.146619688e-03 1.183911959e-03 -4.697690533e-02
353666.285000000 -6.719435162e-05 -1.121545735e-04 -4.437852847e-05 -1.511638110e-03 4.887327164e-04 -4.715678613e-02
353666.290000000 -7.243579272e-05 -9.404162484e-05 -5.014921678e-05 -2.165828817e-03 -1.278422885e-03 -4.806340887e-02
353666.295000000 -1.256652247e-04 -7.420104624e-05 -5.590130949e-05 -1.369149662e-03 -2.376564402e-03 -4.841995854e-02
353666.300000000 -1.632307060e-04 -6.696959099e-05 -5.605635616e-05 4.855750507e-05 -1.932613738e-03 -4.707685143e-02
353666.305000000 -1.740944339e-04 -6.967310343e-05 -5.331683421e-05 2.204869387e-03 -1.327254968e-03 -4.649880810e-02
353666.310000000 -1.449272791e-04 -8.732010452e-05 -5.021882666e-05 2.758346152e-03 1.502171959e-04 -4.700496861e-02
353666.315000000 -1.019495529e-04 -1.127982947e-04 -4.955612908e-05 7.997074347e-04 1.761843779e-03 -4.667119709e-02
353666.320000000 -7.739978720e-05 -1.282455854e-04 -4.655107424e-05 -1.708622811e-03 1.757406485e-03 -4.641962500e-02
353666.325000000 -7.196225326e-05 -1.203363520e-04 -4.152505993e-05 -3.579105699e-03 6.656162870e-04 -4.754871945e-02
353666.330000000 -1.223154534e-04 -8.703848406e-05 -3.182030362e-05 -3.251460539e-03 -7.774384491e-04 -4.792828057e-02
353666.335000000 -1.787860135e-04 -5.605231883e-05 -2.193574690e-05 -4.199156463e-04 -1.510195512e-03 -4.755620046e-02
353666.340000000 -1.798998076e-04 -5.002795412e-05 -1.409355788e-05 2.305453603e-03 -1.100662539e-03 -4.768352303e-02
353666.345000000 -1.457475256e-04 -5.930833854e-05 -5.942989139e-06 2.892677701e-03 -2.702046584e-04 -4.729217816e-02
353666.350000000 -1.002820767e-04 -7.921407646e-05 -2.723258007e-06 7.555617842e-04 -8.589107802e-04 -4.707926880e-02
353666.355000000 -9.121887877e-05 -9.263493661e-05 -7.500000396e-06 -2.141817126e-03 -2.462796279e-03 -4.824943569e-02
353666.360000000 -1.276950960e-04 -8.354373673e-05 -1.298260074e-05 -3.857537551e-03 -3.162300839e-03 -4.918621294e-02
353666.365000000 -1.705924930e-04 -6.360226602e-05 -1.616202722e-05 -3.743822158e-03 -2.920063274e-03 -4.856595489e-02
353666.370000000 -2.007008124e-04 -4.061517825e-05 -2.200952804e-05 -4.154169198e-04 -1.275330325e-03 -4.788846491e-02
353666.375000000 -1.964990603e-04 -2.955301016e-05 -2.248448824e-05 2.657313257e-03 8.668703273e-04 -4.706242400e-02
353666.380000000 -1.650936445e-04 -3.615811440e-05 -1.719956388e-05 3.197872321e-03 2.152437571e-03 -4.566385726e-02
353666.385000000 -1.404240030e-04 -5.915566947e-05 -1.903170135e-05 8.868480013e-04 1.749400508e-03 -4.666986759e-02
353666.390000000 -1.290666395e-04 -7.524572625e-05 -2.383654856e-05 -2.867269888e-03 -7.755776885e-05 -4.912396997e-02
353666.395000000 -1.290636967e-04 -6.303933050e-05 -3.209093160e-05 -4.103407240e-03 -2.114959907e-03 -5.054068390e-02
353666.400000000 -1.476266338e-04 -4.294755315e-05 -4.834914817e-05 -2.789396296e-03 -3.747352556e-03 -5.143030367e-02
353666.405000000 -1.795695205e-04 -2.535187556e-05 -5.957323278e-05 3.924475056e-04 -2.612330346e-03 -4.967057381e-02
353666.410000000 -1.987934262e-04 -1.758249448e-05 -6.265407087e-05 2.904436878e-03 3.876595002e-04 -4.601170900e-02
353666.415000000 -1.915641544e-04 -2.222079219e-05 -6.005193259e-05 3.294018016e-03 2.387585321e-03 -4.414394003e-02
353666.420000000 -1.730080421e-04 -3.481155507e-05 -5.964064619e-05 2.055521232e-03 3.280072059e-03 -4.473431079e-02
353666.425000000 -1.438454099e-04 -4.750910376e-05 -6.192085615e-05 -1.293520123e-03 1.786872973e-03 -4.774417994e-02
353666.430000000 -1.275769364e-04 -3.991756987e-05 -6.228727929e-05 -2.999671173e-03 -9.054420435e-04 -5.089820909e-02
353666.435000000 -1.505894145e-04 -1.701564695e-05 -6.033876832e-05 -1.365481076e-03 -2.095359734e-03 -5.217740967e-02
353666.440000000 -1.901176360e-04 -6.718624127e-06 -5.786648568e-05 8.937780188e-04 -1.196109533e-03 -5.136881963e-02
353666.445000000 -2.014602787e-04 -2.413454196e-05 -4.699393823e-05 3.455045705e-03 1.800791018e-03 -4.756733824e-02
353666.450000000 -1.705933388e-04 -4.927137431e-05 -3.314409165e-05 4.220015659e-03 3.635230044e-03 -4.495200183e-02
353666.455000000 -1.279926583e-04 -6.965014097e-05 -2.958398814e-05 2.090768805e-03 2.892347110e-03 -4.575307909e-02
353666.460000000 -9.771816983e-05 -9.021150590e-05 -2.895544623e-05 -8.945492705e-04 1.009386443e-03 -4.736437730e-02
353666.465000000 -1.145695230e-04 -7.869366405e-05 -2.670238912e-05 -2.732175050e-03 -1.411898145e-03 -4.992695927e-02
353666.470000000 -1.671981730e-04 -3.854575506e-05 -2.507797383e-05 -1.956919048e-03 -1.658639101e-03 -5.077747428e-02
353666.475000000 -2.133542135e-04 -1.224531470e-05 -2.306653168e-05 8.068316573e-04 9.963384276e-04 -4.854168629e-02
353666.480000000 -2.280459548e-04 -1.384781453e-05 -2.031464768e-05 3.596581409e-03 3.915798868e-03 -4.614993236e-02
353666.485000000 -1.647372350e-04 -3.515732720e-05 -1.467970186e-05 4.207137092e-03 4.504112656e-03 -4.575633445e-02
353666.490000000 -8.756309615e-05 -5.728407846e-05 -1.399558578e-05 2.621803870e-03 2.489144140e-03 -4.736063415e-02
353666.495000000 -7.335199823e-05 -7.605415893e-05 -2.107972099e-05 3.520962869e-04 -2.089699890e-04 -4.946044871e-02
353666.500000000 -8.535726820e-05 -8.248188417e-05 -2.629721926e-05 -1.926737005e-03 -2.210014151e-03 -5.130217575e-02
353666.505000000 -1.220667606e-04 -5.346349537e-05 -3.236604712e-05 -1.605923550e-03 -1.869313344e-03 -5.006695232e-02
353666.510000000 -1.650181774e-04 -2.515874985e-05 -3.587300327e-05 1.677776169e-03 3.086196425e-04 -4.675507594e-02
353666.515000000 -1.797427427e-04 -2.920765480e-05 -4.088384397e-05 4.389732796e-03 2.225723195e-03 -4.495045082e-02
353666.520000000 -1.597895407e-04 -5.194225408e-05 -4.810585857e-05 4.972550523e-03 3.083400153e-03 -4.413794016e-02
353666.525000000 -1.127646967e-04 -7.738786195e-05 -5.043240966e-05 3.149825949e-03 1.285144693e-03 -4.658716820e-02
353666.530000000 -8.972499828e-05 -9.103474148e-05 -5.526284345e-05 3.930163956e-05 -1.184899932e-03 -5.092450161e-02
353666.535000000 -1.036231034e-04 -9.242830692e-05 -6.551977481e-05 -2.728510708e-03 -1.444650168e-03 -5.234944834e-02
353666.540000000 -1.148548205e-04 -8.025147169e-05 -6.895978627e-05 -3.699159683e-03 -6.138503629e-04 -5.099924256e-02
353666.545000000 -1.262834887e-04 -4.444380831e-05 -6.262312068e-05 -5.646462766e-04 7.532027180e-04 -4.802384583e-02
353666.550000000 -1.447606168e-04 -3.006499803e-05 -6.002209003e-05 3.129587174e-03 2.141862949e-03 -4.508595078e-02
353666.555000000 -1.453142565e-04 -5.430734511e-05 -5.914897749e-05 4.307601622e-03 2.552559690e-03 -4.379203228e-02
353666.560000000 -1.247671289e-04 -7.775078658e-05 -5.351546054e-05 4.031085871e-03 1.618556896e-03 -4.490128417e-02
353666.565000000 -9.320035222e-05 -9.086874627e-05 -5.039770192e-05 1.078951371e-03 -3.929273646e-04 -4.870803631e-02
353666.570000000 -8.358968667e-05 -9.644791127e-05 -5.009654780e-05 -2.224446140e-03 -1.827645233e-03 -5.138419943e-02
353666.575000000 -1.104775822e-04 -9.741121669e-05 -4.998789061e-05 -2.846869478e-03 -1.695984100e-03 -5.103514540e-02
353666.580000000 -1.425392057e-04 -8.307281231e-05 -4.534581816e-05 -1.576320508e-03 -7.021358682e-04 -4.966987448e-02
353666.585000000 -1.647210111e-04 -7.218449140e-05 -3.283092567e-05 1.814816305e-03 1.303596711e-03 -4.659402947e-02
353666.590000000 -1.582893107e-04 -8.844160636e-05 -2.403699598e-05 4.582968339e-03 2.545014437e-03 -4.479632188e-02
353666.595000000 -1.225413948e-04 -1.086101207e-04 -2.053520700e-05 3.929549167e-03 1.766310127e-03 -4.647725031e-02
353666.600000000 -8.506299298e-05 -1.190018205e-04 -1.767749350e-05 1.387414513e-03 3.361696106e-04 -4.854759332e-02
353666.605000000 -8.005222653e-05 -1.171437358e-04 -1.756571775e-05 -1.877944166e-03 -1.132691761e-03 -4.988613175e-02
353666.610000000 -1.125320007e-04 -9.554056516e-05 -2.058184055e-05 -3.492533442e-03 -1.587669046e-03 -5.023277056e-02
353666.615000000 -1.550482329e-04 -7.268594421e-05 -2.379482906e-05 -2.420189099e-03 -6.372216321e-04 -4.903027306e-02
353666.620000000 -1.904974482e-04 -5.946568072e-05 -2.427163933e-05 3.623802992e-04 7.558831635e-04 -4.717166384e-02
353666.625000000 -1.704795233e-04 -7.527244883e-05 -2.386161103e-05 3.189765673e-03 1.199472996e-03 -4.699212987e-02
353666.630000000 -1.088989326e-04 -1.048578421e-04 -2.562670073e-05 3.115300362e-03 4.958670555e-04 -4.816306681e-02
353666.635000000 -6.954555756e-05 -1.114070626e-04 -3.066801196e-05 8.595924632e-04 -2.516993927e-04 -4.878677630e-02
353666.640000000 -6.439102651e-05 -1.070220945e-04 -3.858525013e-05 -1.404067285e-03 -6.207081092e-04 -4.913210578e-02
353666.645000000 -1.038675706e-04 -9.061693613e-05 -4.693164563e-05 -2.808169888e-03 4.356468196e-05 -4.838569512e-02
353666.650000000 -1.519700965e-04 -6.333489253e-05 -4.821879457e-05 -1.740589209e-03 9.275070643e-04 -4.715602311e-02
353666.655000000 -1.708054816e-04 -4.677748832e-05 -4.864953332e-05 1.394475143e-03 9.528641456e-04 -4.724961767e-02
353666.660000000 -1.597614499e-04 -5.014656173e-05 -4.858742410e-05 3.868678892e-03 4.011073817e-04 -4.815362954e-02
353666.665000000 -1.115198719e-04 -8.122215643e-05 -4.780266538e-05 2.983050839e-03 -7.374182404e-04 -4.891015873e-02
353666.670000000 -7.014524548e-05 -1.075898068e-04 -4.958787344e-05 9.633333357e-05 -1.769683660e-03 -4.940101804e-02
353666.675000000 -6.937008424e-05 -1.048800697e-04 -4.988835774e-05 -2.503142623e-03 -2.143353528e-03 -4.957276812e-02
353666.680000000 -8.937936606e-05 -9.279758865e-05 -5.262296738e-05 -4.277693481e-03 -1.973109290e-03 -4.879478467e-02
353666.685000000 -1.404057034e-04 -6.829958511e-05 -4.612885639e-05 -2.441644005e-03 -1.486161846e-03 -4.749811098e-02
353666.690000000 -1.868865025e-04 -4.245321098e-05 -3.634156073e-05 1.332272816e-03 -6.268754472e-04 -4.707001309e-02
353666.695000000 -1.883339669e-04 -4.251201968e-05 -3.299639595e-05 3.136844769e-03 5.593508577e-04 -4.722380027e-02
353666.700000000 -1.561110457e-04 -6.132721082e-05 -2.987277785e-05 3.237822841e-03 1.406979964e-03 -4.720404544e-02
353666.705000000 -1.016637728e-04 -8.108215346e-05 -2.194765404e-05 1.044753137e-03 9.596731012e-04 -4.853326209e-02
353666.710000000 -8.186306794e-05 -9.194762606e-05 -1.370216124e-05 -2.111791511e-03 -3.770613619e-04 -4.994610033e-02
353666.715000000 -1.095481905e-04 -8.860772796e-05 -1.058731871e-05 -3.211537942e-03 -1.592518059e-03 -4.986687196e-02
353666.720000000 -1.466045905e-04 -7.424679584e-05 -3.413612316e-06 -2.186074619e-03 -2.480736858e-03 -4.956996546e-02
353666.725000000 -1.745247860e-04 -5.884103883e-05 -6.361006676e-07 9.660115890e-04 -1.788450691e-03 -4.834460085e-02
353666.730000000 -1.721616888e-04 -5.978105556e-05 -2.784185802e-06 3.727347046e-03 -9.238558015e-05 -4.658386166e-02
353666.735000000 -1.471790223e-04 -7.632136622e-05 -2.615479352e-06 3.671780460e-03 9.326513205e-04 -4.609746800e-02
353666.740000000 -1.226896841e-04 -8.955121186e-05 -2.295321025e-06 1.529577366e-03 1.319240595e-03 -4.671820137e-02
353666.745000000 -1.179575206e-04 -9.071352965e-05 -2.274875093e-06 -1.683152052e-03 7.315447654e-04 -4.807295941e-02
353666.750000000 -1.395342255e-04 -8.169015453e-05 -4.878157118e-06 -2.952710775e-03 -5.412160065e-04 -4.980116040e-02
353666.755000000 -1.638840148e-04 -6.467019400e-05 -1.276561847e-05 -1.650518257e-03 -1.260806257e-03 -5.088485713e-02
353666.760000000 -1.762625008e-04 -4.653054209e-05 -1.884989249e-05 4.882006092e-04 -7.939035956e-04 -5.031085336e-02
353666.765000000 -1.581283991e-04 -4.912594169e-05 -2.174586310e-05 3.224542356e-03 4.222839427e-04 -4.852990772e-02
353666.770000000 -1.220107875e-04 -7.051030352e-05 -2.626779588e-05 3.796745370e-03 1.469876947e-03 -4.739053298e-02
353666.775000000 -9.875696383e-05 -8.690093296e-05 -3.116602447e-05 1.131069116e-03 2.005731578e-03 -4.687890631e-02
353666.780000000 -8.690313060e-05 -9.328099882e-05 -3.871182467e-05 -1.616729298e-03 1.427514596e-03 -4.690386820e-02
353666.785000000 -1.006431265e-04 -7.066855230e-05 -4.970078599e-05 -2.155648992e-03 -1.035106320e-03 -4.913776711e-02
353666.790000000 -1.435061847e-04 -4.049231626e-05 -5.634370072e-05 -5.999766540e-04 -2.426252309e-03 -5.052106741e-02
353666.795000000 -1.841253591e-04 -3.326675708e-05 -5.461903537e-05 1.884658218e-03 -9.746723261e-04 -4.900316336e-02
353666.800000000 -1.857860589e-04 -4.207459364e-05 -4.931799952e-05 4.199034323e-03 1.479096852e-03 -4.755638039e-02
353666.805000000 -1.300800195e-04 -7.725674184e-05 -4.075127793e-05 3.854997811e-03 3.259640359e-03 -4.649849004e-02
353666.810000000 -7.516357301e-05 -1.133935196e-04 -3.660214311e-05 1.469402887e-03 2.584184485e-03 -4.655740229e-02
353666.815000000 -6.669201185e-05 -1.267930714e-04 -3.831135549e-05 -7.882722454e-04 -3.195794820e-05 -4.876223937e-02
353666.820000000 -7.830523533e-05 -1.234409498e-04 -3.630450597e-05 -2.467344666e-03 -2.551957390e-03 -5.091471900e-02
353666.825000000 -1.205765444e-04 -9.524792330e-05 -2.963355441e-05 -1.072754596e-03 -3.012942010e-03 -5.011355818e-02
353666.830000000 -1.711156619e-04 -6.904727954e-05 -2.464355760e-05 2.211340615e-03 -9.981345244e-04 -4.756821914e-02
353666.835000000 -1.815552704e-04 -6.862700850e-05 -2.402607641e-05 3.824579209e-03 1.727884946e-03 -4.558385833e-02
353666.840000000 -1.535162607e-04 -8.468493321e-05 -2.127903400e-05 3.618433862e-03 3.230674765e-03 -4.410842760e-02
353666.845000000 -1.162552553e-04 -1.116730648e-04 -1.557672290e-05 1.278235873e-03 1.482528802e-03 -4.621588156e-02
353666.850000000 -1.092295733e-04 -1.265639003e-04 -1.218757970e-05 -1.718994975e-03 -1.258474679e-03 -5.039429718e-02
353666.855000000 -1.280000944e-04 -1.146109940e-04 -1.686868075e-05 -3.161314492e-03 -1.989238920e-03 -5.178395080e-02
353666.860000000 -1.474021470e-04 -9.459010532e-05 -2.272682488e-05 -2.439670475e-03 -1.635590417e-03 -5.068536952e-02
353666.865000000 -1.570769179e-04 -7.591757902e-05 -2.388234006e-05 7.196099993e-04 1.905521792e-04 -4.739110154e-02
353666.870000000 -1.510709748e-04 -7.361191227e-05 -2.630681491e-05 3.426689621e-03 2.269698577e-03 -4.381884034e-02
353666.875000000 -1.380534651e-04 -8.984002162e-05 -3.085951186e-05 3.796522790e-03 2.206753739e-03 -4.277705679e-02
353666.880000000 -1.313403169e-04 -1.083080543e-04 -3.098081422e-05 2.643826902e-03 6.208854070e-04 -4.477705995e-02
353666.885000000 -1.328206158e-04 -1.178552562e-04 -3.767894029e-05 -8.725040826e-04 -1.245999365e-03 -4.900293899e-02
353666.890000000 -1.357574839e-04 -1.078219681e-04 -5.526651544e-05 -3.434458521e-03 -2.167247310e-03 -5.152417816e-02
353666.895000000 -1.388947818e-04 -8.792285427e-05 -6.515044338e-05 -2.549097511e-03 -1.851579819e-03 -5.087285780e-02
353666.900000000 -1.536614597e-04 -6.711011264e-05 -6.904559318e-05 -5.378794258e-04 -5.522245241e-04 -4.858881617e-02
353666.905000000 -1.719473884e-04 -6.716422610e-05 -6.932988665e-05 2.021609281e-03 1.657192033e-03 -4.490377031e-02
353666.910000000 -1.645612028e-04 -8.813917791e-05 -6.640594751e-05 3.246252177e-03 2.727497666e-03 -4.337837732e-02
353666.915000000 -1.304287387e-04 -1.020683200e-04 -6.806848254e-05 1.652137326e-03 1.707847506e-03 -4.548099508e-02
353666.920000000 -9.539157704e-05 -1.077593502e-04 -7.297678108e-05 -1.188152149e-03 -1.680951953e-04 -4.819952176e-02
353666.925000000 -9.806371230e-05 -9.713983161e-05 -7.860030166e-05 -2.869788694e-03 -1.818632344e-03 -5.028110726e-02
353666.930000000 -1.389991049e-04 -7.103691553e-05 -8.226250166e-05 -2.177766713e-03 -1.719950375e-03 -5.026566317e-02
353666.935000000 -1.823864691e-04 -4.966197644e-05 -8.081407505e-05 1.666377987e-04 2.647522398e-04 -4.767568842e-02
353666.940000000 -2.065398214e-04 -4.714807668e-05 -7.355168484e-05 2.934981569e-03 2.207726089e-03 -4.490687012e-02
353666.945000000 -1.696983655e-04 -7.127121935e-05 -6.266838157e-05 3.652590869e-03 1.702772054e-03 -4.528768129e-02
353666.950000000 -1.031137848e-04 -9.877796965e-05 -5.601184012e-05 1.829377467e-03 -5.309131013e-04 -4.777727763e-02
353666.955000000 -7.728540659e-05 -1.137596563e-04 -5.951137355e-05 -7.254979250e-04 -2.311724984e-03 -4.949744431e-02
353666.960000000 -8.606116647e-05 -1.203985077e-04 -6.002489811e-05 -3.108828786e-03 -3.143360736e-03 -5.058825451e-02
353666.965000000 -1.389287342e-04 -9.237300406e-05 -5.382131002e-05 -3.100779161e-03 -1.791733172e-03 -4.914419588e-02
353666.970000000 -2.030611168e-04 -4.780672318e-05 -5.384402036e-05 1.788894159e-05 5.608327272e-04 -4.602893994e-02
353666.975000000 -2.281337848e-04 -4.161237458e-05 -5.167409930e-05 3.338094903e-03 1.831590128e-03 -4.469291654e-02
353666.980000000 -2.141966515e-04 -6.625397421e-05 -4.603596141e-05 4.403872064e-03 2.246328479e-03 -4.511228562e-02
353666.985000000 -1.469844733e-04 -9.618632550e-05 -4.459452943e-05 2.300085007e-03 9.073629592e-04 -4.740597922e-02
353666.990000000 -9.033176866e-05 -1.131042420e-04 -4.426054040e-05 -7.527880756e-04 -1.220922079e-03 -5.035559446e-02
353666.995000000 -1.010082045e-04 -1.088908428e-04 -4.662814845e-05 -2.664939616e-03 -1.886178137e-03 -5.160453830e-02
353667.000000000 -1.409144750e-04 -9.063866925e-05 -5.198382230e-05 -3.129790237e-03 -1.278059445e-03 -5.054060347e-02
353667.005000000 -1.819788927e-04 -5.688239662e-05 -5.818044837e-05 1.045303501e-04 1.904420472e-06 -4.787429358e-02
353667.010000000 -1.950461726e-04 -4.060881916e-05 -6.620754963e-05 4.182306645e-03 8.592973874e-04 -4.608647725e-02
353667.015000000 -1.754657908e-04 -5.651346421e-05 -7.150583522e-05 5.342439884e-03 7.674931212e-04 -4.599254269e-02
353667.020000000 -1.419132864e-04 -8.161853076e-05 -7.390927276e-05 4.434025641e-03 1.415886806e-04 -4.719020521e-02
353667.025000000 -1.157894003e-04 -1.077550455e-04 -7.812994313e-05 5.275482026e-04 -2.166727291e-04 -4.940860684e-02
353667.030000000 -1.165710182e-04 -1.142130909e-04 -8.325172018e-05 -3.519257560e-03 2.828062559e-04 -5.022913247e-02
353667.035000000 -1.313252863e-04 -9.708469249e-05 -8.903265210e-05 -3.842134393e-03 6.498596993e-04 -4.906905055e-02
353667.040000000 -1.501192227e-04 -7.184982600e-05 -9.279119245e-05 -1.602696145e-03 9.059732745e-05 -4.794014270e-02
353667.045000000 -1.712709468e-04 -5.919419403e-05 -9.126234637e-05 2.274108650e-03 -7.314856043e-04 -4.699645512e-02
353667.050000000 -1.764835634e-04 -7.331949422e-05 -8.816662910e-05 4.995297693e-03 -9.216958516e-04 -4.648512324e-02
353667.055000000 -1.539121258e-04 -9.581418785e-05 -8.491007492e-05 4.402095984e-03 -6.139687530e-04 -4.740510785e-02
353667.060000000 -1.247320084e-04 -1.099271353e-04 -7.967611346e-05 1.904676987e-03 -3.009967881e-04 -4.895775032e-02
353667.065000000 -1.154963785e-04 -1.162572311e-04 -7.867643457e-05 -1.528120688e-03 -3.402520318e-04 -4.971343373e-02
353667.070000000 -1.372058305e-04 -1.085854150e-04 -7.660897317e-05 -2.918314791e-03 -7.269654022e-04 -4.977160877e-02
353667.075000000 -1.754507125e-04 -8.743515028e-05 -6.999120309e-05 -1.296570519e-03 -6.323137190e-04 -4.937356121e-02
353667.080000000 -1.976412054e-04 -7.931176934e-05 -5.996432472e-05 2.385359632e-03 7.220553579e-04 -4.772070923e-02
353667.085000000 -1.846732147e-04 -9.335188538e-05 -4.672053361e-05 5.202002615e-03 2.248275135e-03 -4.654339814e-02
353667.090000000 -1.410345871e-04 -1.152548302e-04 -4.181495236e-05 4.081167963e-03 2.691715891e-03 -4.687301318e-02
353667.095000000 -9.496494728e-05 -1.337198906e-04 -4.319937621e-05 1.145140945e-03 2.034780572e-03 -4.739729028e-02
353667.100000000 -9.428646273e-05 -1.301110401e-04 -4.374349981e-05 -1.951529982e-03 -6.642888606e-04 -4.892325839e-02
353667.105000000 -1.361546149e-04 -1.053490142e-04 -4.435454516e-05 -3.188340094e-03 -3.320120943e-03 -5.004323792e-02
353667.110000000 -1.846174037e-04 -7.952284641e-05 -4.719300953e-05 -1.487548224e-03 -3.337123594e-03 -4.904392058e-02
353667.115000000 -2.194944085e-04 -6.719417686e-05 -5.232889239e-05 1.783725666e-03 -1.614495806e-03 -4.726196820e-02
353667.120000000 -1.957561740e-04 -8.257321770e-05 -5.283797101e-05 4.284054555e-03 1.491726344e-03 -4.578189460e-02
353667.125000000 -1.339720007e-04 -1.111801667e-04 -4.995909960e-05 3.886644318e-03 3.992536975e-03 -4.526257154e-02
353667.130000000 -1.001466936e-04 -1.313098525e-04 -5.121673306e-05 1.659955101e-03 4.162103565e-03 -4.608054333e-02
353667.135000000 -9.549570832e-05 -1.366751905e-04 -5.373171552e-05 -8.481168323e-04 3.025297841e-03 -4.815091744e-02
353667.140000000 -1.113991967e-04 -1.155753183e-04 -5.696667841e-05 -2.234388479e-03 6.331740756e-04 -5.000840761e-02
353667.145000000 -1.351343755e-04 -8.536575742e-05 -6.484917797e-05 -8.520908224e-04 -1.581121751e-03 -5.032539171e-02
353667.150000000 -1.506104117e-04 -7.165834378e-05 -7.318686665e-05 2.109036009e-03 -1.731091013e-03 -4.941406122e-02
353667.155000000 -1.505490753e-04 -8.102506668e-05 -8.088016677e-05 4.079153936e-03 -2.750281772e-04 -4.750135743e-02
353667.160000000 -1.187712622e-04 -1.091759856e-04 -8.811491284e-05 3.416369343e-03 1.631818040e-03 -4.545237910e-02
353667.165000000 -8.315548514e-05 -1.338030324e-04 -9.108602041e-05 8.647583198e-04 2.323442883e-03 -4.573241137e-02
353667.170000000 -7.916948499e-05 -1.358577213e-04 -9.369227121e-05 -2.029804469e-03 1.628817432e-03 -4.787241683e-02
353667.175000000 -9.316235257e-05 -1.182525361e-04 -9.465199299e-05 -3.679351415e-03 6.867386976e-04 -4.931097731e-02
353667.180000000 -1.229526437e-04 -8.424565418e-05 -8.467025519e-05 -1.161080737e-03 9.481530378e-05 -5.006940482e-02
353667.185000000 -1.487634561e-04 -6.468073915e-05 -7.405420179e-05 3.049985714e-03 7.463615679e-04 -4.945353664e-02
353667.190000000 -1.418745937e-04 -7.884367103e-05 -6.738130313e-05 5.116384413e-03 2.257557508e-03 -4.728718702e-02
353667.195000000 -1.126282276e-04 -1.101902505e-04 -6.338796978e-05 5.295954896e-03 2.913668532e-03 -4.571098762e-02
353667.200000000 -7.556098122e-05 -1.462540230e-04 -6.845428437e-05 2.271906406e-03 1.577924647e-03 -4.663953400e-02
353667.205000000 -5.745768779e-05 -1.637257577e-04 -7.379872264e-05 -1.721841463e-03 -6.293207681e-04 -4.862127211e-02
353667.210000000 -7.895796958e-05 -1.579805246e-04 -7.272329798e-05 -3.113166343e-03 -1.891918140e-03 -4.966917787e-02
353667.215000000 -1.173357998e-04 -1.372010191e-04 -6.624233361e-05 -2.349503973e-03 -1.537898499e-03 -4.986325443e-02
353667.220000000 -1.491868555e-04 -1.093657800e-04 -5.683877520e-05 5.711797213e-04 1.583103399e-03 -4.744528776e-02
353667.225000000 -1.484425735e-04 -9.931868823e-05 -5.082086336e-05 3.671777326e-03 4.489915890e-03 -4.476063365e-02
353667.230000000 -1.055461941e-04 -1.166185608e-04 -4.727782069e-05 4.007595925e-03 3.974341017e-03 -4.539565914e-02
353667.235000000 -5.663950093e-05 -1.393246195e-04 -4.408826850e-05 1.846017937e-03 1.348243249e-03 -4.787997439e-02
353667.240000000 -4.310533527e-05 -1.439146915e-04 -5.423070743e-05 -1.147418981e-03 -2.587180656e-03 -5.081750409e-02
353667.245000000 -7.038747317e-05 -1.300089944e-04 -7.001177300e-05 -2.649137306e-03 -4.933123536e-03 -5.221647682e-02
353667.250000000 -1.119191905e-04 -1.083864338e-04 -8.003659489e-05 -1.730849328e-03 -3.465466691e-03 -5.041832793e-02
353667.255000000 -1.485336974e-04 -8.771313641e-05 -8.851831542e-05 6.088241559e-04 -3.820016925e-05 -4.631948776e-02
353667.260000000 -1.530914687e-04 -9.020635640e-05 -9.212453584e-05 3.275561978e-03 3.017193163e-03 -4.355352983e-02
353667.265000000 -1.263353445e-04 -1.146874339e-04 -9.199606856e-05 3.649751379e-03 3.838405015e-03 -4.436052611e-02
353667.270000000 -9.392702081e-05 -1.369061379e-04 -9.569974404e-05 1.417072527e-03 2.313612439e-03 -4.705388265e-02
353667.275000000 -7.240670424e-05 -1.493122889e-04 -1.007163015e-04 -9.500210706e-04 -3.206032869e-04 -5.051740432e-02
353667.280000000 -7.733497741e-05 -1.453258744e-04 -1.061309270e-04 -2.737048657e-03 -2.419183936e-03 -5.238754733e-02
353667.285000000 -1.013188857e-04 -1.210614415e-04 -1.121015058e-04 -2.491483982e-03 -2.390098927e-03 -5.033895164e-02
353667.290000000 -1.262993746e-04 -9.880179116e-05 -1.137524624e-04 3.074348180e-04 -7.807468384e-04 -4.645767337e-02
353667.295000000 -1.375457713e-04 -9.697133171e-05 -1.158942496e-04 3.127694276e-03 6.167546172e-04 -4.372168195e-02
353667.300000000 -1.218553309e-04 -1.119994934e-04 -1.160366863e-04 3.001365154e-03 5.204300626e-04 -4.371027705e-02
353667.305000000 -1.023561421e-04 -1.257908082e-04 -1.114483397e-04 6.015486635e-04 -7.175070418e-04 -4.650543542e-02
353667.310000000 -1.007028208e-04 -1.241333387e-04 -1.082997488e-04 -1.831871335e-03 -1.562440729e-03 -5.024278318e-02
353667.315000000 -1.078462664e-04 -1.125605490e-04 -1.059668801e-04 -3.802688693e-03 -1.101512480e-03 -5.242953493e-02
353667.320000000 -1.311187965e-04 -8.918280204e-05 -1.039316117e-04 -2.489634746e-03 9.103360547e-04 -5.087928963e-02
353667.325000000 -1.496494478e-04 -7.339736318e-05 -9.958445436e-05 1.227388355e-03 2.770151014e-03 -4.772032735e-02
353667.330000000 -1.357947834e-04 -8.690666839e-05 -9.180026140e-05 3.400433335e-03 2.809479654e-03 -4.593088392e-02
353667.335000000 -9.702958624e-05 -1.154907768e-04 -8.519546340e-05 3.870214237e-03 1.224724289e-03 -4.537766206e-02
353667.340000000 -6.648494208e-05 -1.402103448e-04 -7.923600164e-05 2.035330552e-03 -1.538988723e-03 -4.708485937e-02
353667.345000000 -7.319692272e-05 -1.517398477e-04 -7.984349276e-05 -1.616704276e-03 -2.982728753e-03 -4.905253061e-02
353667.350000000 -9.360176915e-05 -1.414997936e-04 -8.484540806e-05 -4.376674581e-03 -2.246046438e-03 -4.854248516e-02
353667.355000000 -1.072409500e-04 -1.091013308e-04 -8.480757086e-05 -4.554326609e-03 -1.610325817e-03 -4.731908575e-02
353667.360000000 -1.459127890e-04 -7.074544848e-05 -8.734678243e-05 -1.051194730e-03 -8.079605101e-04 -4.675073071e-02
353667.365000000 -1.913770341e-04 -6.121310434e-05 -9.016030428e-05 3.160433275e-03 7.067996483e-04 -4.671614307e-02
353667.370000000 -1.859415642e-04 -8.763564554e-05 -8.995924474e-05 4.567036273e-03 1.860200973e-03 -4.759967264e-02
353667.375000000 -1.313075808e-04 -1.147489926e-04 -9.140144781e-05 3.481493472e-03 2.144804840e-03 -4.953819324e-02
353667.380000000 -6.313307048e-05 -1.232673117e-04 -9.608417538e-05 8.863245556e-05 1.405270460e-03 -5.072564907e-02
353667.385000000 -3.783970574e-05 -1.137676610e-04 -1.059125484e-04 -2.783386815e-03 7.138831897e-05 -5.008059200e-02
353667.390000000 -6.659538252e-05 -9.105443909e-05 -1.150613701e-04 -2.765791892e-03 -1.139236246e-03 -4.854860815e-02
353667.395000000 -1.092026072e-04 -6.351472987e-05 -1.195845953e-04 -1.215630326e-03 -1.861972123e-03 -4.671257559e-02
353667.400000000 -1.312996094e-04 -5.348424516e-05 -1.224722526e-04 1.780336407e-03 -2.484184665e-03 -4.549132480e-02
353667.405000000 -1.221011290e-04 -6.864054683e-05 -1.226452222e-04 4.159287207e-03 -3.093933736e-03 -4.633213814e-02
353667.410000000 -9.938043517e-05 -9.357175673e-05 -1.240291478e-04 3.383527563e-03 -3.021483266e-03 -4.821778310e-02
353667.415000000 -8.937650965e-05 -1.160192691e-04 -1.301767706e-04 8.791937879e-04 -2.217638481e-03 -4.931333636e-02
353667.420000000 -1.044941912e-04 -1.233553101e-04 -1.337712274e-04 -1.839384418e-03 -1.187881732e-03 -5.000220590e-02
353667.425000000 -1.281848564e-04 -1.080810150e-04 -1.347554934e-04 -2.844660120e-03 -7.627700357e-04 -5.007838547e-02
353667.430000000 -1.485243698e-04 -8.516179767e-05 -1.333239894e-04 -9.344299085e-04 -7.679068230e-04 -4.880871165e-02
353667.435000000 -1.652925202e-04 -7.583036904e-05 -1.288414403e-04 2.343352278e-03 -7.025466030e-04 -4.753800646e-02
353667.440000000 -1.521734915e-04 -9.249548304e-05 -1.210226301e-04 3.935100927e-03 7.406268222e-05 -4.706198277e-02
353667.445000000 -1.098809468e-04 -1.152595927e-04 -1.145399120e-04 2.798004390e-03 8.913380284e-04 -4.704110499e-02
353667.450000000 -8.024053225e-05 -1.220352379e-04 -1.111576426e-04 5.752749198e-04 4.337742750e-04 -4.777557274e-02
353667.455000000 -8.282940200e-05 -1.226916149e-04 -1.105090018e-04 -2.032714126e-03 -7.254083041e-04 -4.918472700e-02
353667.460000000 -1.203255469e-04 -1.073372531e-04 -1.128952242e-04 -3.057314385e-03 -2.132863982e-03 -4.971823415e-02
353667.465000000 -1.681876198e-04 -8.108416068e-05 -1.141541604e-04 -1.033717597e-03 -2.785606450e-03 -4.909113437e-02
353667.470000000 -1.959032119e-04 -7.281796308e-05 -1.143172447e-04 2.117644437e-03 -1.806503660e-03 -4.825477424e-02
353667.475000000 -1.945667145e-04 -8.421231864e-05 -1.099249296e-04 4.189795953e-03 2.010257327e-04 -4.712206744e-02
353667.480000000 -1.556221923e-04 -1.071926354e-04 -1.040370338e-04 3.835792097e-03 1.839578615e-03 -4.636270041e-02
353667.485000000 -1.153454407e-04 -1.288835132e-04 -1.062967323e-04 1.439337698e-03 1.886855680e-03 -4.722238951e-02
353667.490000000 -1.022709339e-04 -1.359223110e-04 -1.134688310e-04 -1.725531388e-03 6.974854646e-04 -4.894397494e-02
353667.495000000 -1.053036335e-04 -1.247054066e-04 -1.197457929e-04 -3.840690608e-03 -8.303386198e-04 -4.990421369e-02
353667.500000000 -1.395551430e-04 -9.566864809e-05 -1.278385913e-04 -1.867561549e-03 -1.697953464e-03 -4.993554843e-02
353667.505000000 -1.845979729e-04 -7.644256218e-05 -1.342386741e-04 2.038731979e-03 -6.066067621e-04 -4.884364213e-02
353667.510000000 -1.933336705e-04 -8.697293263e-05 -1.371996781e-04 3.917270282e-03 2.030652481e-03 -4.651761918e-02
353667.515000000 -1.600190729e-04 -1.089797173e-04 -1.413140116e-04 3.939230618e-03 3.917994718e-03 -4.479857646e-02
353667.520000000 -1.051411576e-04 -1.218306760e-04 -1.484174252e-04 1.437532928e-03 3.033226998e-03 -4.576576401e-02
353667.525000000 -7.672290489e-05 -1.220982080e-04 -1.584739126e-04 -1.922063999e-03 4.099879202e-04 -4.808313617e-02
353667.530000000 -9.046539820e-05 -1.099033659e-04 -1.634249274e-04 -3.055113728e-03 -1.786408757e-03 -4.981716815e-02
353667.535000000 -1.209814430e-04 -8.474977230e-05 -1.667317152e-04 -2.104837712e-03 -2.799450707e-03 -5.089643359e-02
353667.540000000 -1.513266712e-04 -6.621514545e-05 -1.678620357e-04 8.906895573e-04 -7.709505155e-04 -4.927170894e-02
353667.545000000 -1.524626844e-04 -7.409675938e-05 -1.636280532e-04 3.868483556e-03 2.674623621e-03 -4.614146275e-02
353667.550000000 -1.159997090e-04 -9.912163779e-05 -1.616633558e-04 4.183864909e-03 4.062563802e-03 -4.503138284e-02
353667.555000000 -7.032274375e-05 -1.193427215e-04 -1.611985587e-04 2.352904973e-03 3.331012686e-03 -4.563324843e-02
353667.560000000 -4.876956973e-05 -1.274482626e-04 -1.590364598e-04 -3.768321089e-04 2.911591169e-04 -4.811392158e-02
353667.565000000 -6.736572904e-05 -1.210796701e-04 -1.525439988e-04 -1.955520940e-03 -2.703991013e-03 -5.090733656e-02
353667.570000000 -1.090010331e-04 -9.926552221e-05 -1.450916445e-04 -1.284405378e-03 -3.081842329e-03 -5.105467050e-02
353667.575000000 -1.467771895e-04 -7.732060282e-05 -1.396375501e-04 8.906242659e-04 -1.592992216e-03 -4.892785292e-02
353667.580000000 -1.573687608e-04 -8.768046247e-05 -1.320070409e-04 3.230336830e-03 8.032058421e-04 -4.664337111e-02
353667.585000000 -1.277183853e-04 -1.179541589e-04 -1.251920295e-04 3.681868018e-03 2.067468023e-03 -4.613190988e-02
353667.590000000 -8.740161202e-05 -1.357472660e-04 -1.234127709e-04 2.197486425e-03 9.495658395e-04 -4.747761433e-02
353667.595000000 -7.287343284e-05 -1.467928660e-04 -1.250954074e-04 2.170514737e-04 -1.346868526e-03 -4.965506627e-02
353667.600000000 -9.510478225e-05 -1.461105550e-04 -1.237800471e-04 -1.881032728e-03 -2.385812769e-03 -5.091928123e-02
353667.605000000 -1.314610223e-04 -1.238129642e-04 -1.197061867e-04 -2.352741899e-03 -1.407497080e-03 -4.968894444e-02
353667.610000000 -1.556075842e-04 -9.514768065e-05 -1.210547529e-04 1.747247987e-04 1.438927553e-04 -4.714143980e-02
353667.615000000 -1.666517777e-04 -8.387657458e-05 -1.240172808e-04 3.451107962e-03 1.378408607e-03 -4.530309274e-02
353667.620000000 -1.487963020e-04 -1.017038585e-04 -1.261962164e-04 4.207277721e-03 1.275557083e-03 -4.518515344e-02
353667.625000000 -1.119180363e-04 -1.236230626e-04 -1.283153182e-04 2.791817149e-03 -4.826852129e-04 -4.725874979e-02
353667.630000000 -9.520724924e-05 -1.349417385e-04 -1.345835481e-04 9.580745126e-04 -2.469643766e-03 -5.052996379e-02
353667.635000000 -1.084142033e-04 -1.474458980e-04 -1.441014721e-04 -1.381228571e-03 -3.069482598e-03 -5.234276057e-02
353667.640000000 -1.358031619e-04 -1.362461587e-04 -1.491458504e-04 -1.626279729e-03 -1.521003231e-03 -5.030304845e-02
353667.645000000 -1.598369192e-04 -1.097707384e-04 -1.525163183e-04 1.186827025e-03 6.824638873e-04 -4.683414131e-02
353667.650000000 -1.734260833e-04 -1.060452020e-04 -1.513682046e-04 3.773257744e-03 2.026973133e-03 -4.472345711e-02
353667.655000000 -1.759523459e-04 -1.209653109e-04 -1.463148704e-04 4.791767754e-03 2.414471776e-03 -4.360882502e-02
353667.660000000 -1.424564563e-04 -1.464226618e-04 -1.422817169e-04 3.095230252e-03 6.775165940e-04 -4.591821670e-02
353667.665000000 -9.485479314e-05 -1.648787578e-04 -1.411463252e-04 -6.613950429e-04 -1.884640921e-03 -4.979866752e-02
353667.670000000 -8.764554830e-05 -1.614715533e-04 -1.451325682e-04 -3.516581042e-03 -2.700801468e-03 -5.071239221e-02
353667.675000000 -1.172069936e-04 -1.457893441e-04 -1.469731246e-04 -4.140277928e-03 -2.011393802e-03 -4.955429734e-02
353667.680000000 -1.589061458e-04 -1.182808149e-04 -1.399647140e-04 -1.599707633e-03 -4.435133022e-05 -4.712179520e-02
353667.685000000 -1.807811020e-04 -9.614702816e-05 -1.299201361e-04 2.324163033e-03 1.742112509e-03 -4.450700230e-02
353667.690000000 -1.708624562e-04 -1.020606438e-04 -1.229851390e-04 4.676703258e-03 1.950873455e-03 -4.399719019e-02
353667.695000000 -1.364095170e-04 -1.227326568e-04 -1.152411181e-04 4.473429915e-03 1.293629807e-03 -4.548114082e-02
353667.700000000 -9.231576744e-05 -1.377128233e-04 -1.069508029e-04 1.312051865e-03 1.790878736e-04 -4.734698381e-02
353667.705000000 -8.149345713e-05 -1.391411308e-04 -1.027918506e-04 -1.969010951e-03 -6.959399078e-04 -4.849916305e-02
353667.710000000 -1.130460749e-04 -1.294262644e-04 -9.842234535e-05 -2.884423093e-03 -5.474657050e-04 -4.861571926e-02
353667.715000000 -1.501429023e-04 -1.167623919e-04 -9.146085464e-05 -2.165269545e-03 2.678237769e-04 -4.755446397e-02
353667.720000000 -1.561979834e-04 -1.127528096e-04 -7.978321674e-05 7.680769937e-04 5.117215300e-04 -4.608570250e-02
353667.725000000 -1.316068079e-04 -1.213893202e-04 -7.010446063e-05 3.774281606e-03 3.116540988e-05 -4.578836680e-02
353667.730000000 -1.069237137e-04 -1.379544189e-04 -7.121739481e-05 3.491609428e-03 -2.057328463e-04 -4.632736297e-02
353667.735000000 -8.533718280e-05 -1.524409255e-04 -7.616723145e-05 9.514739744e-04 -1.639867327e-04 -4.651375131e-02
353667.740000000 -7.754588790e-05 -1.429316696e-04 -7.989546697e-05 -1.930157875e-03 -2.370269857e-04 -4.726194207e-02
353667.745000000 -9.829182368e-05 -1.135261684e-04 -8.336277386e-05 -3.437311767e-03 -2.945271968e-04 -4.815245277e-02
353667.750000000 -1.319779014e-04 -8.551474233e-05 -8.675525488e-05 -2.480997299e-03 -2.756718779e-04 -4.795690942e-02
353667.755000000 -1.538077570e-04 -6.512496412e-05 -8.806570030e-05 3.582360768e-04 -4.360924670e-04 -4.769431867e-02
353667.760000000 -1.414014633e-04 -6.883694434e-05 -8.799234810e-05 2.929978135e-03 -5.201306134e-04 -4.795107423e-02
353667.765000000 -1.055759362e-04 -9.460306747e-05 -9.109482150e-05 3.267222916e-03 -2.076053225e-04 -4.793590965e-02
353667.770000000 -7.836071030e-05 -1.167032731e-04 -9.771843586e-05 1.795698499e-03 8.281913658e-05 -4.774102001e-02
353667.775000000 -7.003665807e-05 -1.259274297e-04 -1.035650095e-04 -4.047634800e-04 7.397350420e-05 -4.801325923e-02
353667.780000000 -9.209373547e-05 -1.113203968e-04 -1.092492949e-04 -1.930318933e-03 -3.820785491e-04 -4.792142432e-02
353667.785000000 -1.303033733e-04 -8.270392729e-05 -1.115608212e-04 -1.265964620e-03 -1.109013251e-03 -4.757251399e-02
353667.790000000 -1.518093787e-04 -6.795305358e-05 -1.063262657e-04 9.205670768e-04 -1.329477265e-03 -4.790184494e-02
353667.795000000 -1.424555770e-04 -7.828503035e-05 -1.018013083e-04 2.901853120e-03 -8.184136019e-04 -4.811432954e-02
353667.800000000 -1.157857124e-04 -1.038346495e-04 -1.040596451e-04 3.271921400e-03 -4.270399339e-04 -4.828081321e-02
353667.805000000 -1.009898719e-04 -1.234710791e-04 -1.051158146e-04 1.688798557e-03 -5.974925056e-04 -4.913754402e-02
353667.810000000 -1.040558397e-04 -1.282787510e-04 -1.031010726e-04 -7.486315125e-04 -9.005695956e-04 -4.990462166e-02
353667.815000000 -1.272508063e-04 -1.119659464e-04 -9.900613385e-05 -1.861792709e-03 -1.219297536e-03 -4.983366690e-02
353667.820000000 -1.570764935e-04 -8.664024972e-05 -9.249613219e-05 -7.166566958e-04 -1.245215716e-03 -4.935960018e-02
353667.825000000 -1.681013845e-04 -7.307895493e-05 -8.674481985e-05 1.285075211e-03 -6.457091529e-04 -4.867780938e-02
353667.830000000 -1.597084469e-04 -7.028781044e-05 -8.153675663e-05 3.154289550e-03 1.707784343e-04 -4.768961933e-02
353667.835000000 -1.460266879e-04 -8.640139257e-05 -7.578278104e-05 3.519813367e-03 5.754667851e-04 -4.756706293e-02
353667.840000000 -1.431535838e-04 -1.138512385e-04 -7.150216985e-05 1.736673301e-03 4.930786389e-04 -4.851845269e-02
353667.845000000 -1.511388238e-04 -1.230522494e-04 -7.222917166e-05 -4.807217651e-04 1.168496656e-04 -4.947900029e-02
353667.850000000 -1.600591160e-04 -1.178239556e-04 -7.501849189e-05 -1.675732445e-03 -6.623051318e-04 -5.027483834e-02
353667.855000000 -1.700115639e-04 -1.119452655e-04 -7.598428061e-05 -1.179092559e-03 -1.114686765e-03 -5.028832084e-02
353667.860000000 -1.752685447e-04 -1.067515896e-04 -7.612293516e-05 5.924588179e-04 -4.862805120e-04 -4.887328517e-02
353667.865000000 -1.724684558e-04 -1.050296687e-04 -7.618242815e-05 2.378972067e-03 5.936537700e-04 -4.713309892e-02
353667.870000000 -1.652037866e-04 -1.104059752e-04 -7.787132805e-05 3.278277835e-03 1.489466656e-03 -4.639308588e-02
353667.875000000 -1.571054933e-04 -1.166921088e-04 -8.766700987e-05 2.000550703e-03 1.468705884e-03 -4.704233370e-02
353667.880000000 -1.510198444e-04 -1.148865233e-04 -9.739257619e-05 -2.368143984e-04 1.881726846e-04 -4.906335486e-02
353667.885000000 -1.495945188e-04 -1.041555102e-04 -1.002188013e-04 -1.214943819e-03 -1.355232739e-03 -5.161571985e-02
353667.890000000 -1.535792875e-04 -8.913928378e-05 -1.006581798e-04 -1.161781151e-03 -1.992046665e-03 -5.276010412e-02
353667.895000000 -1.536484898e-04 -8.039111657e-05 -9.909854248e-05 4.229336245e-04 -1.103169345e-03 -5.106702937e-02
353667.900000000 -1.471512491e-04 -8.945888832e-05 -9.981639383e-05 2.243621263e-03 4.185697598e-04 -4.838327934e-02
353667.905000000 -1.423545802e-04 -1.090095800e-04 -1.019103659e-04 2.253783577e-03 1.335655130e-03 -4.658917263e-02
353667.910000000 -1.376176284e-04 -1.212112130e-04 -1.042173871e-04 1.334223803e-03 1.313986093e-03 -4.559273954e-02
353667.915000000 -1.377343058e-04 -1.201879418e-04 -1.051039782e-04 2.453065771e-04 1.674454387e-04 -4.670750604e-02
353667.920000000 -1.495677763e-04 -1.132238003e-04 -1.016676468e-04 -6.756250478e-04 -7.441173432e-04 -4.881155228e-02
353667.925000000 -1.638403756e-04 -1.070945818e-04 -9.289350033e-05 -7.206542735e-04 -2.440193596e-04 -4.935323751e-02
353667.930000000 -1.717165239e-04 -1.070063184e-04 -8.223562476e-05 1.384339782e-04 7.611531619e-04 -4.904382927e-02
353667.935000000 -1.552204139e-04 -1.179712126e-04 -7.312591618e-05 8.259347331e-04 1.360865266e-03 -4.882388876e-02
353667.940000000 -1.245794378e-04 -1.366517879e-04 -6.826807278e-05 7.714947805e-04 9.301662017e-04 -4.864317942e-02
353667.945000000 -1.138883718e-04 -1.487535922e-04 -6.886738006e-05 4.257386351e-04 -4.389177083e-04 -4.894436138e-02
353667.950000000 -1.210628791e-04 -1.479213079e-04 -6.795394719e-05 -1.548782975e-04 -1.775611260e-03 -4.980686642e-02
353667.955000000 -1.390979080e-04 -1.356311684e-04 -6.025417497e-05 -9.040903722e-04 -1.723799063e-03 -4.938324112e-02
353667.960000000 -1.572393883e-04 -1.162463307e-04 -5.192004563e-05 -9.773796219e-04 -1.839210124e-04 -4.767008253e-02
353667.965000000 -1.591754823e-04 -1.055030849e-04 -4.604562241e-05 -5.196225753e-04 1.418281590e-03 -4.654109085e-02
353667.970000000 -1.485548034e-04 -1.032724613e-04 -3.904653132e-05 -3.597306035e-04 2.266610553e-03 -4.597981609e-02
353667.975000000 -1.404563376e-04 -1.083131705e-04 -3.626949740e-05 -1.379474189e-04 1.530725266e-03 -4.694630885e-02
353667.980000000 -1.419286209e-04 -1.216464395e-04 -3.587409696e-05 6.482539123e-05 -1.660353611e-04 -4.956664661e-02
353667.985000000 -1.470406781e-04 -1.306348652e-04 -3.558672460e-05 -2.352378450e-04 -1.002898014e-03 -5.119608507e-02
353667.990000000 -1.487405691e-04 -1.341625111e-04 -3.371629673e-05 -5.789574178e-04 -9.681626819e-04 -5.083382015e-02
353667.995000000 -1.433435214e-04 -1.384314100e-04 -3.270299977e-05 -4.094888023e-04 -6.372364100e-05 -4.921859658e-02
353668.000000000 -1.352928323e-04 -1.419139429e-04 -3.615484507e-05 -3.477287834e-04 1.336024883e-03 -4.695933634e-02
353668.005000000 -1.237054243e-04 -1.460591250e-04 -3.610302502e-05 -7.750068769e-04 1.741226105e-03 -4.529157728e-02
353668.010000000 -1.155915395e-04 -1.494067671e-04 -3.512263020e-05 -1.175681767e-03 7.793998890e-04 -4.564806074e-02
353668.015000000 -1.245403032e-04 -1.401086798e-04 -3.888313900e-05 -1.640904426e-03 -5.813959162e-04 -4.797764342e-02
353668.020000000 -1.391542466e-04 -1.228556688e-04 -4.291785168e-05 -1.720235989e-03 -1.069396600e-03 -4.992447056e-02
353668.025000000 -1.474569404e-04 -1.114145731e-04 -4.239291001e-05 -9.613345482e-04 -3.798138349e-04 -5.006181940e-02
353668.030000000 -1.476750357e-04 -1.051074262e-04 -3.991910395e-05 -2.419720180e-04 9.417862755e-04 -4.924356572e-02
353668.035000000 -1.327660242e-04 -1.062731243e-04 -3.553074681e-05 -1.389412180e-04 1.841693515e-03 -4.762672858e-02
353668.040000000 -1.077225231e-04 -1.178051140e-04 -2.994159961e-05 -3.638859436e-04 1.283194036e-03 -4.662762914e-02
353668.045000000 -9.124228437e-05 -1.315164200e-04 -2.600999933e-05 -9.264675130e-04 -3.637712238e-04 -4.752900228e-02
353668.050000000 -9.261498634e-05 -1.378094308e-04 -2.315840815e-05 -1.784183187e-03 -1.881675642e-03 -4.867884363e-02
353668.055000000 -1.128579227e-04 -1.322382973e-04 -2.234069002e-05 -1.837202387e-03 -2.149911453e-03 -4.861049544e-02
353668.060000000 -1.378737916e-04 -1.255306849e-04 -1.900571359e-05 -1.032827517e-03 -9.779360694e-04 -4.778934271e-02
353668.065000000 -1.530883958e-04 -1.271479059e-04 -8.409271514e-06 -4.158116912e-04 8.224715638e-04 -4.696553810e-02
353668.070000000 -1.618448942e-04 -1.321811293e-04 6.783598642e-06 -2.186947567e-04 2.353721480e-03 -4.621514808e-02
353668.075000000 -1.472441267e-04 -1.384749508e-04 1.943057698e-05 -7.802260678e-04 2.533531118e-03 -4.687718536e-02
353668.080000000 -1.101591996e-04 -1.435811615e-04 2.837904656e-05 -2.070054756e-03 1.172051032e-03 -4.872126632e-02
353668.085000000 -8.832101171e-05 -1.396517233e-04 3.273957096e-05 -2.924364561e-03 -5.353973044e-04 -4.970786675e-02
353668.090000000 -9.514861144e-05 -1.266550417e-04 3.330952118e-05 -2.584911881e-03 -1.408558562e-03 -4.963521197e-02
353668.095000000 -1.234049145e-04 -1.129097875e-04 3.812639898e-05 -1.594212514e-03 -7.102540991e-04 -4.788400515e-02
353668.100000000 -1.479515866e-04 -1.015337382e-04 4.925690529e-05 -5.982405443e-04 6.723846506e-04 -4.509306447e-02
353668.105000000 -1.496156930e-04 -9.408980386e-05 5.721249156e-05 1.390787350e-04 1.091389727e-03 -4.406363454e-02
353668.110000000 -1.398649801e-04 -9.712286705e-05 5.576195938e-05 1.755514985e-04 5.932680335e-04 -4.534855022e-02
353668.115000000 -1.272359471e-04 -1.099779704e-04 5.419389101e-05 -1.124105836e-03 -2.721472183e-04 -4.758338934e-02
353668.120000000 -1.188352879e-04 -1.189883734e-04 5.274246176e-05 -2.520772937e-03 -8.094444528e-04 -4.937653594e-02
353668.125000000 -1.237543199e-04 -1.178179775e-04 4.666332900e-05 -2.712413645e-03 -3.388653837e-04 -4.985508955e-02
353668.130000000 -1.379086299e-04 -1.129795362e-04 4.197855256e-05 -2.217745655e-03 8.902600790e-04 -4.861756494e-02
353668.135000000 -1.488593870e-04 -1.095314333e-04 4.432797148e-05 -8.793426779e-04 2.024484588e-03 -4.646964948e-02
353668.140000000 -1.433620198e-04 -1.065212716e-04 5.123226720e-05 4.503079801e-04 2.353185530e-03 -4.553709065e-02
353668.145000000 -1.216074508e-04 -1.066336017e-04 5.408288698e-05 3.807339965e-04 1.951642065e-03 -4.630929025e-02
353668.150000000 -9.493675271e-05 -1.104722651e-04 5.074463429e-05 -8.011553818e-04 1.014975541e-03 -4.760190101e-02
353668.155000000 -7.692024553e-05 -1.037126704e-04 4.685555000e-05 -2.643273349e-03 -1.068793365e-04 -4.867894752e-02
353668.160000000 -7.917431370e-05 -8.545791392e-05 4.534327142e-05 -3.876522541e-03 -5.363560842e-04 -4.853363379e-02
353668.165000000 -1.019584694e-04 -6.808156159e-05 4.489484586e-05 -3.038933537e-03 -1.575632731e-04 -4.704409393e-02
353668.170000000 -1.281015023e-04 -5.770841910e-05 4.633815867e-05 -9.941260954e-04 3.209145705e-04 -4.565524971e-02
353668.175000000 -1.384672416e-04 -6.482872581e-05 5.258334039e-05 7.293347096e-04 6.366353636e-04 -4.535233370e-02
353668.180000000 -1.289811389e-04 -8.365000705e-05 6.109079139e-05 1.322431584e-03 8.309841040e-04 -4.600954669e-02
353668.185000000 -1.058972658e-04 -1.024426104e-04 6.955180277e-05 4.408696044e-04 9.191662348e-04 -4.725889525e-02
353668.190000000 -8.224315176e-05 -1.185842912e-04 7.793746925e-05 -1.573288899e-03 1.036729735e-03 -4.853996258e-02
353668.195000000 -7.933440484e-05 -1.143193117e-04 8.411260083e-05 -3.330163749e-03 8.738863594e-04 -4.851138567e-02
353668.200000000 -1.060439729e-04 -9.387875632e-05 8.724244997e-05 -3.050113145e-03 2.799083395e-04 -4.759104783e-02
353668.205000000 -1.385268140e-04 -8.383169330e-05 9.135186413e-05 -1.299427386e-03 -2.697018123e-04 -4.733459774e-02
353668.210000000 -1.495341596e-04 -8.446437906e-05 1.000309743e-04 2.087171840e-04 -4.767043500e-04 -4.741893835e-02
353668.215000000 -1.313203886e-04 -8.470144950e-05 1.106157424e-04 1.026821038e-03 -3.825387552e-04 -4.766293470e-02
353668.220000000 -1.036375360e-04 -8.722329388e-05 1.146477150e-04 4.379456752e-04 5.176493501e-05 -4.819102509e-02
353668.225000000 -9.008220529e-05 -9.392831761e-05 1.131507826e-04 -1.843571662e-03 8.151141413e-04 -4.799325483e-02
353668.230000000 -8.970177102e-05 -9.360204307e-05 1.154186704e-04 -4.158356398e-03 1.059678956e-03 -4.707958916e-02
353668.235000000 -1.109373813e-04 -7.065899016e-05 1.168353091e-04 -3.918261107e-03 -1.206261602e-04 -4.729708316e-02
353668.240000000 -1.500175777e-04 -4.529195137e-05 1.129170790e-04 -1.382585035e-03 -1.478566161e-03 -4.804302504e-02
353668.245000000 -1.728723531e-04 -4.760401882e-05 1.093731758e-04 1.113372807e-03 -1.624643037e-03 -4.765440135e-02
353668.250000000 -1.635294564e-04 -6.331983769e-05 1.104224268e-04 2.725734093e-03 -1.051298848e-03 -4.725394688e-02
353668.255000000 -1.369603017e-04 -8.029435571e-05 1.102477211e-04 2.040306029e-03 1.979444516e-04 -4.718584563e-02
353668.260000000 -1.170449992e-04 -1.002640110e-04 1.048607252e-04 -7.066559560e-04 1.469367802e-03 -4.704523232e-02
353668.265000000 -1.100863396e-04 -1.085653812e-04 9.874036509e-05 -3.220932223e-03 1.360840996e-03 -4.757101514e-02
353668.270000000 -1.158108465e-04 -9.744492172e-05 9.473361502e-05 -4.603502472e-03 2.606340245e-04 -4.859551181e-02
353668.275000000 -1.400963843e-04 -6.804250518e-05 9.451695984e-05 -3.273893935e-03 -5.757101682e-04 -4.893818643e-02
353668.280000000 -1.678106036e-04 -3.946125812e-05 9.641085491e-05 3.580673587e-04 -3.720925303e-04 -4.865160020e-02
353668.285000000 -1.707481185e-04 -3.821073095e-05 9.742297412e-05 2.676675400e-03 8.431793085e-04 -4.815820587e-02
353668.290000000 -1.468965104e-04 -5.090142156e-05 9.934135914e-05 2.360392455e-03 2.312041412e-03 -4.724489961e-02
353668.295000000 -1.082477184e-04 -6.314672142e-05 1.038604491e-04 -7.978454755e-05 2.488472895e-03 -4.712201781e-02
353668.300000000 -7.669064828e-05 -7.393115343e-05 1.094028870e-04 -3.236686278e-03 8.342611872e-04 -4.849266839e-02
353668.305000000 -7.854419430e-05 -6.998179124e-05 1.146070406e-04 -4.796611276e-03 -1.129174097e-03 -4.963652799e-02
353668.310000000 -1.119891850e-04 -5.247839114e-05 1.195025453e-04 -3.884352449e-03 -2.133397818e-03 -4.962685304e-02
353668.315000000 -1.514665264e-04 -4.636146740e-05 1.247542964e-04 -7.854280452e-04 -1.230037744e-03 -4.854266097e-02
353668.320000000 -1.612606086e-04 -5.702609567e-05 1.320132782e-04 2.091271158e-03 9.527053483e-04 -4.664195901e-02
353668.325000000 -1.401560152e-04 -7.062532194e-05 1.403309981e-04 2.590068887e-03 2.229261753e-03 -4.524185997e-02
353668.330000000 -1.185788846e-04 -8.326096861e-05 1.454297691e-04 1.588794217e-03 2.096776773e-03 -4.566853908e-02
353668.335000000 -1.055742104e-04 -9.298118534e-05 1.483352736e-04 -1.072222406e-03 7.642565389e-04 -4.800962507e-02
353668.340000000 -1.029426746e-04 -8.959502520e-05 1.540609608e-04 -3.903040904e-03 -1.080402186e-03 -5.031860940e-02
353668.345000000 -1.155598077e-04 -6.947770648e-05 1.614773468e-04 -3.775500167e-03 -1.935748073e-03 -5.107592469e-02
353668.350000000 -1.409893565e-04 -4.807873321e-05 1.657253270e-04 -1.614518496e-03 -1.174963557e-03 -5.047603255e-02
353668.355000000 -1.529147093e-04 -4.541191761e-05 1.699161493e-04 6.152973190e-04 8.455054906e-04 -4.780828333e-02
353668.360000000 -1.321252469e-04 -5.590113593e-05 1.754869795e-04 1.922479934e-03 2.249737396e-03 -4.526342521e-02
353668.365000000 -1.036704700e-04 -6.377554404e-05 1.762250443e-04 1.305760585e-03 1.687373651e-03 -4.593093011e-02
353668.370000000 -8.743403988e-05 -7.199897701e-05 1.721890306e-04 -1.009738862e-03 -3.480511437e-05 -4.814789914e-02
353668.375000000 -9.240060960e-05 -7.664282124e-05 1.670258114e-04 -2.955488280e-03 -2.159811872e-03 -5.029115335e-02
353668.380000000 -1.259009526e-04 -6.510365420e-05 1.599003878e-04 -2.939704056e-03 -3.095569695e-03 -5.135503063e-02
353668.385000000 -1.652853877e-04 -4.636497291e-05 1.577395565e-04 -1.311711007e-03 -1.413916271e-03 -4.983285778e-02
353668.390000000 -1.827473932e-04 -4.209197316e-05 1.618965850e-04 8.507425395e-04 1.303686863e-03 -4.680004985e-02
353668.395000000 -1.549749240e-04 -5.600305714e-05 1.659742782e-04 1.958633460e-03 2.434839382e-03 -4.536072937e-02
353668.400000000 -1.023854767e-04 -7.586206786e-05 1.721856442e-04 1.142941371e-03 1.354316725e-03 -4.662599077e-02
353668.405000000 -7.839497449e-05 -9.179495760e-05 1.758982856e-04 -8.375317810e-04 -7.803480408e-04 -4.911190458e-02
353668.410000000 -8.644653043e-05 -9.911572222e-05 1.745836239e-04 -2.832521362e-03 -2.649409711e-03 -5.155175138e-02
353668.415000000 -1.198264450e-04 -8.234791910e-05 1.761747671e-04 -3.375382006e-03 -2.812603969e-03 -5.177439612e-02
353668.420000000 -1.642012905e-04 -5.118625055e-05 1.837939402e-04 -1.666063778e-03 -1.279145564e-03 -4.911684297e-02
353668.425000000 -1.822237642e-04 -4.099774822e-05 1.941768315e-04 1.046762116e-03 6.096278171e-05 -4.649864372e-02
353668.430000000 -1.726871276e-04 -5.202076178e-05 2.020262920e-04 2.849986267e-03 1.523553145e-04 -4.570908680e-02
353668.435000000 -1.546508167e-04 -7.506823438e-05 2.079681989e-04 2.310513967e-03 -7.536825376e-04 -4.680067604e-02
353668.440000000 -1.415381063e-04 -1.022558884e-04 2.155936694e-04 -8.890001727e-05 -1.757924810e-03 -4.913716560e-02
353668.445000000 -1.424737303e-04 -1.148850057e-04 2.208768117e-04 -2.606896120e-03 -1.828370354e-03 -5.104300547e-02
353668.450000000 -1.536902562e-04 -1.069962345e-04 2.233312563e-04 -4.273445997e-03 -9.832000464e-04 -5.094949242e-02
353668.455000000 -1.782069493e-04 -8.378325385e-05 2.284311539e-04 -2.960886641e-03 6.640741497e-05 -4.895274419e-02
353668.460000000 -2.074023533e-04 -6.864330434e-05 2.375702271e-04 5.923231344e-04 6.400857162e-04 -4.707753823e-02
353668.465000000 -2.154762125e-04 -7.695165880e-05 2.469501378e-04 2.568596550e-03 4.632612436e-04 -4.644516478e-02
353668.470000000 -1.929521342e-04 -9.629330623e-05 2.554291245e-04 2.145600852e-03 -5.101726469e-04 -4.747547482e-02
353668.475000000 -1.563985161e-04 -1.149361542e-04 2.638507049e-04 -8.445209126e-06 -1.555222749e-03 -4.972089390e-02
353668.480000000 -1.387498290e-04 -1.209402364e-04 2.658869991e-04 -2.865999726e-03 -1.697329760e-03 -5.060094912e-02
353668.485000000 -1.530624557e-04 -1.081979012e-04 2.598600145e-04 -4.586590312e-03 -1.413622019e-03 -4.944335819e-02
353668.490000000 -1.968922388e-04 -8.201917311e-05 2.557716986e-04 -3.342934909e-03 -6.849069053e-04 -4.760576922e-02
353668.495000000 -2.411813760e-04 -6.009584618e-05 2.582724512e-04 -1.019247475e-04 6.396182903e-04 -4.596732377e-02
353668.500000000 -2.470766991e-04 -6.068847522e-05 2.636235777e-04 2.399988429e-03 1.479200643e-03 -4.534693809e-02
353668.505000000 -2.201886187e-04 -7.774461684e-05 2.678637844e-04 3.169106970e-03 1.592075378e-03 -4.616879240e-02
353668.510000000 -1.760391271e-04 -1.024440332e-04 2.696217035e-04 1.105107605e-03 1.497456885e-03 -4.769740782e-02
353668.515000000 -1.370505427e-04 -1.218472176e-04 2.685847607e-04 -2.728918711e-03 1.062318438e-03 -4.869859230e-02
353668.520000000 -1.363855166e-04 -1.157042012e-04 2.672345266e-04 -4.758133216e-03 1.258463325e-04 -4.887922009e-02
353668.525000000 -1.731763220e-04 -9.076059596e-05 2.681003226e-04 -4.218342915e-03 -5.366336321e-04 -4.851793514e-02
353668.530000000 -2.125436955e-04 -7.129294509e-05 2.702945580e-04 -1.435171739e-03 -2.246395186e-04 -4.738434359e-02
353668.535000000 -2.176373508e-04 -7.133591453e-05 2.759457905e-04 1.978704954e-03 4.777692110e-04 -4.644495877e-02
353668.540000000 -1.894631475e-04 -8.403376646e-05 2.842156897e-04 2.863489749e-03 9.415893839e-04 -4.684180266e-02
353668.545000000 -1.578467457e-04 -9.759719337e-05 2.895319104e-04 1.124423543e-03 1.452870476e-03 -4.756314573e-02
353668.550000000 -1.413852155e-04 -1.074140217e-04 2.939094567e-04 -2.144449360e-03 1.653231494e-03 -4.815889833e-02
353668.555000000 -1.453145340e-04 -1.034363644e-04 3.006009657e-04 -5.100182013e-03 1.048151568e-03 -4.884776667e-02
353668.560000000 -1.635602866e-04 -7.997964553e-05 3.079297846e-04 -5.115519597e-03 3.069931690e-04 -4.873021890e-02
353668.565000000 -1.883160181e-04 -5.580296843e-05 3.137899078e-04 -2.331440350e-03 -2.244843182e-05 -4.771056430e-02
353668.570000000 -2.044892979e-04 -6.087917767e-05 3.207689639e-04 1.008860356e-03 3.972974627e-04 -4.680398389e-02
353668.575000000 -1.912377229e-04 -8.856218110e-05 3.324669656e-04 2.437713288e-03 1.455994950e-03 -4.626689488e-02
353668.580000000 -1.614747620e-04 -1.091661104e-04 3.433496228e-04 1.510607240e-03 2.165614879e-03 -4.612259806e-02
353668.585000000 -1.450578899e-04 -1.233697201e-04 3.487709952e-04 -7.392382412e-04 2.055416814e-03 -4.701623687e-02
353668.590000000 -1.469077820e-04 -1.290193159e-04 3.530587981e-04 -3.617261987e-03 1.082612801e-03 -4.844347710e-02
353668.595000000 -1.611277206e-04 -1.104758286e-04 3.578712812e-04 -4.739896716e-03 -4.674790042e-04 -4.917858961e-02
353668.600000000 -1.847583654e-04 -8.190763504e-05 3.609498246e-04 -2.479824097e-03 -1.388014944e-03 -4.941852139e-02
353668.605000000 -2.130582999e-04 -7.042346541e-05 3.633534140e-04 6.872155791e-04 -6.028777605e-04 -4.913372489e-02
353668.610000000 -2.202285340e-04 -8.500724268e-05 3.664634689e-04 1.890209142e-03 1.998623514e-03 -4.725467213e-02
353668.615000000 -1.858708875e-04 -1.078195937e-04 3.696994873e-04 7.339312022e-04 4.370345498e-03 -4.553396932e-02
353668.620000000 -1.410206306e-04 -1.222112715e-04 3.712052997e-04 -2.082866158e-03 4.202877141e-03 -4.642555781e-02
353668.625000000 -1.166573109e-04 -1.280517723e-04 3.684240379e-04 -5.249082453e-03 2.144870045e-03 -4.844439121e-02
353668.630000000 -1.297121490e-04 -1.095944436e-04 3.625934530e-04 -5.628308601e-03 -5.080734787e-04 -4.996666868e-02
353668.635000000 -1.795206634e-04 -7.364106004e-05 3.577987095e-04 -2.481677539e-03 -1.872318967e-03 -5.041140516e-02
353668.640000000 -2.223287106e-04 -6.037895157e-05 3.577385079e-04 9.223834494e-04 -3.386299729e-04 -4.871860982e-02
353668.645000000 -2.270618271e-04 -7.565743316e-05 3.637339851e-04 2.796927572e-03 2.407344184e-03 -4.583732556e-02
353668.650000000 -1.873584524e-04 -1.042061940e-04 3.695786738e-04 1.957127436e-03 3.774742493e-03 -4.486526649e-02
353668.655000000 -1.283220153e-04 -1.344571530e-04 3.729571192e-04 -1.752897544e-03 2.818488627e-03 -4.660841257e-02
353668.660000000 -9.919797916e-05 -1.500634976e-04 3.774178647e-04 -5.380152162e-03 5.460266809e-04 -4.890521049e-02
353668.665000000 -1.125318839e-04 -1.428130493e-04 3.797167499e-04 -6.986027606e-03 -1.390205276e-03 -5.060970824e-02
353668.670000000 -1.567140810e-04 -1.109949580e-04 3.803159781e-04 -5.546689768e-03 -8.658200643e-04 -5.003588476e-02
353668.675000000 -1.976981780e-04 -7.931191413e-05 3.849934810e-04 -1.683087809e-03 2.098928390e-03 -4.664206693e-02
353668.680000000 -1.959706074e-04 -7.902659156e-05 3.915382431e-04 1.241485755e-03 4.328606844e-03 -4.394938460e-02
353668.685000000 -1.632652380e-04 -9.806708820e-05 3.987330130e-04 1.505419016e-03 4.679089408e-03 -4.396841199e-02
353668.690000000 -1.353470590e-04 -1.211935339e-04 4.087214112e-04 -8.641625766e-04 3.320174764e-03 -4.651450464e-02
353668.695000000 -1.246918593e-04 -1.416558141e-04 4.171188595e-04 -4.482897798e-03 8.709719362e-04 -5.032108597e-02
353668.700000000 -1.262580709e-04 -1.406647101e-04 4.210021384e-04 -6.747200925e-03 -5.461717155e-04 -5.253326774e-02
353668.705000000 -1.321670561e-04 -1.149967361e-04 4.215174360e-04 -6.511554686e-03 -2.258011355e-04 -5.175665342e-02
353668.710000000 -1.450305644e-04 -9.047852174e-05 4.222198716e-04 -3.384908708e-03 1.241160064e-03 -4.826386010e-02
353668.715000000 -1.636211225e-04 -9.150297633e-05 4.291566928e-04 4.351586729e-04 2.917352872e-03 -4.433283257e-02
353668.720000000 -1.692603541e-04 -1.086853581e-04 4.389233252e-04 1.246420529e-03 3.730054537e-03 -4.282951426e-02
353668.725000000 -1.566473358e-04 -1.226069896e-04 4.458807743e-04 -2.818153562e-04 3.585922186e-03 -4.406231708e-02
353668.730000000 -1.266274344e-04 -1.352784130e-04 4.473214551e-04 -3.262211897e-03 2.728709156e-03 -4.770842116e-02
353668.735000000 -9.350236662e-05 -1.422380936e-04 4.447639701e-04 -6.919675901e-03 1.950868594e-03 -5.109777461e-02
353668.740000000 -8.392047800e-05 -1.254479614e-04 4.429686510e-04 -7.800568093e-03 1.974763322e-03 -5.081969738e-02
353668.745000000 -9.549896006e-05 -9.394577689e-05 4.379226864e-04 -5.387760996e-03 2.162920032e-03 -4.849054983e-02
353668.750000000 -1.145323457e-04 -8.053151878e-05 4.337360260e-04 -1.839920023e-03 2.166819153e-03 -4.595600212e-02
353668.755000000 -1.286366821e-04 -9.311817363e-05 4.355368672e-04 7.814513064e-04 2.006625897e-03 -4.399968748e-02
353668.760000000 -1.239506038e-04 -1.060380507e-04 4.358128197e-04 1.139487515e-03 1.417264997e-03 -4.477482048e-02
353668.765000000 -9.966067031e-05 -1.108650144e-04 4.332284936e-04 -7.498933718e-04 6.689033471e-04 -4.764907090e-02
353668.770000000 -7.594866705e-05 -1.117578073e-04 4.264228294e-04 -4.296935915e-03 3.484740383e-05 -4.955497066e-02
353668.775000000 -7.948102256e-05 -9.714014392e-05 4.180909353e-04 -6.756580292e-03 -2.769268257e-04 -4.944935560e-02
353668.780000000 -1.081763257e-04 -7.121809533e-05 4.175481067e-04 -5.600561617e-03 1.963904988e-04 -4.838003642e-02
353668.785000000 -1.389991441e-04 -5.610688251e-05 4.211475174e-04 -2.322095624e-03 1.350092569e-03 -4.679391314e-02
353668.790000000 -1.475795281e-04 -7.118363410e-05 4.269900198e-04 6.438814697e-04 2.437918932e-03 -4.564432303e-02
353668.795000000 -1.211982297e-04 -1.035339499e-04 4.358542345e-04 1.496114221e-03 2.901040258e-03 -4.634721756e-02
353668.800000000 -7.821297685e-05 -1.221565425e-04 4.388390891e-04 -7.650693570e-04 2.748667950e-03 -4.782386993e-02
353668.805000000 -4.627512400e-05 -1.307820271e-04 4.376888728e-04 -4.564018713e-03 2.212971124e-03 -4.861726665e-02
353668.810000000 -5.352085626e-05 -1.213401346e-04 4.387816131e-04 -7.213443168e-03 1.523518101e-03 -4.877890714e-02
353668.815000000 -9.980689876e-05 -8.100198592e-05 4.390323629e-04 -6.819377049e-03 1.246272789e-03 -4.815718323e-02
353668.820000000 -1.389825438e-04 -4.620797274e-05 4.381152543e-04 -3.457234243e-03 1.505147104e-03 -4.689076109e-02
353668.825000000 -1.441857811e-04 -4.506008719e-05 4.407744620e-04 5.140731015e-04 1.551686505e-03 -4.622866764e-02
353668.830000000 -1.156627311e-04 -6.540323963e-05 4.506240973e-04 2.151003224e-03 1.830678158e-03 -4.665841039e-02
353668.835000000 -6.723079132e-05 -8.788325876e-05 4.604388880e-04 5.340092040e-04 2.645422054e-03 -4.747462249e-02
353668.840000000 -3.089907812e-05 -1.082597070e-04 4.622481335e-04 -2.664379291e-03 2.673982859e-03 -4.843670451e-02
353668.845000000 -2.260543630e-05 -1.227300635e-04 4.613266112e-04 -6.093943653e-03 1.650860989e-03 -4.931871776e-02
353668.850000000 -4.686485633e-05 -1.074709289e-04 4.582932162e-04 -6.879831476e-03 1.144875931e-04 -4.917774839e-02
353668.855000000 -9.563259244e-05 -6.887456636e-05 4.519706116e-04 -3.006664704e-03 -1.192488573e-03 -4.840070004e-02
353668.860000000 -1.332057499e-04 -5.778234371e-05 4.477630714e-04 1.573618485e-03 -1.099384665e-03 -4.797554645e-02
353668.865000000 -1.380593334e-04 -8.317855445e-05 4.458714946e-04 3.342135409e-03 3.769292915e-04 -4.728348858e-02
353668.870000000 -1.049428447e-04 -1.091592684e-04 4.426361185e-04 1.780325663e-03 1.906560209e-03 -4.705634264e-02
353668.875000000 -5.278342706e-05 -1.226293296e-04 4.388396428e-04 -2.463752513e-03 2.204177111e-03 -4.857436682e-02
353668.880000000 -3.316673628e-05 -1.290394479e-04 4.349479101e-04 -7.024752921e-03 1.179315045e-03 -5.007211715e-02
353668.885000000 -5.583544853e-05 -1.168700184e-04 4.267448324e-04 -9.149361942e-03 -1.565901617e-04 -5.020800916e-02
353668.890000000 -9.003555740e-05 -7.687603736e-05 4.189486630e-04 -6.530030240e-03 -7.284394665e-04 -4.976276500e-02
353668.895000000 -1.071225689e-04 -4.113574657e-05 4.152822592e-04 -8.938345533e-04 -2.202807075e-04 -4.861079795e-02
353668.900000000 -9.661712829e-05 -4.451989202e-05 4.126909888e-04 2.725220874e-03 6.866367413e-04 -4.649571818e-02
353668.905000000 -8.003186407e-05 -6.682678653e-05 4.132449705e-04 3.263181343e-03 1.345172274e-03 -4.522985875e-02
353668.910000000 -6.499487084e-05 -8.878635351e-05 4.191040970e-04 7.300295503e-04 1.459657470e-03 -4.636419734e-02
353668.915000000 -4.319737364e-05 -1.133283411e-04 4.277448663e-04 -4.180058839e-03 3.153453827e-04 -4.880220523e-02
353668.920000000 -3.337106253e-05 -1.175941377e-04 4.293619655e-04 -7.079016488e-03 -2.091808680e-03 -5.095397929e-02
353668.925000000 -5.474166183e-05 -9.328593474e-05 4.233771950e-04 -6.433260663e-03 -4.131552145e-03 -5.215146380e-02
353668.930000000 -1.001981512e-04 -7.135923254e-05 4.226963053e-04 -2.827969127e-03 -3.682349906e-03 -5.050821246e-02
353668.935000000 -1.403512639e-04 -7.943021265e-05 4.296542790e-04 1.735446572e-03 -9.883512749e-04 -4.651016913e-02
353668.940000000 -1.458225342e-04 -1.046086850e-04 4.383951247e-04 3.123117400e-03 1.491715218e-03 -4.438187253e-02
353668.945000000 -1.205119920e-04 -1.213658266e-04 4.442338743e-04 1.031037598e-03 2.560027647e-03 -4.479166151e-02
353668.950000000 -8.442794767e-05 -1.310314775e-04 4.483440818e-04 -2.916670034e-03 9.639621820e-04 -4.731856316e-02
353668.955000000 -6.759136188e-05 -1.296475135e-04 4.535739287e-04 -6.973687138e-03 -2.719634930e-03 -5.134138041e-02
353668.960000000 -9.772044585e-05 -1.017478912e-04 4.543358405e-04 -7.868944157e-03 -4.458934729e-03 -5.300503468e-02
353668.965000000 -1.532321822e-04 -6.173384879e-05 4.506517329e-04 -4.911357204e-03 -3.179637068e-03 -5.131180377e-02
353668.970000000 -1.776101186e-04 -4.779295983e-05 4.527138945e-04 -4.235819318e-04 -7.521629864e-04 -4.797076096e-02
353668.975000000 -1.514329481e-04 -6.768623827e-05 4.612086259e-04 2.483989220e-03 1.101149724e-03 -4.485347422e-02
353668.980000000 -1.157413954e-04 -9.230766726e-05 4.660210942e-04 2.012482118e-03 1.042915756e-03 -4.424778572e-02
353668.985000000 -1.014930292e-04 -1.093223624e-04 4.664841841e-04 -4.388771475e-04 -6.347328608e-04 -4.645511193e-02
353668.990000000 -1.111703632e-04 -1.193034335e-04 4.643003642e-04 -3.830754432e-03 -2.481940031e-03 -4.957667563e-02
353668.995000000 -1.404090886e-04 -1.077765420e-04 4.587238560e-04 -6.266489646e-03 -3.118714523e-03 -5.090517383e-02
353669.000000000 -1.694097695e-04 -7.803706001e-05 4.551147090e-04 -4.613707024e-03 -2.313437811e-03 -4.972071418e-02
353669.005000000 -1.847894838e-04 -6.268387153e-05 4.559512645e-04 -6.298648411e-04 -1.000509068e-03 -4.768478989e-02
353669.010000000 -1.898578323e-04 -8.032346297e-05 4.591509612e-04 1.957198221e-03 8.340911611e-05 -4.594016698e-02
353669.015000000 -1.880524991e-04 -1.122779926e-04 4.627503800e-04 1.880808537e-03 5.464641216e-04 -4.589742609e-02
353669.020000000 -1.723116851e-04 -1.336501593e-04 4.647597795e-04 -6.679660403e-04 3.913997713e-04 -4.837838615e-02
353669.025000000 -1.393500296e-04 -1.412296293e-04 4.648817357e-04 -4.616193822e-03 -9.721327532e-05 -5.101541551e-02
353669.030000000 -1.209391813e-04 -1.200383407e-04 4.629683164e-04 -7.037132542e-03 -6.829439127e-04 -5.135350229e-02
353669.035000000 -1.459600304e-04 -6.913286994e-05 4.588647477e-04 -5.592259531e-03 -6.046418675e-04 -4.959272196e-02
353669.040000000 -1.832708928e-04 -3.748932080e-05 4.603014801e-04 -1.962692290e-03 4.285185531e-04 -4.716107830e-02
353669.045000000 -1.973997926e-04 -4.452859149e-05 4.685291851e-04 1.408143018e-03 1.218404827e-03 -4.517544313e-02
353669.050000000 -1.845059863e-04 -7.139851462e-05 4.760365894e-04 2.772606486e-03 8.865381127e-04 -4.561508978e-02
353669.055000000 -1.571184650e-04 -1.051901825e-04 4.810536191e-04 9.131338547e-04 2.128129715e-04 -4.868648400e-02
353669.060000000 -1.335222473e-04 -1.342261121e-04 4.845014617e-04 -2.837581070e-03 1.456045688e-04 -5.089775591e-02
353669.065000000 -1.195056325e-04 -1.455707549e-04 4.874573262e-04 -5.991458064e-03 4.527142520e-04 -5.111064571e-02
353669.070000000 -1.314040619e-04 -1.260104035e-04 4.919944278e-04 -6.200309389e-03 8.806405997e-04 -4.967089861e-02
353669.075000000 -1.703141367e-04 -9.513479401e-05 5.028079814e-04 -2.891289606e-03 1.470070136e-03 -4.677024418e-02
353669.080000000 -1.947640790e-04 -9.095210286e-05 5.162872421e-04 8.092378541e-04 1.475264916e-03 -4.470669722e-02
353669.085000000 -1.873225377e-04 -1.089169658e-04 5.238075722e-04 2.358869569e-03 8.488660204e-04 -4.480751005e-02
353669.090000000 -1.598573792e-04 -1.270881021e-04 5.257176353e-04 1.122324789e-03 5.902532017e-04 -4.678791608e-02
353669.095000000 -1.235286992e-04 -1.398620731e-04 5.235871684e-04 -2.306686782e-03 5.972031133e-04 -4.969495908e-02
353669.100000000 -1.044493520e-04 -1.454292205e-04 5.183746976e-04 -5.464047175e-03 2.573066840e-04 -5.164908527e-02
353669.105000000 -1.167310411e-04 -1.326841008e-04 5.139175472e-04 -6.977442820e-03 -8.953263498e-05 -5.147852276e-02
353669.110000000 -1.536235971e-04 -1.008315756e-04 5.092272426e-04 -5.195945384e-03 3.542866837e-04 -4.945138480e-02
353669.115000000 -1.889073163e-04 -7.883396987e-05 5.057441459e-04 -5.573703207e-04 1.516564656e-03 -4.707500962e-02
353669.120000000 -1.859626753e-04 -8.412451936e-05 5.070858118e-04 2.312544679e-03 2.555477810e-03 -4.580259333e-02
353669.125000000 -1.539219189e-04 -1.019786099e-04 5.078051398e-04 2.271831355e-03 3.157879847e-03 -4.563606710e-02
353669.130000000 -1.201375644e-04 -1.199207067e-04 5.043940604e-04 1.879759664e-05 3.123208704e-03 -4.693364347e-02
353669.135000000 -9.976478973e-05 -1.322868808e-04 5.005653148e-04 -4.223165174e-03 2.339233959e-03 -4.909333192e-02
353669.140000000 -1.087079691e-04 -1.284581294e-04 4.978227546e-04 -6.962188457e-03 1.181060520e-03 -4.972352242e-02
353669.145000000 -1.357688405e-04 -1.085192231e-04 4.946503852e-04 -6.089036241e-03 2.977170610e-05 -4.925559410e-02
353669.150000000 -1.533588062e-04 -9.181187920e-05 4.915509437e-04 -2.876887519e-03 -5.428844008e-04 -4.841317397e-02
353669.155000000 -1.502990569e-04 -9.940911589e-05 4.891070071e-04 4.675373514e-04 -3.271312341e-04 -4.653895693e-02
353669.160000000 -1.377613636e-04 -1.172136702e-04 4.892786110e-04 1.609294244e-03 3.447254517e-04 -4.533484075e-02
353669.165000000 -1.316563391e-04 -1.229792823e-04 4.909271399e-04 -4.694322164e-04 1.690231034e-03 -4.584380183e-02
353669.170000000 -1.293630594e-04 -1.217686793e-04 4.908792358e-04 -4.608877619e-03 2.848387297e-03 -4.697286997e-02
353669.175000000 -1.242559413e-04 -1.119865515e-04 4.917385483e-04 -7.252627205e-03 2.017694304e-03 -4.819999535e-02
353669.180000000 -1.275867023e-04 -8.884734174e-05 4.902440108e-04 -6.969095343e-03 1.151972735e-05 -4.929006473e-02
353669.185000000 -1.483511621e-04 -6.588733728e-05 4.889222743e-04 -4.106562433e-03 -9.738264794e-04 -4.895380719e-02
353669.190000000 -1.718666041e-04 -6.408257773e-05 4.965746832e-04 2.635323608e-04 -1.031299915e-04 -4.692591687e-02
353669.195000000 -1.746347055e-04 -8.562664462e-05 5.043952912e-04 2.168227447e-03 1.682002913e-03 -4.535099905e-02
353669.200000000 -1.516417376e-04 -1.073202497e-04 5.087791532e-04 7.520598811e-04 2.985206278e-03 -4.502392045e-02
353669.205000000 -1.225460441e-04 -1.175705010e-04 5.108789585e-04 -2.330395751e-03 2.240300604e-03 -4.605628016e-02
353669.210000000 -1.195634508e-04 -1.187532120e-04 5.070974255e-04 -5.859330321e-03 -5.686733577e-04 -4.844848242e-02
353669.215000000 -1.526855861e-04 -1.002288737e-04 5.036139770e-04 -7.254011035e-03 -2.154894336e-03 -4.971667631e-02
353669.220000000 -1.978663841e-04 -6.903422832e-05 5.016846449e-04 -5.467357678e-03 -1.198341893e-03 -4.891627543e-02
353669.225000000 -2.142255211e-04 -5.494543888e-05 5.009231801e-04 -2.028541908e-03 1.086812935e-03 -4.719123554e-02
353669.230000000 -1.854823236e-04 -6.741902396e-05 5.050057784e-04 4.470969131e-04 3.498055274e-03 -4.536612099e-02
353669.235000000 -1.455304342e-04 -8.465851884e-05 5.084511679e-04 1.453948872e-04 4.318493465e-03 -4.478857570e-02
353669.240000000 -1.191122911e-04 -9.132714010e-05 5.074438440e-04 -1.926049688e-03 3.150029018e-03 -4.618802368e-02
353669.245000000 -1.118344324e-04 -8.835110708e-05 5.024247163e-04 -4.610551643e-03 9.783506621e-04 -4.852134114e-02
353669.250000000 -1.248042217e-04 -6.821009205e-05 4.927667290e-04 -6.532152806e-03 -9.747342667e-04 -4.960549714e-02
353669.255000000 -1.397326632e-04 -3.426286598e-05 4.834089429e-04 -5.070957664e-03 -1.626209952e-03 -4.871967097e-02
353669.260000000 -1.515964675e-04 -1.129966825e-05 4.785677523e-04 -1.542712749e-03 -1.052270906e-03 -4.695364406e-02
353669.265000000 -1.696066009e-04 -1.936749375e-05 4.784285775e-04 8.615620978e-04 5.553570209e-04 -4.489532078e-02
353669.270000000 -1.779368902e-04 -4.984668098e-05 4.820245568e-04 1.227319572e-03 2.606230878e-03 -4.415173520e-02
353669.275000000 -1.560813061e-04 -7.343715482e-05 4.830928466e-04 -5.507487155e-04 3.189804819e-03 -4.652762318e-02
353669.280000000 -1.158805182e-04 -8.695136445e-05 4.818256192e-04 -3.880807546e-03 2.210142296e-03 -4.988523712e-02
353669.285000000 -9.148810652e-05 -8.577508898e-05 4.817180575e-04 -6.389232774e-03 9.252961603e-04 -5.132442795e-02
353669.290000000 -1.039479745e-04 -5.215814329e-05 4.818576533e-04 -5.582640702e-03 2.391687019e-04 -5.047843377e-02
353669.295000000 -1.355577019e-04 -1.699353346e-05 4.857649499e-04 -2.432468647e-03 8.741280190e-04 -4.789982223e-02
353669.300000000 -1.572498268e-04 -1.073959770e-05 4.925240872e-04 9.601782226e-04 1.914482599e-03 -4.493461899e-02
353669.305000000 -1.489019816e-04 -2.648853290e-05 4.982779958e-04 2.666242016e-03 1.747800082e-03 -4.423834509e-02
353669.310000000 -1.094713868e-04 -4.604547864e-05 5.040627371e-04 1.012868690e-03 3.038627810e-04 -4.663276916e-02
353669.315000000 -8.031716405e-05 -5.903187956e-05 5.074956843e-04 -2.430095319e-03 -1.200077484e-03 -4.914956315e-02
353669.320000000 -8.469498494e-05 -6.325000554e-05 5.076340355e-04 -5.259561511e-03 -2.022569136e-03 -5.051084788e-02
353669.325000000 -1.135260487e-04 -4.342215923e-05 5.071307760e-04 -5.538015073e-03 -1.515556738e-03 -5.029321474e-02
353669.330000000 -1.568858301e-04 -8.262395831e-06 5.094576856e-04 -1.893906024e-03 2.866634933e-04 -4.770772344e-02
353669.335000000 -1.876812266e-04 -1.549582733e-06 5.184097956e-04 2.882271944e-03 1.436881119e-03 -4.554808237e-02
353669.340000000 -1.907011971e-04 -2.588101773e-05 5.265414014e-04 5.264098202e-03 1.279788895e-03 -4.557939531e-02
353669.345000000 -1.632892477e-04 -5.439260578e-05 5.299623013e-04 4.114227008e-03 8.033020052e-04 -4.693537741e-02
353669.350000000 -1.132351198e-04 -7.920571673e-05 5.321404562e-04 -2.037202384e-04 7.808066909e-05 -4.912514637e-02
353669.355000000 -8.329012144e-05 -9.121893839e-05 5.324031180e-04 -4.825328666e-03 -6.437374403e-04 -5.083249036e-02
353669.360000000 -8.834532898e-05 -8.063697063e-05 5.331743658e-04 -7.400856794e-03 -1.017281801e-03 -5.053439006e-02
353669.365000000 -1.232172027e-04 -4.420668790e-05 5.327254197e-04 -5.586714061e-03 -1.118203008e-03 -4.868148232e-02
353669.370000000 -1.852911706e-04 -6.351342332e-06 5.291249804e-04 6.316536409e-04 -6.997729317e-04 -4.705541216e-02
353669.375000000 -2.220937407e-04 -5.621179083e-06 5.276152188e-04 5.103340040e-03 2.773557283e-04 -4.643066081e-02
353669.380000000 -2.089114283e-04 -2.712318418e-05 5.282147991e-04 5.472526306e-03 1.512407189e-03 -4.656991275e-02
353669.385000000 -1.607467142e-04 -4.674597716e-05 5.276017160e-04 2.937226466e-03 2.204224078e-03 -4.796679547e-02
353669.390000000 -9.793699412e-05 -6.611672683e-05 5.263798540e-04 -2.153587298e-03 1.854789211e-03 -5.017256489e-02
353669.395000000 -7.837812471e-05 -6.797575523e-05 5.263819751e-04 -5.690332524e-03 8.576122969e-04 -5.073944647e-02
353669.400000000 -1.122447156e-04 -4.599350807e-05 5.247795537e-04 -4.888315173e-03 -1.578113156e-04 -4.991561944e-02
353669.405000000 -1.563754950e-04 -2.719034816e-05 5.237818062e-04 -8.386046187e-04 -3.737459443e-04 -4.876437788e-02
353669.410000000 -1.778968288e-04 -3.062321582e-05 5.266083937e-04 4.132881686e-03 4.339929601e-04 -4.677061189e-02
353669.415000000 -1.623230041e-04 -4.917283548e-05 5.318433106e-04 6.299658055e-03 1.282044767e-03 -4.583049652e-02
353669.420000000 -1.241211491e-04 -7.091556220e-05 5.403571895e-04 4.681986330e-03 1.608186378e-03 -4.687312898e-02
353669.425000000 -9.247653963e-05 -9.021501526e-05 5.467381532e-04 5.668684039e-04 1.394108930e-03 -4.849159410e-02
353669.430000000 -9.238169281e-05 -9.946766832e-05 5.496733063e-04 -4.298796902e-03 2.069550257e-04 -5.001464352e-02
353669.435000000 -1.191839709e-04 -8.233778593e-05 5.518995937e-04 -5.750480130e-03 -1.186492826e-03 -5.098860206e-02
353669.440000000 -1.545415597e-04 -4.787326780e-05 5.546660398e-04 -3.003011453e-03 -1.587264844e-03 -5.094264767e-02
353669.445000000 -1.802097471e-04 -3.378707420e-05 5.596399196e-04 1.536745991e-03 -4.735971680e-04 -4.933331895e-02
353669.450000000 -1.790864052e-04 -5.608694248e-05 5.656150713e-04 5.333208360e-03 2.062842594e-03 -4.688213255e-02
353669.455000000 -1.506399374e-04 -8.428631802e-05 5.727010865e-04 5.266198997e-03 4.252441646e-03 -4.558063618e-02
353669.460000000 -1.077724148e-04 -9.694022841e-05 5.809259392e-04 2.284559402e-03 4.604270950e-03 -4.598749014e-02
353669.465000000 -8.126488195e-05 -1.037984344e-04 5.849749410e-04 -1.481123091e-03 2.604311612e-03 -4.803542056e-02
353669.470000000 -9.562634764e-05 -9.582748004e-05 5.800967029e-04 -4.441262413e-03 -9.271277814e-04 -5.087381864e-02
353669.475000000 -1.355641172e-04 -6.629473504e-05 5.743868846e-04 -3.424473114e-03 -2.829597469e-03 -5.160144794e-02
353669.480000000 -1.746713405e-04 -4.104304588e-05 5.737581839e-04 1.040476151e-03 -1.936952376e-03 -4.995970378e-02
353669.485000000 -1.913003572e-04 -5.150730905e-05 5.741134640e-04 4.913428425e-03 7.914917464e-04 -4.741537155e-02
353669.490000000 -1.683744896e-04 -9.183300196e-05 5.762474346e-04 5.434283515e-03 4.093413701e-03 -4.497926283e-02
353669.495000000 -1.204663645e-04 -1.222110969e-04 5.786663033e-04 3.030889060e-03 4.701275435e-03 -4.535555188e-02
353669.500000000 -7.872786075e-05 -1.295854724e-04 5.777672267e-04 -5.206681282e-04 2.270688336e-03 -4.860938054e-02
353669.505000000 -7.525549935e-05 -1.178179373e-04 5.707812634e-04 -3.544270693e-03 -4.561175762e-04 -5.135150568e-02
353669.510000000 -1.196298200e-04 -8.133036634e-05 5.594981607e-04 -3.418677415e-03 -1.724206022e-03 -5.138887374e-02
353669.515000000 -1.670973524e-04 -4.542979342e-05 5.591897680e-04 -1.513645957e-05 -5.052603710e-04 -4.938288302e-02
353669.520000000 -1.829583165e-04 -3.975004220e-05 5.667490720e-04 3.759325449e-03 2.020762261e-03 -4.652127970e-02
353669.525000000 -1.640175988e-04 -6.401708430e-05 5.700639790e-04 5.585193665e-03 3.504103858e-03 -4.465248116e-02
353669.530000000 -1.159785970e-04 -1.007653443e-04 5.726998245e-04 4.144087980e-03 2.744898090e-03 -4.607421155e-02
353669.535000000 -7.855869454e-05 -1.266912854e-04 5.713963903e-04 3.409876092e-04 7.867302422e-04 -4.898276711e-02
353669.540000000 -7.195629827e-05 -1.331460295e-04 5.672311331e-04 -3.514797552e-03 -1.071715393e-03 -5.088435420e-02
353669.545000000 -9.326751940e-05 -1.137749754e-04 5.660003696e-04 -4.832364910e-03 -1.914390363e-03 -5.118946449e-02
353669.550000000 -1.440404131e-04 -7.249821114e-05 5.695275726e-04 -1.802577322e-03 -4.720564475e-04 -4.900372799e-02
353669.555000000 -1.830970742e-04 -5.435409713e-05 5.761103619e-04 2.773750816e-03 2.055130727e-03 -4.558813550e-02
353669.560000000 -1.872639276e-04 -7.339199061e-05 5.810410897e-04 5.650396978e-03 3.755481060e-03 -4.362294665e-02
353669.565000000 -1.577074316e-04 -1.008048296e-04 5.873050782e-04 5.259272931e-03 4.059389751e-03 -4.457006804e-02
353669.570000000 -9.890327146e-05 -1.209078933e-04 5.974113090e-04 1.161808979e-03 2.574513279e-03 -4.808879137e-02
353669.575000000 -6.476092973e-05 -1.255866565e-04 6.025430843e-04 -3.215247841e-03 5.073728369e-04 -5.117843273e-02
353669.580000000 -6.989203323e-05 -1.100641354e-04 6.030553349e-04 -5.500077965e-03 -6.313486381e-04 -5.205102491e-02
353669.585000000 -9.536423237e-05 -7.660371746e-05 6.038420046e-04 -4.328143845e-03 -5.294118964e-04 -5.027456969e-02
353669.590000000 -1.403619558e-04 -4.554461263e-05 6.030531901e-04 1.090441659e-03 5.079817709e-04 -4.640779400e-02
353669.595000000 -1.686709292e-04 -4.608937740e-05 6.059897471e-04 5.625526127e-03 1.351059445e-03 -4.415223605e-02
353669.600000000 -1.632158236e-04 -6.962817952e-05 6.146544718e-04 6.125137454e-03 1.769968700e-03 -4.449849227e-02
353669.605000000 -1.336595204e-04 -9.463478317e-05 6.185744246e-04 3.563659434e-03 1.626443252e-03 -4.654613616e-02
353669.610000000 -9.186000813e-05 -1.165469188e-04 6.128422186e-04 -1.624804969e-03 5.440338644e-04 -4.994108982e-02
353669.615000000 -7.862081798e-05 -1.139207501e-04 6.075588313e-04 -5.868156485e-03 -2.460097880e-04 -5.145162275e-02
353669.620000000 -1.018428654e-04 -8.227530878e-05 6.066928879e-04 -6.125171939e-03 -3.736133910e-04 -5.009735989e-02
353669.625000000 -1.418783653e-04 -4.721426322e-05 6.048352568e-04 -2.366491457e-03 -1.642101440e-04 -4.812013665e-02
353669.630000000 -1.788259960e-04 -3.814267101e-05 6.029477764e-04 3.387016798e-03 7.675332063e-04 -4.612175665e-02
353669.635000000 -1.748836510e-04 -5.675880572e-05 6.044140496e-04 6.146413360e-03 1.533098364e-03 -4.518481036e-02
353669.640000000 -1.299638523e-04 -7.403794082e-05 6.065318654e-04 4.891162993e-03 1.165901814e-03 -4.632703184e-02
353669.645000000 -8.861449239e-05 -8.021254675e-05 6.038276679e-04 1.090106745e-03 3.325629837e-05 -4.852525729e-02
353669.650000000 -8.658421818e-05 -7.926449000e-05 5.976514668e-04 -4.153932426e-03 -8.454313669e-04 -4.966176897e-02
353669.655000000 -1.227139268e-04 -5.950075211e-05 5.963509287e-04 -5.860726833e-03 -8.381730993e-04 -4.914333430e-02
353669.660000000 -1.676292574e-04 -2.864463536e-05 5.982233228e-04 -2.859042146e-03 -1.332883720e-04 -4.840794767e-02
353669.665000000 -1.941821172e-04 -1.712527842e-05 6.015302672e-04 1.741357633e-03 1.046658363e-03 -4.748059388e-02
353669.670000000 -1.853076584e-04 -4.086413748e-05 6.084321367e-04 5.654038934e-03 2.172156943e-03 -4.652116035e-02
353669.675000000 -1.427206947e-04 -7.314092974e-05 6.172408165e-04 5.748917244e-03 2.471345139e-03 -4.698864129e-02
353669.680000000 -9.368213210e-05 -9.032470878e-05 6.246748427e-04 2.348966410e-03 1.938676318e-03 -4.834186956e-02
353669.685000000 -7.699250224e-05 -9.588601441e-05 6.292069865e-04 -1.718232691e-03 8.665131895e-04 -4.936654008e-02
353669.690000000 -1.041219644e-04 -7.770641458e-05 6.305062441e-04 -4.387404948e-03 -6.271141000e-04 -4.989419718e-02
353669.695000000 -1.448502125e-04 -3.963660374e-05 6.303906952e-04 -3.226083669e-03 -1.554078289e-03 -4.937799167e-02
353669.700000000 -1.782378578e-04 -1.293936989e-05 6.323574521e-04 8.644060671e-04 -1.419972452e-03 -4.775653435e-02
353669.705000000 -1.966920408e-04 -1.774047219e-05 6.360996052e-04 4.504198445e-03 -3.765316854e-04 -4.639486520e-02
353669.710000000 -1.808736409e-04 -4.823398935e-05 6.422795565e-04 5.247114261e-03 1.841889041e-03 -4.622154712e-02
353669.715000000 -1.394782393e-04 -7.459149415e-05 6.473662310e-04 3.023700933e-03 3.321298038e-03 -4.700176764e-02
353669.720000000 -1.028401616e-04 -8.605929966e-05 6.502584096e-04 -3.433810852e-04 2.692665700e-03 -4.853168259e-02
353669.725000000 -9.652517600e-05 -8.506085711e-05 6.519864572e-04 -3.274151720e-03 8.483445839e-04 -4.994212635e-02
353669.730000000 -1.361677302e-04 -5.414049935e-05 6.511858240e-04 -3.159703580e-03 -1.105418682e-03 -4.961329674e-02
353669.735000000 -1.884738818e-04 -1.888317081e-05 6.502940363e-04 5.988320649e-04 -1.550896292e-03 -4.827943056e-02
353669.740000000 -2.152621643e-04 -1.756544118e-05 6.503346278e-04 4.865937170e-03 -3.416807439e-04 -4.720165241e-02
353669.745000000 -2.008418115e-04 -4.374426103e-05 6.502007634e-04 6.454385327e-03 1.477049191e-03 -4.628228451e-02
353669.750000000 -1.434000918e-04 -7.714098304e-05 6.474952936e-04 4.382392481e-03 2.605976605e-03 -4.647385329e-02
353669.755000000 -9.556176267e-05 -9.759742392e-05 6.443718700e-04 4.540375814e-04 1.889938516e-03 -4.838546662e-02
353669.760000000 -9.434471127e-05 -9.768059126e-05 6.452368693e-04 -3.296020107e-03 2.086546049e-04 -5.045862487e-02
353669.765000000 -1.282190423e-04 -7.666848140e-05 6.447934134e-04 -4.451966849e-03 -9.393984268e-04 -5.119861491e-02
353669.770000000 -1.772579324e-04 -3.442405112e-05 6.400750914e-04 -9.281385684e-04 -6.253560558e-04 -5.029695087e-02
353669.775000000 -1.987222093e-04 -1.295208513e-05 6.412180263e-04 3.725696122e-03 1.268438992e-03 -4.772663607e-02
353669.780000000 -1.781151967e-04 -3.334645692e-05 6.479242764e-04 6.195753573e-03 3.141271481e-03 -4.489028727e-02
353669.785000000 -1.402700778e-04 -6.407097116e-05 6.575543197e-04 5.880793493e-03 3.356791102e-03 -4.433653036e-02
353669.790000000 -1.055287218e-04 -9.151905159e-05 6.663560975e-04 1.766699860e-03 1.534169958e-03 -4.688998906e-02
353669.795000000 -1.002756915e-04 -1.041550826e-04 6.685281526e-04 -2.670437106e-03 -9.382242331e-04 -4.993262283e-02
353669.800000000 -1.191377914e-04 -9.335616898e-05 6.691040628e-04 -4.261427709e-03 -2.670389673e-03 -5.171327281e-02
353669.805000000 -1.474974714e-04 -6.994588890e-05 6.728295899e-04 -2.706260399e-03 -2.660948716e-03 -5.142841371e-02
353669.810000000 -1.931821804e-04 -5.599899905e-05 6.813632185e-04 1.824230515e-03 3.057718065e-04 -4.773390909e-02
353669.815000000 -2.160800387e-04 -6.740776302e-05 6.907364124e-04 5.502328509e-03 3.689031417e-03 -4.412681339e-02
353669.820000000 -1.939364467e-04 -8.980960099e-05 6.966469115e-04 5.969675228e-03 5.120426746e-03 -4.370282016e-02
353669.825000000 -1.477851985e-04 -1.090001575e-04 7.024007619e-04 3.478522412e-03 4.102589449e-03 -4.588288684e-02
353669.830000000 -1.014059421e-04 -1.198044850e-04 7.062440308e-04 -1.044714831e-03 2.566745551e-04 -5.001385447e-02
353669.835000000 -9.954633171e-05 -1.088318292e-04 7.067352083e-04 -3.968574710e-03 -2.665715323e-03 -5.276358204e-02
353669.840000000 -1.397641620e-04 -7.712848688e-05 7.093937192e-04 -3.543997852e-03 -2.503399632e-03 -5.196223026e-02
353669.845000000 -1.876779016e-04 -4.800954403e-05 7.139871893e-04 -4.042405640e-04 -4.314281170e-04 -4.895853215e-02
353669.850000000 -2.111356849e-04 -5.182616715e-05 7.203014287e-04 4.067442958e-03 2.539760041e-03 -4.565596926e-02
353669.855000000 -1.865516868e-04 -8.110141040e-05 7.274495496e-04 5.791135959e-03 3.946990748e-03 -4.449829394e-02
353669.860000000 -1.404646804e-04 -1.094622086e-04 7.291854124e-04 3.975729470e-03 2.896971585e-03 -4.582108926e-02
353669.865000000 -1.114948290e-04 -1.271369967e-04 7.269688618e-04 7.913125296e-04 6.805600336e-04 -4.850191238e-02
353669.870000000 -1.209871877e-04 -1.255322697e-04 7.234840806e-04 -3.080919904e-03 -1.041197365e-03 -5.073229708e-02
353669.875000000 -1.603172862e-04 -1.047393733e-04 7.192719608e-04 -3.973656304e-03 -7.789718289e-04 -5.004238606e-02
353669.880000000 -1.969762210e-04 -8.187680830e-05 7.211060804e-04 -7.225322947e-04 9.795426449e-04 -4.752977780e-02
353669.885000000 -2.079080145e-04 -7.925346178e-05 7.282400402e-04 3.300312428e-03 2.966757785e-03 -4.537635116e-02
353669.890000000 -1.854313662e-04 -9.690062233e-05 7.340082873e-04 5.008921134e-03 3.527776794e-03 -4.499510306e-02
353669.895000000 -1.423937283e-04 -1.172706656e-04 7.398064484e-04 3.847856203e-03 2.251230269e-03 -4.730599599e-02
353669.900000000 -1.083210482e-04 -1.268250804e-04 7.421417938e-04 6.638258338e-04 9.180057988e-04 -5.027660034e-02
353669.905000000 -1.047065791e-04 -1.179217824e-04 7.373323694e-04 -3.676014131e-03 6.352406303e-04 -5.073473491e-02
353669.910000000 -1.278481019e-04 -9.218713379e-05 7.363394858e-04 -4.641475252e-03 1.011189728e-03 -4.909895690e-02
353669.915000000 -1.572441930e-04 -6.468680443e-05 7.417077607e-04 -1.751844547e-03 1.521140793e-03 -4.755289585e-02
353669.920000000 -1.732192183e-04 -5.631215287e-05 7.502622821e-04 1.950735081e-03 1.954477714e-03 -4.618439971e-02
353669.925000000 -1.699044817e-04 -7.807254079e-05 7.615308538e-04 5.161569053e-03 1.805530840e-03 -4.595157476e-02
353669.930000000 -1.461629286e-04 -1.120902175e-04 7.723286276e-04 4.910845404e-03 1.455564566e-03 -4.779944945e-02
353669.935000000 -1.072527779e-04 -1.356026963e-04 7.785679576e-04 1.216731464e-03 1.096951996e-03 -4.965912137e-02
353669.940000000 -8.872132145e-05 -1.415079190e-04 7.794521706e-04 -2.773137124e-03 4.857720152e-04 -5.006914562e-02
353669.945000000 -1.180775155e-04 -1.245090394e-04 7.832331507e-04 -4.613853531e-03 3.035605288e-05 -4.944882042e-02
353669.950000000 -1.635935100e-04 -9.227598012e-05 7.903824020e-04 -3.010783529e-03 2.528047777e-04 -4.789049949e-02
353669.955000000 -1.974758378e-04 -7.119444520e-05 7.978334436e-04 9.918246983e-04 8.591926051e-04 -4.617885879e-02
353669.960000000 -2.075621823e-04 -7.763138205e-05 8.060261089e-04 4.277305344e-03 1.475302540e-03 -4.586649206e-02
353669.965000000 -1.738696827e-04 -1.051378391e-04 8.132070063e-04 3.753023443e-03 2.522482006e-03 -4.728284329e-02
353669.970000000 -1.221090207e-04 -1.244269280e-04 8.147688922e-04 4.049367449e-04 2.934459947e-03 -4.875927690e-02
353669.975000000 -9.116779863e-05 -1.283340242e-04 8.128886031e-04 -3.184171733e-03 2.000739378e-03 -4.982622475e-02
353669.980000000 -9.839817917e-05 -1.192043258e-04 8.118902842e-04 -5.386433721e-03 8.411926472e-04 -5.040926539e-02
353669.985000000 -1.468362560e-04 -7.747660291e-05 8.096262965e-04 -3.690341565e-03 7.726721269e-05 -4.900291275e-02
353669.990000000 -1.903844273e-04 -4.203185796e-05 8.121120116e-04 9.518888912e-04 -2.908244419e-05 -4.701907467e-02
353669.995000000 -2.009542996e-04 -4.953528934e-05 8.176772606e-04 4.686645427e-03 4.197280427e-04 -4.607417923e-02
353670.000000000 -1.858240831e-04 -7.709645196e-05 8.230337626e-04 5.484575690e-03 1.319810582e-03 -4.590191262e-02
353670.005000000 -1.399280221e-04 -1.057030362e-04 8.241898898e-04 2.628676850e-03 2.114665059e-03 -4.697401599e-02
353670.010000000 -1.067898669e-04 -1.253523267e-04 8.193590525e-04 -1.986455037e-03 1.767402172e-03 -4.885438691e-02
353670.015000000 -1.118120962e-04 -1.303749447e-04 8.156686761e-04 -5.865081690e-03 6.267663251e-04 -5.002981061e-02
353670.020000000 -1.389079165e-04 -1.101163991e-04 8.166088790e-04 -6.502706387e-03 -4.665043109e-04 -4.997278748e-02
353670.025000000 -1.848350604e-04 -6.820417175e-05 8.215419589e-04 -1.611904222e-03 -7.633745060e-04 -4.937811777e-02
353670.030000000 -2.122471718e-04 -5.239873518e-05 8.291304924e-04 3.628003823e-03 5.468631194e-04 -4.786515562e-02
353670.035000000 -2.052849896e-04 -7.205634012e-05 8.369446927e-04 5.188211653e-03 2.791914715e-03 -4.552168021e-02
353670.040000000 -1.693528428e-04 -9.281405586e-05 8.427704212e-04 3.636213511e-03 4.209888227e-03 -4.483136713e-02
353670.045000000 -1.104453488e-04 -1.043535637e-04 8.482538779e-04 -1.630311288e-03 3.532864741e-03 -4.705783290e-02
353670.050000000 -8.966706869e-05 -1.040656491e-04 8.520737967e-04 -6.389866567e-03 1.384746102e-03 -4.952503345e-02
353670.055000000 -1.168866362e-04 -8.500379205e-05 8.515833867e-04 -7.043195376e-03 -7.997233309e-04 -5.082783585e-02
353670.060000000 -1.515463832e-04 -4.988877597e-05 8.541869733e-04 -4.040834161e-03 -1.476688884e-03 -5.102273313e-02
353670.065000000 -1.782408486e-04 -2.948115155e-05 8.669577224e-04 1.893286115e-03 5.191555938e-04 -4.793881414e-02
353670.070000000 -1.821396178e-04 -4.548803591e-05 8.786193448e-04 6.045511690e-03 3.024907943e-03 -4.461431776e-02
353670.075000000 -1.639505283e-04 -7.468317201e-05 8.847485537e-04 5.540506740e-03 4.375695541e-03 -4.429425853e-02
353670.080000000 -1.306624772e-04 -9.765612553e-05 8.906479575e-04 1.931691878e-03 4.218222846e-03 -4.588588958e-02
353670.085000000 -9.605975087e-05 -1.143943077e-04 8.949683432e-04 -3.485377431e-03 1.191051820e-03 -4.941243545e-02
353670.090000000 -9.813579190e-05 -1.054612192e-04 8.933192519e-04 -6.587141708e-03 -1.862799661e-03 -5.233016357e-02
353670.095000000 -1.389445692e-04 -7.059680873e-05 8.884685810e-04 -5.353040611e-03 -2.251324445e-03 -5.212772570e-02
353670.100000000 -1.826615657e-04 -4.127895974e-05 8.904818840e-04 -1.407111298e-03 -6.234500683e-04 -4.957382473e-02
353670.105000000 -2.001086537e-04 -4.626933073e-05 9.006344211e-04 3.359123666e-03 2.642259137e-03 -4.612951558e-02
353670.110000000 -1.740128195e-04 -6.997679294e-05 9.078630591e-04 4.620483749e-03 4.934073778e-03 -4.442584844e-02
353670.115000000 -1.217925543e-04 -8.662212261e-05 9.101830820e-04 2.271174847e-03 4.376765433e-03 -4.547032238e-02
353670.120000000 -8.723596040e-05 -9.770437697e-05 9.104043575e-04 -1.127858907e-03 1.768388894e-03 -4.844712098e-02
353670.125000000 -1.028882327e-04 -8.993714230e-05 9.108997895e-04 -5.087015898e-03 -9.742255027e-04 -5.151346207e-02
353670.130000000 -1.468486060e-04 -5.634004065e-05 9.106721049e-04 -5.625446828e-03 -1.372391054e-03 -5.131974042e-02
353670.135000000 -1.788515963e-04 -2.138468417e-05 9.057465318e-04 -1.490069242e-03 2.716604337e-04 -4.875560502e-02
353670.140000000 -1.861657462e-04 -1.954392066e-05 9.083911385e-04 3.070707110e-03 2.112422813e-03 -4.637492378e-02
353670.145000000 -1.705754913e-04 -6.008964752e-05 9.195170083e-04 5.096953442e-03 3.294942143e-03 -4.451005643e-02
353670.150000000 -1.411425008e-04 -9.640664070e-05 9.271563374e-04 3.926013843e-03 2.853929372e-03 -4.540144481e-02
353670.155000000 -1.082572285e-04 -1.088433262e-04 9.300833688e-04 5.228694622e-04 1.147236442e-03 -4.907892670e-02
353670.160000000 -9.142307308e-05 -1.131011324e-04 9.334768906e-04 -3.238644187e-03 -2.664738648e-04 -5.170273367e-02
353670.165000000 -1.132022961e-04 -8.627083579e-05 9.374065320e-04 -4.378841767e-03 -6.557095306e-04 -5.119741232e-02
353670.170000000 -1.572822378e-04 -4.983403413e-05 9.397621378e-04 -1.884556124e-03 4.443178458e-04 -4.913065163e-02
353670.175000000 -1.887835109e-04 -4.356948926e-05 9.462887459e-04 1.622589881e-03 2.310790323e-03 -4.650037445e-02
353670.180000000 -1.906287315e-04 -6.173650112e-05 9.574659188e-04 3.972145306e-03 3.393108658e-03 -4.443125071e-02
353670.185000000 -1.514861594e-04 -9.378155177e-05 9.682895703e-04 3.660298649e-03 3.167864857e-03 -4.625371236e-02
353670.190000000 -9.630382790e-05 -1.163715361e-04 9.754853117e-04 4.763713666e-04 2.210116652e-03 -4.965645050e-02
353670.195000000 -6.196383185e-05 -1.209036943e-04 9.781731709e-04 -3.240035788e-03 9.540346784e-04 -5.118731637e-02
353670.200000000 -7.143054280e-05 -1.100402769e-04 9.824476212e-04 -5.106040314e-03 -1.482505144e-04 -5.120208003e-02
353670.205000000 -1.386422998e-04 -7.334698328e-05 9.934618025e-04 -3.178199638e-03 3.686361845e-04 -4.897717089e-02
353670.210000000 -1.997971082e-04 -4.456407999e-05 1.006843475e-03 1.279940579e-03 1.864977055e-03 -4.567599204e-02
353670.215000000 -2.067082083e-04 -5.348852856e-05 1.013210000e-03 5.263747372e-03 2.473513932e-03 -4.437048800e-02
353670.220000000 -1.740500211e-04 -8.512426146e-05 1.013426728e-03 6.215454794e-03 2.211132102e-03 -4.566610356e-02
353670.225000000 -1.097823169e-04 -1.237550622e-04 1.011722605e-03 2.394253650e-03 1.278219649e-03 -4.806312513e-02
353670.230000000 -6.976803966e-05 -1.473007903e-04 1.010889257e-03 -2.594398845e-03 6.083478394e-05 -4.987916012e-02
353670.235000000 -8.266869584e-05 -1.406983413e-04 1.013392042e-03 -5.664981413e-03 -4.241647045e-04 -5.050635810e-02
353670.240000000 -1.274148275e-04 -1.087082014e-04 1.015230248e-03 -5.639212038e-03 2.758775417e-04 -4.921892984e-02
353670.245000000 -1.861486168e-04 -7.213783252e-05 1.017592285e-03 -5.310615283e-04 1.551659729e-03 -4.663732366e-02
353670.250000000 -2.007671588e-04 -6.822776317e-05 1.022224999e-03 4.542351411e-03 2.006972358e-03 -4.570555945e-02
353670.255000000 -1.625785454e-04 -9.264215114e-05 1.024884049e-03 5.379767494e-03 1.791659582e-03 -4.630891501e-02
353670.260000000 -1.185285213e-04 -1.109961581e-04 1.027114701e-03 3.514297933e-03 1.486930553e-03 -4.714734859e-02
353670.265000000 -9.744710241e-05 -1.229565049e-04 1.034785971e-03 -1.223353778e-03 1.005482664e-03 -4.884892354e-02
353670.270000000 -1.083135026e-04 -1.283189473e-04 1.038482234e-03 -5.744784330e-03 8.979265481e-04 -4.958551978e-02
353670.275000000 -1.300047243e-04 -1.102405742e-04 1.034756439e-03 -6.423489883e-03 6.994666487e-04 -4.840089150e-02
353670.280000000 -1.532378592e-04 -7.721185974e-05 1.031499602e-03 -3.378562694e-03 1.123205991e-05 -4.741289617e-02
353670.285000000 -1.765367199e-04 -6.447277600e-05 1.041553181e-03 1.935294963e-03 6.595678491e-05 -4.661557853e-02
353670.290000000 -1.819811508e-04 -8.239720806e-05 1.058339516e-03 4.898262070e-03 1.385388899e-03 -4.561444272e-02
353670.295000000 -1.660621344e-04 -1.065995934e-04 1.066394973e-03 4.033543707e-03 2.997742198e-03 -4.557858280e-02
353670.300000000 -1.307814894e-04 -1.248332638e-04 1.070977541e-03 9.462276518e-04 3.583696505e-03 -4.692971047e-02
353670.305000000 -9.338941524e-05 -1.399904436e-04 1.071311441e-03 -4.179107988e-03 1.993352615e-03 -4.870904446e-02
353670.310000000 -9.555305832e-05 -1.291979405e-04 1.072162229e-03 -6.492714231e-03 -6.584497704e-04 -4.960999041e-02
353670.315000000 -1.376885554e-04 -9.124590300e-05 1.077630847e-03 -3.871585613e-03 -2.097566271e-03 -4.987412747e-02
353670.320000000 -1.888836341e-04 -6.732309765e-05 1.087709551e-03 1.831318191e-04 -1.081575538e-03 -4.883239496e-02
353670.325000000 -2.072296511e-04 -8.209233959e-05 1.098257510e-03 3.653448139e-03 2.349491264e-03 -4.601131859e-02
353670.330000000 -1.710948299e-04 -1.068188281e-04 1.106291360e-03 3.953041404e-03 5.058463704e-03 -4.483342623e-02
353670.335000000 -1.157422003e-04 -1.175680101e-04 1.110055320e-03 7.134828452e-04 5.317992272e-03 -4.589645938e-02
353670.340000000 -8.446261701e-05 -1.197985931e-04 1.107932546e-03 -3.297806237e-03 3.825387647e-03 -4.738027584e-02
353670.345000000 -1.034890998e-04 -9.859761730e-05 1.109050558e-03 -5.744051241e-03 7.132807745e-04 -4.955551854e-02
353670.350000000 -1.505727767e-04 -5.859829838e-05 1.115419370e-03 -4.410547900e-03 -9.753154053e-04 -5.051160008e-02
353670.355000000 -1.854792573e-04 -3.195548626e-05 1.119485643e-03 -1.404776095e-04 -7.973131670e-05 -4.895220564e-02
353670.360000000 -1.891058920e-04 -4.141644580e-05 1.121883678e-03 3.594547625e-03 1.474684229e-03 -4.676580858e-02
353670.365000000 -1.517621779e-04 -8.465286382e-05 1.123051951e-03 3.648646622e-03 3.216676583e-03 -4.533737635e-02
353670.370000000 -1.022305600e-04 -1.172825530e-04 1.124428316e-03 5.235985001e-04 3.402126653e-03 -4.547907209e-02
353670.375000000 -7.833056089e-05 -1.261970165e-04 1.126730731e-03 -2.887454368e-03 1.481620117e-03 -4.757384524e-02
353670.380000000 -9.459118689e-05 -1.220910258e-04 1.126657146e-03 -5.403263346e-03 -4.430531239e-04 -5.023892845e-02
353670.385000000 -1.424129999e-04 -7.738518034e-05 1.125471296e-03 -4.518156570e-03 -7.844762403e-04 -5.057748702e-02
353670.390000000 -1.790135092e-04 -3.001122389e-05 1.124711826e-03 -2.294534077e-04 4.119519468e-04 -4.868379902e-02
353670.395000000 -1.827101089e-04 -2.846330565e-05 1.128410377e-03 3.646425305e-03 2.267493126e-03 -4.666348633e-02
353670.400000000 -1.634737232e-04 -5.327151480e-05 1.137600616e-03 4.627848472e-03 3.977164726e-03 -4.512624598e-02
353670.405000000 -1.223694772e-04 -8.122734387e-05 1.148409378e-03 2.054766383e-03 3.604801865e-03 -4.615213636e-02
353670.410000000 -8.634469639e-05 -9.664354326e-05 1.155673881e-03 -2.057156448e-03 1.106651606e-03 -4.965707199e-02
353670.415000000 -8.298684237e-05 -1.023678640e-04 1.157963123e-03 -5.500654347e-03 -1.351130348e-03 -5.228778635e-02
353670.420000000 -1.054847703e-04 -9.126619870e-05 1.159271423e-03 -6.196435718e-03 -2.503357764e-03 -5.204654993e-02
353670.425000000 -1.548806814e-04 -4.739250929e-05 1.166617769e-03 -1.692189740e-03 -1.147172505e-03 -4.886731213e-02
353670.430000000 -1.985336000e-04 -2.817532233e-05 1.175766386e-03 3.472614148e-03 1.724159410e-03 -4.498874787e-02
353670.435000000 -2.064493554e-04 -5.898551626e-05 1.182021285e-03 5.021333310e-03 3.827047990e-03 -4.276890843e-02
353670.440000000 -1.857248449e-04 -9.447747210e-05 1.189357019e-03 3.845643574e-03 4.072132050e-03 -4.378105041e-02
353670.445000000 -1.285936435e-04 -1.211236922e-04 1.200615663e-03 -8.373161331e-04 1.624175945e-03 -4.895566700e-02
353670.450000000 -9.281842318e-05 -1.271521367e-04 1.210298331e-03 -5.526860374e-03 -1.131943408e-03 -5.301239837e-02
353670.455000000 -1.138312924e-04 -1.053257425e-04 1.214522562e-03 -6.538556726e-03 -1.964175364e-03 -5.278190454e-02
353670.460000000 -1.560619695e-04 -6.898890377e-05 1.216727417e-03 -4.296936583e-03 -1.178586139e-03 -5.054206232e-02
353670.465000000 -1.995643642e-04 -4.011631454e-05 1.221820914e-03 1.117040481e-03 9.731953646e-04 -4.562252318e-02
353670.470000000 -2.136248139e-04 -4.835597892e-05 1.230078954e-03 5.232522481e-03 1.892262890e-03 -4.223940042e-02
353670.475000000 -1.940065930e-04 -7.706989253e-05 1.238354557e-03 5.131350247e-03 1.142989374e-03 -4.376151599e-02
353670.480000000 -1.636689654e-04 -9.383643874e-05 1.243087133e-03 2.230715740e-03 3.885828080e-04 -4.706493277e-02
353670.485000000 -1.475689130e-04 -1.043019722e-04 1.243350137e-03 -2.700485236e-03 -6.268320156e-04 -5.071486297e-02
353670.490000000 -1.600702404e-04 -9.922577198e-05 1.242748594e-03 -5.785828364e-03 -8.620428582e-04 -5.229774504e-02
353670.495000000 -1.926599003e-04 -7.033400477e-05 1.239326694e-03 -4.940858118e-03 3.848732229e-04 -5.046179516e-02
353670.500000000 -2.198082906e-04 -4.584739114e-05 1.238438746e-03 -1.303303290e-03 1.863408496e-03 -4.732924694e-02
353670.505000000 -2.188332665e-04 -5.560873520e-05 1.249848292e-03 3.865740648e-03 2.162212009e-03 -4.542424859e-02
353670.510000000 -1.997688900e-04 -8.575271756e-05 1.261580769e-03 5.556688360e-03 1.853517042e-03 -4.546555892e-02
353670.515000000 -1.675898315e-04 -1.091879501e-04 1.262651292e-03 2.911870541e-03 1.391091747e-03 -4.657465315e-02
353670.520000000 -1.319535843e-04 -1.168292102e-04 1.265437885e-03 -6.411791801e-04 1.041493723e-04 -4.867560216e-02
353670.525000000 -1.386516651e-04 -9.984634340e-05 1.267133530e-03 -4.538498074e-03 -8.227934047e-04 -5.014623876e-02
353670.530000000 -1.877696763e-04 -6.593445875e-05 1.267212335e-03 -5.185148954e-03 -3.858584599e-04 -4.900388514e-02
353670.535000000 -2.339012164e-04 -3.331295388e-05 1.272626321e-03 -1.415286506e-03 5.431389499e-04 -4.703369739e-02
353670.540000000 -2.478767638e-04 -2.658390834e-05 1.284029849e-03 2.767161474e-03 1.090597406e-03 -4.622869992e-02
353670.545000000 -2.229109364e-04 -6.458322185e-05 1.300572564e-03 4.968143140e-03 1.465427394e-03 -4.614181206e-02
353670.550000000 -1.860657957e-04 -1.065907012e-04 1.313626460e-03 4.095268177e-03 1.607403806e-03 -4.709103365e-02
353670.555000000 -1.582407430e-04 -1.234367706e-04 1.317990819e-03 6.930676094e-04 1.244587494e-03 -4.883067361e-02
353670.560000000 -1.460709805e-04 -1.191259473e-04 1.316070312e-03 -3.894662356e-03 8.595313284e-05 -4.908384102e-02
353670.565000000 -1.706820884e-04 -9.386965058e-05 1.318508476e-03 -5.012347579e-03 -1.407957881e-03 -4.817213818e-02
353670.570000000 -2.210288418e-04 -6.210050209e-05 1.323025349e-03 -1.598785182e-03 -1.912881650e-03 -4.764221128e-02
353670.575000000 -2.625462193e-04 -4.741565674e-05 1.328478233e-03 2.418236182e-03 -1.092032794e-03 -4.689317424e-02
353670.580000000 -2.764790947e-04 -7.676261273e-05 1.336921055e-03 5.283489985e-03 1.105651640e-03 -4.642172366e-02
353670.585000000 -2.512567559e-04 -1.141169662e-04 1.343271737e-03 4.465224004e-03 3.222172217e-03 -4.745294494e-02
353670.590000000 -1.981951260e-04 -1.269348261e-04 1.347936906e-03 5.210468970e-04 3.789700716e-03 -4.878748850e-02
353670.595000000 -1.585855040e-04 -1.252591998e-04 1.347329812e-03 -3.343555758e-03 2.854744719e-03 -4.926325125e-02
353670.600000000 -1.831380677e-04 -9.180343649e-05 1.344616966e-03 -4.489783183e-03 4.997844724e-04 -4.941452052e-02
353670.605000000 -2.444184218e-04 -5.228025636e-05 1.345856527e-03 -2.152851846e-03 -7.612286942e-04 -4.871646446e-02
353670.610000000 -2.817082969e-04 -3.878780677e-05 1.346414784e-03 1.912597594e-03 1.395078702e-04 -4.691384863e-02
353670.615000000 -2.813072041e-04 -5.126230010e-05 1.352110398e-03 5.334771226e-03 1.386812413e-03 -4.552994345e-02
353670.620000000 -2.358048122e-04 -8.646572793e-05 1.356640581e-03 4.947510597e-03 2.897385052e-03 -4.592261725e-02
353670.625000000 -1.843731053e-04 -1.147949832e-04 1.352432115e-03 1.491072517e-03 3.487520446e-03 -4.717893971e-02
353670.630000000 -1.647244374e-04 -1.287197879e-04 1.349715509e-03 -2.094283951e-03 2.215589454e-03 -4.865441660e-02
353670.635000000 -1.767239178e-04 -1.274148172e-04 1.345219046e-03 -4.520216107e-03 4.550132906e-04 -5.029015521e-02
353670.640000000 -2.263432191e-04 -8.781645525e-05 1.345023069e-03 -3.043106260e-03 -3.703727946e-04 -4.991173542e-02
353670.645000000 -2.746140602e-04 -5.099312479e-05 1.348566156e-03 1.673958449e-03 6.146329162e-04 -4.796564884e-02
353670.650000000 -2.855457331e-04 -5.677937615e-05 1.348364437e-03 5.416946805e-03 2.654684041e-03 -4.631666850e-02
353670.655000000 -2.606063956e-04 -7.833036937e-05 1.347077160e-03 6.044006737e-03 4.573304178e-03 -4.514665619e-02
353670.660000000 -1.902361512e-04 -1.015754856e-04 1.350624990e-03 2.654728599e-03 4.296264828e-03 -4.601858401e-02
353670.665000000 -1.426638273e-04 -1.134533556e-04 1.355748643e-03 -1.991900972e-03 1.802562862e-03 -4.882061499e-02
353670.670000000 -1.622967026e-04 -1.092090661e-04 1.357549635e-03 -5.059298432e-03 -3.461989145e-04 -5.083526272e-02
353670.675000000 -2.037784275e-04 -9.153540438e-05 1.354875773e-03 -5.311232614e-03 -1.166136276e-03 -5.063321928e-02
353670.680000000 -2.480520487e-04 -6.071388729e-05 1.354883755e-03 -4.347623064e-04 3.319957048e-04 -4.848502538e-02
353670.685000000 -2.610312882e-04 -5.038254024e-05 1.359149748e-03 4.684982591e-03 2.829918655e-03 -4.582067198e-02
353670.690000000 -2.388643761e-04 -7.229814294e-05 1.359734871e-03 6.116021446e-03 4.351152201e-03 -4.415355590e-02
353670.695000000 -2.146777859e-04 -1.002043644e-04 1.360491963e-03 4.986368470e-03 4.592447563e-03 -4.432194430e-02
353670.700000000 -1.940790977e-04 -1.205995714e-04 1.361036584e-03 3.975120799e-05 3.078623265e-03 -4.715033505e-02
353670.705000000 -1.830917233e-04 -1.191914324e-04 1.361340101e-03 -4.751226757e-03 1.100446496e-03 -4.992596085e-02
353670.710000000 -1.893404180e-04 -9.384372361e-05 1.362515161e-03 -5.407056608e-03 -2.824243404e-04 -5.065077940e-02
353670.715000000 -2.166475552e-04 -6.152494822e-05 1.358224715e-03 -2.878720787e-03 -3.860181405e-04 -5.011198513e-02
353670.720000000 -2.559317179e-04 -4.319624540e-05 1.350936870e-03 2.240818766e-03 2.208685081e-03 -4.671757367e-02
353670.725000000 -2.653609305e-04 -5.361398986e-05 1.351279574e-03 5.744585478e-03 4.871999147e-03 -4.371212349e-02
353670.730000000 -2.337720376e-04 -7.533762950e-05 1.351825837e-03 5.018467735e-03 5.215192406e-03 -4.432857273e-02
353670.735000000 -1.927676957e-04 -8.733878159e-05 1.350977265e-03 1.977602926e-03 4.059319605e-03 -4.657080220e-02
353670.740000000 -1.676896238e-04 -9.552525799e-05 1.342078589e-03 -2.517220742e-03 1.246592481e-03 -4.986754895e-02
353670.745000000 -1.748950299e-04 -8.688103731e-05 1.327688491e-03 -4.860459554e-03 -7.681472964e-04 -5.183124852e-02
353670.750000000 -2.120300553e-04 -5.325771469e-05 1.324504829e-03 -3.375772526e-03 3.374551924e-05 -5.048486166e-02
353670.755000000 -2.566634495e-04 -2.504878042e-05 1.323441993e-03 2.603534603e-04 2.515696104e-03 -4.730866313e-02
353670.760000000 -2.677006837e-04 -3.387605402e-05 1.321431623e-03 4.606815078e-03 5.131136863e-03 -4.504307296e-02
353670.765000000 -2.263470955e-04 -6.110223928e-05 1.322117410e-03 5.243448755e-03 5.656334572e-03 -4.525804825e-02
353670.770000000 -1.645048983e-04 -8.026077961e-05 1.321812845e-03 2.446920008e-03 3.974462539e-03 -4.726401480e-02
353670.775000000 -1.265859144e-04 -9.241360682e-05 1.316739947e-03 -7.376678478e-04 1.586144606e-03 -4.998470509e-02
353670.780000000 -1.452864167e-04 -8.128064991e-05 1.311493722e-03 -4.138507503e-03 2.637834740e-04 -5.111569994e-02
353670.785000000 -1.982949771e-04 -4.502959214e-05 1.308251116e-03 -3.953879214e-03 8.266292108e-04 -4.930686614e-02
353670.790000000 -2.409434631e-04 -1.015306370e-05 1.308016251e-03 4.357736599e-04 2.052313853e-03 -4.685495307e-02
353670.795000000 -2.529397055e-04 -7.621871838e-06 1.313292730e-03 4.247101554e-03 2.974167720e-03 -4.539843853e-02
353670.800000000 -2.152547661e-04 -4.081532748e-05 1.319482695e-03 4.983513590e-03 2.811761418e-03 -4.505240090e-02
353670.805000000 -1.656785004e-04 -6.909812738e-05 1.324837469e-03 3.271181172e-03 1.721507946e-03 -4.690060483e-02
353670.810000000 -1.493836483e-04 -8.203275903e-05 1.324519351e-03 7.732694553e-05 9.314923962e-04 -4.984207804e-02
353670.815000000 -1.544416539e-04 -9.046029687e-05 1.319468817e-03 -3.493667824e-03 9.881997169e-04 -5.111191603e-02
353670.820000000 -1.810190386e-04 -6.004855817e-05 1.313647715e-03 -3.417789076e-03 1.388701400e-03 -4.968166921e-02
353670.825000000 -2.211793017e-04 -2.063644301e-05 1.310574360e-03 3.066440590e-04 1.783412030e-03 -4.768207183e-02
353670.830000000 -2.538934818e-04 -1.882759813e-05 1.313592713e-03 3.957824964e-03 2.287763822e-03 -4.634482756e-02
353670.835000000 -2.645271727e-04 -3.938562580e-05 1.319551112e-03 6.074612890e-03 2.863543683e-03 -4.563679068e-02
353670.840000000 -2.151174919e-04 -7.170862686e-05 1.325371254e-03 4.555154545e-03 3.223468030e-03 -4.761676912e-02
353670.845000000 -1.444556703e-04 -9.411188484e-05 1.327868913e-03 2.813106346e-04 2.990290551e-03 -5.004172515e-02
353670.850000000 -1.111324207e-04 -9.722423856e-05 1.324897711e-03 -3.651026411e-03 1.958635112e-03 -5.059267706e-02
353670.855000000 -1.169323319e-04 -8.471769843e-05 1.319528833e-03 -5.107155663e-03 3.881885214e-04 -5.033861712e-02
353670.860000000 -1.893121496e-04 -3.714751184e-05 1.315675556e-03 -1.579873987e-03 -5.839557688e-04 -4.877946879e-02
353670.865000000 -2.700430497e-04 -6.099150475e-06 1.312332887e-03 3.725270422e-03 9.234800186e-05 -4.637305550e-02
353670.870000000 -2.822221582e-04 -2.919674173e-05 1.310987392e-03 6.674198153e-03 1.659715152e-03 -4.519177707e-02
353670.875000000 -2.427812239e-04 -6.275383646e-05 1.314236331e-03 6.676235262e-03 2.847285954e-03 -4.596933912e-02
353670.880000000 -1.725614298e-04 -9.395506003e-05 1.314660560e-03 2.112153948e-03 3.132344236e-03 -4.774944106e-02
353670.885000000 -1.277464205e-04 -1.089938788e-04 1.312890653e-03 -3.253393644e-03 2.201593628e-03 -4.951206658e-02
353670.890000000 -1.363645326e-04 -1.015190707e-04 1.315354772e-03 -5.513295363e-03 6.156077266e-04 -5.050996989e-02
353670.895000000 -1.735248132e-04 -7.457842006e-05 1.317320417e-03 -4.599427584e-03 -8.317322163e-04 -5.008614377e-02
353670.900000000 -2.252226338e-04 -4.210710495e-05 1.319170131e-03 1.572822624e-03 -1.253676133e-03 -4.810508885e-02
353670.905000000 -2.523867367e-04 -4.305698329e-05 1.321934641e-03 7.000607385e-03 -2.567530079e-04 -4.644779795e-02
353670.910000000 -2.360117702e-04 -6.887862240e-05 1.325860148e-03 6.864705948e-03 1.529273845e-03 -4.570753283e-02
353670.915000000 -1.985256084e-04 -9.087319453e-05 1.333837086e-03 4.369863878e-03 3.045936146e-03 -4.570679144e-02
353670.920000000 -1.665937578e-04 -1.046641171e-04 1.336265731e-03 -1.072508763e-03 2.782582918e-03 -4.853200213e-02
353670.925000000 -1.642065662e-04 -1.054769778e-04 1.333892964e-03 -6.057171904e-03 1.271333051e-03 -5.113056218e-02
353670.930000000 -1.895819522e-04 -8.879371456e-05 1.333472842e-03 -6.154123040e-03 -2.629765364e-04 -5.087111169e-02
353670.935000000 -2.232161639e-04 -6.133552815e-05 1.334059721e-03 -2.458979314e-03 -8.895799609e-04 -4.998209250e-02
353670.940000000 -2.390260391e-04 -4.629079187e-05 1.346962511e-03 3.556738752e-03 9.819447162e-04 -4.710818559e-02
353670.945000000 -2.239627518e-04 -6.570475550e-05 1.359750022e-03 7.088467569e-03 3.519382938e-03 -4.384932038e-02
353670.950000000 -1.963824991e-04 -9.750853373e-05 1.363020507e-03 6.048445035e-03 4.085220757e-03 -4.373385043e-02
353670.955000000 -1.681038123e-04 -1.096357730e-04 1.363041231e-03 2.597029454e-03 2.708565023e-03 -4.633723094e-02
353670.960000000 -1.552712391e-04 -1.149196410e-04 1.360752315e-03 -3.102259129e-03 -9.779964574e-04 -5.020244140e-02
353670.965000000 -1.775646478e-04 -9.436324991e-05 1.359717600e-03 -5.476374655e-03 -4.066780202e-03 -5.248256411e-02
353670.970000000 -2.319727419e-04 -5.280654775e-05 1.353323819e-03 -2.560809099e-03 -3.372344083e-03 -5.212093947e-02
353670.975000000 -2.828819798e-04 -3.744384434e-05 1.348668348e-03 1.328139739e-03 3.415888298e-04 -4.911804720e-02
353670.980000000 -2.749544498e-04 -6.777520058e-05 1.355104479e-03 5.320027298e-03 5.320266481e-03 -4.459763189e-02
353670.985000000 -2.212748419e-04 -1.088747240e-04 1.363432292e-03 6.040022588e-03 7.316493217e-03 -4.365383384e-02
353670.990000000 -1.751937348e-04 -1.228190104e-04 1.363471895e-03 2.760330874e-03 5.601493351e-03 -4.627649745e-02
353670.995000000 -1.539594936e-04 -1.263482039e-04 1.360858108e-03 -1.145215733e-03 2.685335234e-03 -4.922303183e-02
353671.000000000 -1.640802719e-04 -1.132951295e-04 1.357839890e-03 -4.149529416e-03 -5.938583023e-04 -5.210705547e-02
353671.005000000 -1.945125929e-04 -7.199560478e-05 1.354048048e-03 -3.712706653e-03 -1.518920297e-03 -5.193558124e-02
353671.010000000 -2.265251966e-04 -3.874559853e-05 1.350494948e-03 4.199713893e-04 3.551431618e-04 -4.838750355e-02
353671.015000000 -2.475104890e-04 -4.261478970e-05 1.348456178e-03 4.874099509e-03 2.364835044e-03 -4.531953591e-02
353671.020000000 -2.335473246e-04 -8.210322082e-05 1.352031283e-03 6.013614153e-03 4.045256641e-03 -4.443829520e-02
353671.025000000 -1.932438385e-04 -1.188744776e-04 1.352784158e-03 3.741456312e-03 4.488527675e-03 -4.581630970e-02
353671.030000000 -1.596968696e-04 -1.304011219e-04 1.350583276e-03 4.845071627e-04 3.106385102e-03 -4.896225767e-02
353671.035000000 -1.449227040e-04 -1.277508735e-04 1.350251146e-03 -2.940138321e-03 1.400783330e-03 -5.212200526e-02
353671.040000000 -1.773627055e-04 -9.891552198e-05 1.347037335e-03 -3.675745346e-03 7.726393287e-04 -5.138194942e-02
353671.045000000 -2.361579886e-04 -6.796898810e-05 1.346910909e-03 -2.136917524e-04 1.905449165e-03 -4.834370120e-02
353671.050000000 -2.544239047e-04 -6.485209098e-05 1.354849191e-03 3.977402240e-03 3.654815659e-03 -4.650838308e-02
353671.055000000 -2.328976031e-04 -8.637609473e-05 1.362997636e-03 6.025283486e-03 4.669841777e-03 -4.522112806e-02
353671.060000000 -1.819925550e-04 -1.188887879e-04 1.366074240e-03 4.717261177e-03 3.909231026e-03 -4.628301961e-02
353671.065000000 -1.390398011e-04 -1.407270138e-04 1.363740585e-03 8.240232332e-04 2.157176153e-03 -4.922428745e-02
353671.070000000 -1.322718556e-04 -1.473601232e-04 1.358984556e-03 -3.689976233e-03 1.041506798e-03 -5.088568874e-02
353671.075000000 -1.473920166e-04 -1.336693476e-04 1.358438971e-03 -6.152836030e-03 4.406209719e-04 -5.061178445e-02
353671.080000000 -2.176650353e-04 -7.838110412e-05 1.354153500e-03 -2.215667218e-03 1.509474375e-03 -4.884595994e-02
353671.085000000 -2.796763999e-04 -4.704504134e-05 1.348647772e-03 3.677330937e-03 3.819279219e-03 -4.645100529e-02
353671.090000000 -2.685760193e-04 -7.116798777e-05 1.352173246e-03 6.442661277e-03 5.019865575e-03 -4.466740342e-02
353671.095000000 -2.206714342e-04 -1.019678327e-04 1.357904195e-03 6.996177049e-03 4.602411134e-03 -4.521516071e-02
353671.100000000 -1.479305706e-04 -1.341394918e-04 1.358286031e-03 2.637719132e-03 2.916265466e-03 -4.846032749e-02
353671.105000000 -1.144415266e-04 -1.557056039e-04 1.353511098e-03 -3.371288695e-03 1.496736050e-03 -5.034809591e-02
353671.110000000 -1.419948759e-04 -1.521424541e-04 1.348000218e-03 -6.035191975e-03 1.117352094e-03 -4.984272540e-02
353671.115000000 -1.832379005e-04 -1.234298684e-04 1.339461941e-03 -5.341268832e-03 1.269384947e-03 -4.890878521e-02
353671.120000000 -2.326211326e-04 -8.719585035e-05 1.333553485e-03 2.124040662e-04 2.597136835e-03 -4.630364135e-02
353671.125000000 -2.479413021e-04 -8.655067406e-05 1.333906721e-03 5.866597915e-03 3.501958331e-03 -4.486319860e-02
353671.130000000 -2.120345088e-04 -1.086584707e-04 1.339616892e-03 6.837178816e-03 3.474253397e-03 -4.639520763e-02
353671.135000000 -1.642643370e-04 -1.181041613e-04 1.341930776e-03 4.585687761e-03 3.867066901e-03 -4.776994111e-02
353671.140000000 -1.232351744e-04 -1.274871077e-04 1.336927172e-03 -9.219124650e-04 3.559955093e-03 -4.916062332e-02
353671.145000000 -1.122534249e-04 -1.281248470e-04 1.334258000e-03 -5.685605808e-03 2.298015501e-03 -5.049692994e-02
353671.150000000 -1.404429308e-04 -9.886283257e-05 1.330661380e-03 -6.033841438e-03 1.114015573e-03 -4.973587055e-02
353671.155000000 -1.831624878e-04 -5.955981713e-05 1.324897156e-03 -2.687331351e-03 6.072341073e-04 -4.761659982e-02
353671.160000000 -2.107096846e-04 -5.648394576e-05 1.330359462e-03 3.583410526e-03 1.072459873e-03 -4.611134563e-02
353671.165000000 -2.061271600e-04 -8.256522149e-05 1.338801083e-03 7.025037351e-03 2.589975825e-03 -4.533716270e-02
353671.170000000 -1.785673095e-04 -1.059022634e-04 1.341932525e-03 5.524396094e-03 4.153816407e-03 -4.508113129e-02
353671.175000000 -1.438280259e-04 -1.312703099e-04 1.342439839e-03 2.202199260e-03 4.506708805e-03 -4.635840291e-02
353671.180000000 -1.185092197e-04 -1.473268229e-04 1.340321368e-03 -3.883601450e-03 2.860707130e-03 -4.906262148e-02
353671.185000000 -1.262189916e-04 -1.250266595e-04 1.339549050e-03 -7.005558452e-03 4.001912578e-04 -5.025702583e-02
353671.190000000 -1.700382833e-04 -8.186024089e-05 1.335736481e-03 -3.410430809e-03 -7.882292956e-04 -4.991866098e-02
353671.195000000 -2.158784368e-04 -5.860494922e-05 1.332909464e-03 1.571926490e-03 -3.357005573e-04 -4.918878822e-02
353671.200000000 -2.082005267e-04 -7.726308417e-05 1.338762020e-03 5.121150477e-03 2.286080550e-03 -4.595029466e-02
353671.205000000 -1.629100263e-04 -1.018661357e-04 1.344546503e-03 5.518245687e-03 4.369334379e-03 -4.391904460e-02
353671.210000000 -1.288328459e-04 -1.118684637e-04 1.347282816e-03 2.547740769e-03 4.074714941e-03 -4.581889372e-02
353671.215000000 -1.116695420e-04 -1.257774928e-04 1.347522448e-03 -2.271259285e-03 2.972672040e-03 -4.822122029e-02
353671.220000000 -1.344053667e-04 -1.037108446e-04 1.344393931e-03 -5.440929364e-03 3.316984534e-04 -5.008159314e-02
353671.225000000 -1.775529366e-04 -5.257075482e-05 1.343003022e-03 -3.531863054e-03 -1.443941884e-03 -5.113437259e-02
353671.230000000 -2.066520280e-04 -2.556401071e-05 1.342287277e-03 1.064156851e-03 -2.852857435e-04 -4.978250416e-02
353671.235000000 -2.156587976e-04 -3.515148828e-05 1.342813289e-03 5.027827745e-03 1.553958276e-03 -4.630685163e-02
353671.240000000 -1.902131687e-04 -7.693347447e-05 1.349195337e-03 6.124425543e-03 3.483374843e-03 -4.448316267e-02
353671.245000000 -1.523535870e-04 -1.177747332e-04 1.352640138e-03 3.123769969e-03 4.393669322e-03 -4.539712508e-02
353671.250000000 -1.234103985e-04 -1.397965490e-04 1.347991789e-03 -1.485762296e-03 2.947759740e-03 -4.741257713e-02
353671.255000000 -1.174447817e-04 -1.250635130e-04 1.344880885e-03 -5.038296052e-03 -1.065322114e-03 -5.098440758e-02
353671.260000000 -1.566799584e-04 -7.602723758e-05 1.340974680e-03 -4.463633142e-03 -3.251156835e-03 -5.233393027e-02
353671.265000000 -2.177119801e-04 -4.144105167e-05 1.340225764e-03 -1.172260917e-04 -8.852965906e-04 -4.929734551e-02
353671.270000000 -2.496769591e-04 -4.070529397e-05 1.343043777e-03 4.080814657e-03 2.556424250e-03 -4.576347572e-02
353671.275000000 -2.052608026e-04 -7.398205674e-05 1.349308027e-03 4.833596733e-03 5.216685981e-03 -4.400174879e-02
353671.280000000 -1.314802136e-04 -1.033052735e-04 1.357594269e-03 2.375248110e-03 4.979292548e-03 -4.529005240e-02
353671.285000000 -1.002931620e-04 -1.157139629e-04 1.355204426e-03 -8.582264693e-04 1.952616211e-03 -4.910944482e-02
353671.290000000 -1.015612277e-04 -1.197856385e-04 1.352837005e-03 -4.122519094e-03 -9.042197135e-04 -5.291221962e-02
353671.295000000 -1.479970386e-04 -8.064726133e-05 1.354467868e-03 -4.012519874e-03 -1.366724272e-03 -5.226985050e-02
353671.300000000 -2.037396162e-04 -3.529683865e-05 1.355946987e-03 2.985209698e-04 4.848915729e-04 -4.813828194e-02
353671.305000000 -2.189941227e-04 -3.370854595e-05 1.358672040e-03 4.516254374e-03 2.429341077e-03 -4.493423273e-02
353671.310000000 -2.071028200e-04 -6.033140265e-05 1.364748685e-03 6.214089195e-03 3.310324725e-03 -4.329414587e-02
353671.315000000 -1.715660232e-04 -1.042629966e-04 1.371192669e-03 4.534029008e-03 2.189145124e-03 -4.555367022e-02
353671.320000000 -1.396061651e-04 -1.373976879e-04 1.374678763e-03 6.271906237e-04 3.297878197e-04 -5.027418666e-02
353671.325000000 -1.370350036e-04 -1.474812434e-04 1.374782034e-03 -3.572807786e-03 -1.581147442e-04 -5.294108313e-02
353671.330000000 -1.485350221e-04 -1.363006993e-04 1.366624835e-03 -5.809480300e-03 3.156705433e-04 -5.243068015e-02
353671.335000000 -1.872728224e-04 -7.922656733e-05 1.362506307e-03 -2.225951307e-03 1.925613516e-03 -4.903868297e-02
353671.340000000 -2.325083557e-04 -4.415416427e-05 1.364307911e-03 2.944285632e-03 3.850457256e-03 -4.559392677e-02
353671.345000000 -2.393622364e-04 -6.284964172e-05 1.370255778e-03 5.183722065e-03 4.295377443e-03 -4.405687186e-02
353671.350000000 -2.115752555e-04 -8.597269072e-05 1.378637845e-03 5.617032135e-03 3.241690497e-03 -4.509507418e-02
353671.355000000 -1.500916186e-04 -1.135974770e-04 1.376518204e-03 1.680331647e-03 1.189381520e-03 -4.908346084e-02
353671.360000000 -1.082341360e-04 -1.256753037e-04 1.368867621e-03 -3.517448437e-03 -3.591065425e-04 -5.166532671e-02
353671.365000000 -1.224059607e-04 -1.098897531e-04 1.365744653e-03 -5.297417355e-03 -6.422258267e-04 -5.093327729e-02
353671.370000000 -1.685703010e-04 -7.923233643e-05 1.359726528e-03 -4.297225505e-03 -1.726174852e-04 -4.920587140e-02
353671.375000000 -2.299214652e-04 -4.926566642e-05 1.359064698e-03 8.173574041e-04 1.807109065e-03 -4.572858724e-02
353671.380000000 -2.530069415e-04 -5.536072366e-05 1.361964819e-03 5.875358366e-03 3.043335573e-03 -4.380681329e-02
353671.385000000 -2.229633292e-04 -8.374367221e-05 1.365414807e-03 6.785445964e-03 2.625966543e-03 -4.568393861e-02
353671.390000000 -1.825977323e-04 -1.065609882e-04 1.371171567e-03 4.805390057e-03 2.415723728e-03 -4.804496384e-02
353671.395000000 -1.477457670e-04 -1.295879461e-04 1.366430867e-03 -5.753674673e-04 1.734609462e-03 -4.994195330e-02
353671.400000000 -1.374865403e-04 -1.265883768e-04 1.361023201e-03 -4.973461690e-03 7.976497470e-04 -5.070003394e-02
353671.405000000 -1.597181238e-04 -9.529025587e-05 1.357519270e-03 -4.999168317e-03 3.877543681e-04 -4.949217828e-02
353671.410000000 -2.108707061e-04 -6.478244375e-05 1.356823467e-03 -2.162498566e-03 8.177945644e-04 -4.725901181e-02
353671.415000000 -2.478022168e-04 -6.288493806e-05 1.364838371e-03 3.065900027e-03 1.906230686e-03 -4.582728071e-02
353671.420000000 -2.338852539e-04 -8.362815176e-05 1.370711454e-03 5.719887997e-03 2.794317674e-03 -4.572204145e-02
353671.425000000 -1.962923966e-04 -9.857065835e-05 1.373693958e-03 4.065233456e-03 3.164817539e-03 -4.626716387e-02
353671.430000000 -1.563980660e-04 -1.029318509e-04 1.373692146e-03 1.309352696e-03 2.779196087e-03 -4.761361545e-02
353671.435000000 -1.485941392e-04 -1.001410183e-04 1.370935533e-03 -3.078365759e-03 1.553957229e-03 -4.905597614e-02
353671.440000000 -1.809900339e-04 -7.960315204e-05 1.370424196e-03 -4.793419785e-03 3.531136618e-04 -4.876938732e-02
353671.445000000 -2.189806399e-04 -4.584933721e-05 1.372194855e-03 -1.274072068e-03 -1.663518141e-05 -4.763178520e-02
353671.450000000 -2.511681953e-04 -3.313473033e-05 1.377228891e-03 3.064360531e-03 5.349648172e-04 -4.703026729e-02
353671.455000000 -2.479317591e-04 -5.953009346e-05 1.380664148e-03 5.648890453e-03 2.349110546e-03 -4.596594385e-02
353671.460000000 -2.071972099e-04 -9.853221726e-05 1.379051619e-03 5.084592034e-03 3.901291782e-03 -4.559899800e-02
353671.465000000 -1.747997528e-04 -1.192616029e-04 1.374260336e-03 1.903957414e-03 3.813140105e-03 -4.686305403e-02
353671.470000000 -1.613306359e-04 -1.244027680e-04 1.371704613e-03 -2.214651074e-03 2.827085745e-03 -4.822632019e-02
353671.475000000 -1.882670340e-04 -1.012448981e-04 1.371086424e-03 -3.953973689e-03 6.423094826e-04 -4.933686214e-02
353671.480000000 -2.395627781e-04 -6.255257405e-05 1.372732078e-03 -1.627760833e-03 -6.013698708e-04 -5.016895597e-02
353671.485000000 -2.694245987e-04 -4.186397314e-05 1.372226907e-03 1.962987703e-03 9.780611618e-04 -4.958404243e-02
353671.490000000 -2.668331226e-04 -4.973221131e-05 1.367173062e-03 4.639946977e-03 3.199540781e-03 -4.734195420e-02
353671.495000000 -2.082857568e-04 -7.217312248e-05 1.367619200e-03 4.390499764e-03 4.739355750e-03 -4.621776740e-02
353671.500000000 -1.467708885e-04 -8.659465261e-05 1.373134223e-03 1.270638530e-03 4.744004613e-03 -4.680531289e-02
353671.505000000 -1.407153816e-04 -9.459069075e-05 1.370780551e-03 -1.935600346e-03 3.114375027e-03 -4.772215421e-02
353671.510000000 -1.591257037e-04 -9.256775255e-05 1.368109601e-03 -3.498634185e-03 1.061990382e-03 -4.926197233e-02
353671.515000000 -1.995056242e-04 -5.926184230e-05 1.369839199e-03 -1.463048088e-03 9.670922018e-05 -4.993264576e-02
353671.520000000 -2.374400680e-04 -3.081041166e-05 1.369140203e-03 2.844831291e-03 1.190995572e-03 -4.835583166e-02
353671.525000000 -2.402814405e-04 -4.349378616e-05 1.372144985e-03 5.952371577e-03 3.101964942e-03 -4.657506147e-02
353671.530000000 -2.213277383e-04 -7.205568920e-05 1.372980727e-03 6.593432624e-03 4.647203648e-03 -4.592171759e-02
353671.535000000 -1.705058141e-04 -1.081266618e-04 1.368667193e-03 2.914689977e-03 4.526086577e-03 -4.629160447e-02
353671.540000000 -1.299984303e-04 -1.261217032e-04 1.368988963e-03 -1.724359269e-03 2.473193467e-03 -4.827015456e-02
353671.545000000 -1.346914061e-04 -1.187208333e-04 1.368788165e-03 -3.745177332e-03 5.071486730e-04 -5.068009605e-02
353671.550000000 -1.639021220e-04 -1.010813458e-04 1.365739214e-03 -3.810112836e-03 -1.235485370e-04 -5.131148915e-02
353671.555000000 -2.094342347e-04 -7.302740100e-05 1.367594185e-03 4.499223229e-04 2.157659384e-03 -4.937442269e-02
353671.560000000 -2.261817654e-04 -6.473478783e-05 1.375261439e-03 4.905047199e-03 5.179326316e-03 -4.705050181e-02
353671.565000000 -1.974941584e-04 -8.193312380e-05 1.381064454e-03 5.293002451e-03 6.170224590e-03 -4.604743316e-02
353671.570000000 -1.574940756e-04 -9.701110409e-05 1.381511200e-03 3.859162666e-03 5.321885025e-03 -4.625211482e-02
353671.575000000 -1.304812390e-04 -1.021180147e-04 1.376394617e-03 3.816755314e-04 1.524789926e-03 -4.947966771e-02
353671.580000000 -1.377248064e-04 -9.740405961e-05 1.370955046e-03 -2.778194312e-03 -1.373938830e-03 -5.219657764e-02
353671.585000000 -1.719713035e-04 -8.261214890e-05 1.367895502e-03 -2.650377451e-03 -8.694706515e-04 -5.112646885e-02
353671.590000000 -2.069494869e-04 -6.488869252e-05 1.367398804e-03 -7.323220804e-05 1.008628062e-03 -4.893521040e-02
353671.595000000 -2.207133177e-04 -6.969132049e-05 1.372755010e-03 3.437440369e-03 4.275348935e-03 -4.607302084e-02
353671.600000000 -1.998903977e-04 -9.252294474e-05 1.376106164e-03 5.084666675e-03 5.892778060e-03 -4.453846926e-02
353671.605000000 -1.626536430e-04 -1.129951587e-04 1.376680360e-03 4.096378015e-03 4.231484015e-03 -4.633839205e-02
353671.610000000 -1.353250353e-04 -1.311307742e-04 1.374561754e-03 1.971087427e-03 1.517111819e-03 -4.981919670e-02
353671.615000000 -1.446665292e-04 -1.373364585e-04 1.366966379e-03 -9.821172248e-04 -3.175656694e-04 -5.217197751e-02
353671.620000000 -1.787554967e-04 -1.255300173e-04 1.363882473e-03 -1.894155123e-03 1.432714780e-04 -5.167829156e-02
353671.625000000 -2.060217547e-04 -1.077324480e-04 1.363352951e-03 -2.185242989e-04 2.384086155e-03 -4.949359551e-02
353671.630000000 -2.174551945e-04 -9.717583571e-05 1.360502400e-03 1.623212534e-03 5.032661847e-03 -4.649673895e-02
353671.635000000 -1.818817575e-04 -9.837539176e-05 1.365466568e-03 3.120731685e-03 5.029219106e-03 -4.511406321e-02
353671.640000000 -1.341440562e-04 -1.073580867e-04 1.373473151e-03 2.784606691e-03 2.517280817e-03 -4.720792320e-02
353671.645000000 -1.245137232e-04 -1.151982353e-04 1.373974295e-03 6.876513669e-04 7.207237385e-04 -4.999113729e-02
353671.650000000 -1.395493888e-04 -1.159352319e-04 1.371480220e-03 -1.187834350e-03 1.952307271e-04 -5.125066556e-02
353671.655000000 -1.635792032e-04 -9.870357808e-05 1.368384371e-03 -1.223428397e-03 1.470491913e-03 -5.033891195e-02
353671.660000000 -1.777807305e-04 -7.786844013e-05 1.367697587e-03 3.333100207e-04 3.326952955e-03 -4.782180971e-02
353671.665000000 -1.834290604e-04 -7.696455007e-05 1.372788575e-03 2.403879361e-03 3.826894015e-03 -4.564043706e-02
353671.670000000 -1.780963658e-04 -9.720635449e-05 1.373599260e-03 4.181888070e-03 3.117129755e-03 -4.523468189e-02
353671.675000000 -1.489961938e-04 -1.356857197e-04 1.372107901e-03 2.762102469e-03 1.241256018e-03 -4.706024069e-02
353671.680000000 -1.267991854e-04 -1.597265267e-04 1.375181214e-03 -1.379100474e-04 -1.649131312e-04 -4.886029166e-02
353671.685000000 -1.285986738e-04 -1.505907493e-04 1.377575689e-03 -1.400684892e-03 9.449098733e-05 -4.948498575e-02
353671.690000000 -1.469982253e-04 -1.276148483e-04 1.379603280e-03 -1.661751120e-03 1.250378394e-03 -4.933670045e-02
353671.695000000 -1.964890376e-04 -1.072877718e-04 1.381807227e-03 -1.578933690e-05 3.376577651e-03 -4.740505271e-02
353671.700000000 -2.294341095e-04 -1.019713028e-04 1.381872711e-03 2.232743804e-03 4.761865193e-03 -4.620357758e-02
353671.705000000 -2.029380164e-04 -1.112144758e-04 1.382068453e-03 2.691921157e-03 4.385080386e-03 -4.741892115e-02
353671.710000000 -1.505933644e-04 -1.256025515e-04 1.384865057e-03 1.590438550e-03 3.210726535e-03 -4.858344887e-02
353671.715000000 -1.124950422e-04 -1.280482662e-04 1.384962455e-03 -1.399783493e-04 1.044002589e-03 -4.942118637e-02
353671.720000000 -1.183682441e-04 -1.183127143e-04 1.382165728e-03 -1.467178161e-03 7.547206651e-07 -4.958144795e-02
353671.725000000 -1.518463244e-04 -1.060279538e-04 1.379244991e-03 -1.980182106e-03 9.612355791e-04 -4.773210617e-02
353671.730000000 -1.791557793e-04 -9.337527703e-05 1.378804564e-03 -1.102772738e-03 1.657552151e-03 -4.529025944e-02
353671.735000000 -1.933001187e-04 -8.795317435e-05 1.378690689e-03 1.478142507e-03 1.395836106e-03 -4.575272880e-02
353671.740000000 -1.887919903e-04 -9.759523934e-05 1.378958623e-03 2.862673347e-03 1.308238466e-03 -4.746135181e-02
353671.745000000 -1.754672539e-04 -1.178742273e-04 1.382033618e-03 1.996718893e-03 1.680479127e-03 -4.814825971e-02
353671.750000000 -1.617507766e-04 -1.363095480e-04 1.382691420e-03 5.801210694e-04 2.050595923e-03 -4.933887955e-02
353671.755000000 -1.461050184e-04 -1.295297385e-04 1.382443420e-03 -1.270937846e-03 2.672941946e-03 -4.936612585e-02
353671.760000000 -1.481226440e-04 -1.090830227e-04 1.381841958e-03 -1.667511174e-03 2.667361723e-03 -4.771710631e-02
353671.765000000 -1.735213022e-04 -9.832651746e-05 1.384094831e-03 -1.540920773e-04 1.982928997e-03 -4.652791036e-02
353671.770000000 -1.929701152e-04 -8.299148049e-05 1.388851951e-03 1.267860478e-03 1.658030943e-03 -4.603843523e-02
353671.775000000 -1.767029828e-04 -8.159992265e-05 1.389094694e-03 1.924120024e-03 1.297815582e-03 -4.591510909e-02
353671.780000000 -1.453500655e-04 -9.341793203e-05 1.386858190e-03 1.495387793e-03 6.100526107e-04 -4.709568508e-02
353671.785000000 -1.308006751e-04 -9.650140012e-05 1.384251044e-03 -2.340644445e-05 2.116991947e-04 -4.906609570e-02
353671.790000000 -1.398751126e-04 -9.696986501e-05 1.381631449e-03 -1.632452478e-03 3.335127031e-04 -4.979737968e-02
353671.795000000 -1.780385516e-04 -8.785647309e-05 1.383781882e-03 -1.118830755e-03 8.264181398e-04 -4.916365283e-02
353671.800000000 -2.133033044e-04 -7.282979299e-05 1.391058863e-03 8.860557108e-04 1.734437417e-03 -4.833960644e-02
353671.805000000 -2.206127772e-04 -7.173724120e-05 1.396548276e-03 2.227509389e-03 2.873010262e-03 -4.723947681e-02
353671.810000000 -2.009470849e-04 -8.606137870e-05 1.397278478e-03 2.923356714e-03 3.580553788e-03 -4.604089937e-02
353671.815000000 -1.543846056e-04 -1.108896970e-04 1.395407393e-03 1.544344544e-03 3.026583878e-03 -4.669060714e-02
353671.820000000 -1.259685710e-04 -1.196789062e-04 1.392923392e-03 -1.177783372e-03 1.830101424e-03 -4.783084821e-02
353671.825000000 -1.367770057e-04 -1.031529122e-04 1.394740343e-03 -2.337075017e-03 9.773893313e-04 -4.786087256e-02
353671.830000000 -1.727219103e-04 -8.283065394e-05 1.396904111e-03 -1.595149965e-03 3.827671864e-04 -4.821188724e-02
353671.835000000 -2.176976029e-04 -6.744875191e-05 1.399236428e-03 5.275371024e-04 7.878510102e-04 -4.820798443e-02
353671.840000000 -2.260759760e-04 -6.390719037e-05 1.401816690e-03 2.458668644e-03 1.716691260e-03 -4.753389623e-02
353671.845000000 -1.991635824e-04 -7.543982292e-05 1.399822716e-03 3.102194655e-03 2.073103353e-03 -4.760688107e-02
353671.850000000 -1.646635460e-04 -9.047467328e-05 1.397506177e-03 2.252509408e-03 2.221628082e-03 -4.821750172e-02
353671.855000000 -1.593212232e-04 -9.894723797e-05 1.397537406e-03 2.090454175e-04 2.238469553e-03 -4.799979223e-02
353671.860000000 -1.885676393e-04 -9.788469138e-05 1.395144608e-03 -8.545679669e-04 2.035921920e-03 -4.781344415e-02
353671.865000000 -2.133581395e-04 -8.854445854e-05 1.392280365e-03 -4.387591588e-04 1.882109624e-03 -4.829569119e-02
353671.870000000 -2.278499159e-04 -7.329107015e-05 1.394101253e-03 5.900623711e-04 2.006939062e-03 -4.822584969e-02
353671.875000000 -2.167572480e-04 -7.163777792e-05 1.396679655e-03 2.354627710e-03 2.697132132e-03 -4.780343600e-02
353671.880000000 -1.859327615e-04 -9.043881604e-05 1.397363838e-03 2.707687610e-03 3.532340764e-03 -4.770088879e-02
353671.885000000 -1.609751321e-04 -1.062512184e-04 1.397759329e-03 1.026118950e-03 3.762192356e-03 -4.761307359e-02
353671.890000000 -1.417857160e-04 -1.120947698e-04 1.395442863e-03 -2.933657363e-04 2.980842988e-03 -4.770097499e-02
353671.895000000 -1.647189729e-04 -1.035213511e-04 1.390165474e-03 -3.667737754e-04 1.245766014e-03 -4.909792432e-02
353671.900000000 -2.062077628e-04 -9.150957026e-05 1.387043980e-03 1.381373687e-04 4.427526300e-04 -4.965896272e-02
353671.905000000 -2.174761054e-04 -7.833987759e-05 1.391306691e-03 1.102730795e-03 1.031944516e-03 -4.812312028e-02
353671.910000000 -2.111461106e-04 -6.714574457e-05 1.396276338e-03 2.564926652e-03 1.884901631e-03 -4.709427530e-02
353671.915000000 -1.859689437e-04 -7.770491333e-05 1.396985624e-03 2.073218420e-03 3.455878745e-03 -4.643938673e-02
353671.920000000 -1.637449381e-04 -9.774351084e-05 1.397514812e-03 2.929291309e-04 4.306676413e-03 -4.593084903e-02
353671.925000000 -1.616020615e-04 -1.067987916e-04 1.400192531e-03 -3.332379626e-04 3.270422166e-03 -4.719298474e-02
353671.930000000 -1.689284959e-04 -1.027086527e-04 1.405165875e-03 -3.613951967e-04 1.770205019e-03 -4.970067687e-02
353671.935000000 -1.867702215e-04 -9.288850162e-05 1.407833245e-03 8.855843884e-04 1.043911398e-03 -5.015481070e-02
353671.940000000 -2.054641408e-04 -8.998331879e-05 1.405643207e-03 2.934602671e-03 1.338623985e-03 -4.895935287e-02
353671.945000000 -2.022597449e-04 -9.688605653e-05 1.405583052e-03 3.577113076e-03 2.346753739e-03 -4.787131103e-02
353671.950000000 -1.699929880e-04 -1.185256698e-04 1.406135023e-03 1.998563258e-03 3.328879093e-03 -4.644340598e-02
353671.955000000 -1.421940173e-04 -1.370921550e-04 1.404199034e-03 2.178331308e-05 2.874380356e-03 -4.661135642e-02
353671.960000000 -1.494876940e-04 -1.247725728e-04 1.401199303e-03 -1.036538762e-03 1.638102999e-03 -4.840934022e-02
353671.965000000 -1.749261115e-04 -1.070925146e-04 1.398089214e-03 -1.376240067e-03 1.036843885e-03 -4.939859520e-02
353671.970000000 -1.994701469e-04 -9.123847776e-05 1.404604080e-03 5.528411115e-04 1.556306169e-03 -4.919053619e-02
353671.975000000 -2.068488807e-04 -8.236212725e-05 1.412343969e-03 2.898149550e-03 2.908253989e-03 -4.841965600e-02
353671.980000000 -1.927938740e-04 -9.307143456e-05 1.415812679e-03 3.263304771e-03 4.155129847e-03 -4.721179085e-02
353671.985000000 -1.716594496e-04 -1.106321740e-04 1.416547633e-03 2.563298186e-03 4.562293312e-03 -4.614162705e-02
353671.990000000 -1.499886907e-04 -1.290451890e-04 1.407497676e-03 6.204588343e-04 2.940485067e-03 -4.750601490e-02
353671.995000000 -1.429173482e-04 -1.334756988e-04 1.399350495e-03 -1.305881380e-03 8.460805435e-04 -4.964644213e-02
353672.000000000 -1.593325292e-04 -1.199696161e-04 1.395785275e-03 -1.198523564e-03 2.472196235e-04 -4.982397797e-02
353672.005000000 -1.854912607e-04 -1.023369684e-04 1.392678739e-03 5.157441276e-04 8.038483441e-04 -4.927614689e-02
353672.010000000 -2.003535166e-04 -9.571618670e-05 1.399357345e-03 2.480876760e-03 3.344350685e-03 -4.733845832e-02
353672.015000000 -1.920320299e-04 -1.064651537e-04 1.410002616e-03 3.237008836e-03 5.591114226e-03 -4.495712514e-02
353672.020000000 -1.667776552e-04 -1.238708067e-04 1.411605337e-03 2.473882597e-03 5.087812955e-03 -4.529152128e-02
353672.025000000 -1.399357655e-04 -1.348347941e-04 1.409482105e-03 6.982429011e-04 3.187713777e-03 -4.782343228e-02
353672.030000000 -1.347588375e-04 -1.289739847e-04 1.404275738e-03 -1.071114272e-03 6.961376295e-04 -5.010178912e-02
353672.035000000 -1.489304820e-04 -1.167714966e-04 1.398634292e-03 -9.817009784e-04 -7.449478605e-04 -5.084974042e-02
353672.040000000 -1.651781084e-04 -1.038102410e-04 1.400055611e-03 4.942134910e-04 8.617909764e-05 -4.989033699e-02
353672.045000000 -1.813704395e-04 -9.315684309e-05 1.402447842e-03 1.948956288e-03 2.226300571e-03 -4.728364769e-02
353672.050000000 -1.852659106e-04 -1.061274367e-04 1.403149041e-03 2.995152188e-03 4.001890547e-03 -4.523568525e-02
353672.055000000 -1.686004918e-04 -1.288248116e-04 1.401425142e-03 2.332896040e-03 4.041933402e-03 -4.608049428e-02
353672.060000000 -1.450226637e-04 -1.405464921e-04 1.399042665e-03 9.662112933e-05 2.685807451e-03 -4.845171558e-02
353672.065000000 -1.305000807e-04 -1.390523756e-04 1.400986644e-03 -1.718770344e-03 1.007373130e-03 -5.037669945e-02
353672.070000000 -1.551607128e-04 -1.182223390e-04 1.400760778e-03 -1.524418417e-03 6.712490373e-04 -5.078568428e-02
353672.075000000 -1.966192823e-04 -9.766612118e-05 1.397929952e-03 1.080383121e-04 2.426507156e-03 -4.881015133e-02
353672.080000000 -2.065366582e-04 -9.300948435e-05 1.397501544e-03 1.757901691e-03 4.589146374e-03 -4.575217158e-02
353672.085000000 -1.882952032e-04 -1.015207599e-04 1.400033405e-03 3.012926541e-03 5.561746249e-03 -4.405549250e-02
353672.090000000 -1.479785170e-04 -1.182823826e-04 1.398410445e-03 2.129973633e-03 3.748996553e-03 -4.555401722e-02
353672.095000000 -1.309018259e-04 -1.250094073e-04 1.393565622e-03 -7.405038562e-06 1.054484112e-03 -4.841313975e-02
353672.100000000 -1.549017455e-04 -1.239928996e-04 1.390621645e-03 -1.276818176e-03 1.651622759e-04 -5.039177893e-02
353672.105000000 -1.726974072e-04 -1.171912907e-04 1.387812002e-03 -1.824138117e-03 6.762259927e-04 -5.116235415e-02
353672.110000000 -1.798372213e-04 -9.523834578e-05 1.393807668e-03 -3.756570017e-04 2.592086633e-03 -4.862078752e-02
353672.115000000 -1.854345049e-04 -8.292059792e-05 1.396804075e-03 2.172332789e-03 3.896068708e-03 -4.559871721e-02
353672.120000000 -1.765698836e-04 -9.532115525e-05 1.395160505e-03 3.296752534e-03 3.401621132e-03 -4.548785329e-02
353672.125000000 -1.585727144e-04 -1.131792787e-04 1.395300024e-03 2.731777526e-03 2.275948206e-03 -4.633266233e-02
353672.130000000 -1.512667749e-04 -1.249062876e-04 1.388690692e-03 7.392979253e-04 9.198291805e-04 -4.820762210e-02
353672.135000000 -1.552802251e-04 -1.220383085e-04 1.380640920e-03 -1.279903608e-03 4.887255470e-04 -5.011127936e-02
353672.140000000 -1.632361358e-04 -1.077107558e-04 1.379183080e-03 -2.118230230e-03 1.412144673e-03 -4.970640341e-02
353672.145000000 -1.785817648e-04 -8.736538428e-05 1.383234668e-03 -1.396879305e-03 2.691199296e-03 -4.784934605e-02
353672.150000000 -1.993997559e-04 -7.560871029e-05 1.388263320e-03 8.905751251e-04 4.149726523e-03 -4.654955104e-02
353672.155000000 -1.952077421e-04 -8.317692227e-05 1.391494146e-03 2.283362965e-03 4.670731323e-03 -4.652957600e-02
353672.160000000 -1.547303768e-04 -9.745098762e-05 1.392158189e-03 1.854461852e-03 3.287756916e-03 -4.736451815e-02
353672.165000000 -1.207460263e-04 -1.080980857e-04 1.390080962e-03 9.419503238e-04 1.240926754e-03 -4.897779454e-02
353672.170000000 -1.324571944e-04 -1.054184069e-04 1.385085819e-03 -5.633964701e-04 5.843491916e-04 -4.963647470e-02
353672.175000000 -1.650883648e-04 -9.393906187e-05 1.386387816e-03 -1.175017233e-03 1.604803177e-03 -4.816788216e-02
353672.180000000 -1.861676783e-04 -8.094966841e-05 1.393285933e-03 2.060685428e-06 2.841509681e-03 -4.641733641e-02
353672.185000000 -2.027263403e-04 -7.021649702e-05 1.396423377e-03 1.464719167e-03 3.845884434e-03 -4.551293769e-02
353672.190000000 -1.843008703e-04 -7.969746943e-05 1.394760229e-03 2.136720440e-03 3.839014884e-03 -4.585231892e-02
353672.195000000 -1.392929411e-04 -1.033540327e-04 1.394945617e-03 1.775469541e-03 2.433985548e-03 -4.779177844e-02
353672.200000000 -1.207823340e-04 -1.134292110e-04 1.399743992e-03 6.254718433e-04 9.983095900e-04 -5.008837542e-02
353672.205000000 -1.371727764e-04 -1.081147494e-04 1.400406938e-03 -7.555172535e-04 7.946139054e-04 -5.081668994e-02
353672.210000000 -1.655486275e-04 -9.633293386e-05 1.397866853e-03 -6.449448183e-04 2.083390798e-03 -4.911212782e-02
353672.215000000 -1.701443188e-04 -8.308668321e-05 1.399365260e-03 5.385891937e-04 3.280111519e-03 -4.689361496e-02
353672.220000000 -1.612115619e-04 -7.629849035e-05 1.401797519e-03 1.267484034e-03 3.258274380e-03 -4.558564188e-02
353672.225000000 -1.595505611e-04 -7.998317004e-05 1.402295752e-03 1.791266368e-03 2.702192616e-03 -4.522742839e-02
353672.230000000 -1.569581915e-04 -9.420734893e-05 1.404969817e-03 9.682013628e-04 2.010702574e-03 -4.707787766e-02
353672.235000000 -1.495262375e-04 -1.055341487e-04 1.403431495e-03 -7.500076243e-04 1.789703655e-03 -4.920331357e-02
353672.240000000 -1.484436283e-04 -1.005845430e-04 1.396107422e-03 -1.248328763e-03 2.141619762e-03 -4.945250380e-02
353672.245000000 -1.554962583e-04 -8.830343585e-05 1.394546699e-03 -4.643098534e-04 2.525519475e-03 -4.931113294e-02
353672.250000000 -1.658655708e-04 -8.200394866e-05 1.394395520e-03 7.779843258e-04 3.006694888e-03 -4.822812025e-02
353672.255000000 -1.697261048e-04 -8.344946564e-05 1.396691254e-03 1.851571572e-03 3.104923084e-03 -4.646081341e-02
353672.260000000 -1.610229981e-04 -8.784719197e-05 1.406193209e-03 2.480350895e-03 2.461528679e-03 -4.624354660e-02
353672.265000000 -1.456780263e-04 -9.716233361e-05 1.410332336e-03 1.996033219e-03 1.686788646e-03 -4.740273145e-02
353672.270000000 -1.250645229e-04 -1.052129480e-04 1.406444255e-03 3.608150822e-04 8.568092403e-04 -4.817258010e-02
353672.275000000 -1.286399008e-04 -9.561755641e-05 1.398617665e-03 -4.918035428e-04 3.239821151e-04 -4.840398736e-02
353672.280000000 -1.615755766e-04 -8.103308148e-05 1.392539521e-03 -2.005972585e-04 8.061014025e-04 -4.855592890e-02
353672.285000000 -1.921940792e-04 -7.684564253e-05 1.396119676e-03 1.257142432e-04 2.149006680e-03 -4.773949278e-02
353672.290000000 -1.968036569e-04 -8.073842544e-05 1.403798668e-03 1.428458337e-03 3.258812331e-03 -4.723722946e-02
353672.295000000 -1.741930796e-04 -9.432354362e-05 1.407654448e-03 2.349435609e-03 3.510275528e-03 -4.819480340e-02
353672.300000000 -1.405704536e-04 -1.094086975e-04 1.410657970e-03 1.308186810e-03 3.496046046e-03 -4.878738697e-02
353672.305000000 -1.101433157e-04 -1.224088408e-04 1.411393318e-03 -1.390131396e-04 3.138565168e-03 -4.866418060e-02
353672.310000000 -1.122279613e-04 -1.114206855e-04 1.408849659e-03 -7.961046245e-04 2.045407345e-03 -4.882864951e-02
353672.315000000 -1.496522490e-04 -8.524808225e-05 1.407743789e-03 -6.035745217e-04 1.504767788e-03 -4.807363374e-02
353672.320000000 -1.902319774e-04 -7.467717515e-05 1.407550524e-03 4.311171411e-04 1.939415033e-03 -4.634448861e-02
353672.325000000 -2.015375765e-04 -6.696872617e-05 1.407355161e-03 1.837413924e-03 2.252795292e-03 -4.587351368e-02
353672.330000000 -1.669145347e-04 -7.364372304e-05 1.407450411e-03 2.078438319e-03 2.419916744e-03 -4.691929865e-02
353672.335000000 -1.326987232e-04 -9.459934464e-05 1.405765628e-03 1.242116487e-03 2.587506688e-03 -4.796670135e-02
353672.340000000 -1.313884204e-04 -1.076255343e-04 1.401285228e-03 2.475489468e-04 2.825215181e-03 -4.874751995e-02
353672.345000000 -1.411782865e-04 -1.054496638e-04 1.395933738e-03 -8.468741729e-04 3.266886729e-03 -4.934249999e-02
353672.350000000 -1.544711710e-04 -8.486416127e-05 1.401035027e-03 -2.733986544e-04 3.114540859e-03 -4.842397632e-02
353672.355000000 -1.592601123e-04 -7.169297351e-05 1.410840000e-03 1.840919625e-03 2.219569531e-03 -4.737335252e-02
353672.360000000 -1.486378367e-04 -7.612373131e-05 1.412790769e-03 3.010358648e-03 1.545923765e-03 -4.751357752e-02
353672.365000000 -1.308382342e-04 -8.156197274e-05 1.410709167e-03 2.773080416e-03 1.289384141e-03 -4.740233783e-02
353672.370000000 -1.205755526e-04 -1.000634976e-04 1.402004859e-03 1.340389785e-03 1.061563830e-03 -4.786878117e-02
353672.375000000 -1.298222286e-04 -1.130908347e-04 1.393967447e-03 -5.731589433e-04 9.483326415e-04 -4.929963454e-02
353672.380000000 -1.521616981e-04 -1.003256463e-04 1.390053445e-03 -1.624992278e-03 1.421333802e-03 -4.975335397e-02
353672.385000000 -1.830586749e-04 -8.259248828e-05 1.384778062e-03 -1.058536679e-03 2.160464769e-03 -4.894162202e-02
353672.390000000 -1.956362335e-04 -7.077457998e-05 1.385680651e-03 9.864262940e-04 2.952451169e-03 -4.839446884e-02
353672.395000000 -1.687225372e-04 -7.241443283e-05 1.390489762e-03 2.549714314e-03 3.594319089e-03 -4.798827211e-02
353672.400000000 -1.296374313e-04 -7.890255522e-05 1.393704739e-03 2.828348835e-03 3.364440369e-03 -4.728692727e-02
353672.405000000 -1.091174101e-04 -8.630553804e-05 1.396524139e-03 2.402414910e-03 2.345175363e-03 -4.762992571e-02
353672.410000000 -1.232447547e-04 -9.900412785e-05 1.395264503e-03 8.972118091e-05 1.137453606e-03 -4.857759092e-02
353672.415000000 -1.510759814e-04 -9.801242759e-05 1.388328097e-03 -1.730143782e-03 8.729817372e-05 -4.892216004e-02
353672.420000000 -1.698657406e-04 -8.242606499e-05 1.384268602e-03 -6.505263774e-04 -6.217860469e-04 -4.923701455e-02
353672.425000000 -1.882007933e-04 -7.290309866e-05 1.383549457e-03 1.240311485e-03 -4.569431872e-04 -4.945017538e-02
353672.430000000 -1.936084511e-04 -8.454503928e-05 1.381749357e-03 2.844222889e-03 1.525839315e-03 -4.807351451e-02
353672.435000000 -1.806476125e-04 -1.065465673e-04 1.386172239e-03 3.379661318e-03 3.857118903e-03 -4.687115895e-02
353672.440000000 -1.622421150e-04 -1.191707941e-04 1.389661741e-03 2.158475480e-03 4.757578993e-03 -4.768432262e-02
353672.445000000 -1.499900016e-04 -1.231181986e-04 1.388094267e-03 -7.528295754e-05 4.524030143e-03 -4.872574150e-02
353672.450000000 -1.546344371e-04 -1.130872746e-04 1.385154645e-03 -1.310821227e-03 2.623203088e-03 -4.972167184e-02
353672.455000000 -1.695578028e-04 -9.171065829e-05 1.379759243e-03 -6.486666992e-04 6.617038675e-04 -5.061803538e-02
353672.460000000 -1.837206408e-04 -7.679014728e-05 1.376183779e-03 8.267799883e-04 6.233139048e-04 -4.992164434e-02
353672.465000000 -1.884584893e-04 -7.639996120e-05 1.377809015e-03 2.461570192e-03 1.463458712e-03 -4.796121079e-02
353672.470000000 -1.778896300e-04 -9.382750033e-05 1.376682804e-03 2.855265737e-03 2.579067282e-03 -4.701548827e-02
353672.475000000 -1.598429919e-04 -1.147680425e-04 1.374585588e-03 1.225681441e-03 3.301194909e-03 -4.732777368e-02
353672.480000000 -1.473930802e-04 -1.250918542e-04 1.374336338e-03 -6.142469698e-04 2.610984158e-03 -4.808408149e-02
353672.485000000 -1.474718225e-04 -1.224210146e-04 1.374252112e-03 -1.448834793e-03 1.054895792e-03 -4.954412466e-02
353672.490000000 -1.739388464e-04 -1.049524305e-04 1.373817019e-03 -5.653741299e-04 5.686609879e-04 -5.016294109e-02
353672.495000000 -2.061001195e-04 -9.511892423e-05 1.371491747e-03 1.585286373e-03 1.573782725e-03 -4.892725783e-02
353672.500000000 -2.080690172e-04 -1.041266189e-04 1.373352173e-03 3.202365069e-03 2.955718735e-03 -4.754025905e-02
353672.505000000 -1.833141127e-04 -1.188758610e-04 1.376377223e-03 3.383101600e-03 3.983814391e-03 -4.686216707e-02
353672.510000000 -1.515443599e-04 -1.362520530e-04 1.375222170e-03 1.574525005e-03 3.331686867e-03 -4.709066350e-02
353672.515000000 -1.364362655e-04 -1.419826257e-04 1.370573387e-03 -5.754082847e-04 1.269248784e-03 -4.865875408e-02
353672.520000000 -1.493232904e-04 -1.302495037e-04 1.367058156e-03 -1.465319044e-03 -3.765969200e-04 -5.054637247e-02
353672.525000000 -1.767918910e-04 -1.129180161e-04 1.363969577e-03 -1.279421755e-03 -7.520078824e-04 -5.103312079e-02
353672.530000000 -1.979811153e-04 -9.692623404e-05 1.363002855e-03 7.261453756e-04 1.107885565e-03 -4.909379517e-02
353672.535000000 -1.934930681e-04 -9.751854754e-05 1.367206043e-03 2.804765775e-03 3.509052961e-03 -4.685739647e-02
353672.540000000 -1.635843221e-04 -1.124078092e-04 1.374969234e-03 2.844832710e-03 4.042104745e-03 -4.610758567e-02
353672.545000000 -1.369523686e-04 -1.280858880e-04 1.383345010e-03 1.842945203e-03 2.983164303e-03 -4.632277179e-02
353672.550000000 -1.421404762e-04 -1.379586003e-04 1.381153865e-03 2.169622687e-04 8.282568156e-04 -4.871157795e-02
353672.555000000 -1.660355239e-04 -1.341622083e-04 1.373692932e-03 -1.131118899e-03 -4.490007264e-04 -5.074065023e-02
353672.560000000 -1.865656742e-04 -1.246223661e-04 1.371775899e-03 -7.978484343e-04 1.518857608e-04 -4.976831292e-02
353672.565000000 -2.032324419e-04 -1.185590337e-04 1.371645371e-03 9.969324905e-04 1.472030875e-03 -4.791657698e-02
353672.570000000 -2.023670751e-04 -1.235148860e-04 1.375960858e-03 2.231812130e-03 3.185436017e-03 -4.614251080e-02
353672.575000000 -1.862867536e-04 -1.372038550e-04 1.381640770e-03 2.033600437e-03 3.868755494e-03 -4.535004981e-02
353672.580000000 -1.674567920e-04 -1.463632499e-04 1.385087400e-03 1.309283302e-03 2.519308413e-03 -4.679843096e-02
353672.585000000 -1.570756218e-04 -1.499861654e-04 1.383669183e-03 7.601052109e-05 7.201614262e-04 -4.935045483e-02
353672.590000000 -1.701062095e-04 -1.407814120e-04 1.374543274e-03 -9.234131891e-04 -1.168888670e-04 -5.021503648e-02
353672.595000000 -1.892263569e-04 -1.197759161e-04 1.369562070e-03 -4.822785564e-04 6.090525541e-05 -4.916486256e-02
353672.600000000 -1.998901195e-04 -1.042698123e-04 1.372693067e-03 7.972777061e-04 1.107457948e-03 -4.754965962e-02
353672.605000000 -2.120107244e-04 -1.035023659e-04 1.378022316e-03 1.683020049e-03 2.705584808e-03 -4.543702873e-02
353672.610000000 -2.104972905e-04 -1.184171519e-04 1.381711928e-03 1.690454539e-03 3.414222492e-03 -4.497566587e-02
353672.615000000 -1.923679069e-04 -1.367233150e-04 1.378670024e-03 6.945243665e-04 2.768648396e-03 -4.711559143e-02
353672.620000000 -1.730811181e-04 -1.405596959e-04 1.375465367e-03 -8.280872594e-04 1.664285675e-03 -4.944855720e-02
353672.625000000 -1.607886535e-04 -1.341110944e-04 1.374644173e-03 -1.635427561e-03 8.552733685e-04 -5.032755053e-02
353672.630000000 -1.814045057e-04 -1.163456751e-04 1.374172622e-03 -6.536336357e-04 1.161729335e-03 -4.906783474e-02
353672.635000000 -2.213174971e-04 -1.000323774e-04 1.375864070e-03 9.055640514e-04 2.605848549e-03 -4.624095668e-02
353672.640000000 -2.391774413e-04 -1.030135449e-04 1.374561961e-03 1.751604992e-03 3.967064251e-03 -4.393775119e-02
353672.645000000 -2.290485815e-04 -1.148684214e-04 1.374270556e-03 2.103353284e-03 4.181956899e-03 -4.394438474e-02
353672.650000000 -1.840767338e-04 -1.312702323e-04 1.372584568e-03 5.716630221e-04 2.748498133e-03 -4.678650893e-02
353672.655000000 -1.429166809e-04 -1.409061976e-04 1.368040707e-03 -1.864842571e-03 1.075792020e-03 -4.956229403e-02
353672.660000000 -1.507554244e-04 -1.347476614e-04 1.368688440e-03 -2.718707843e-03 6.408952220e-04 -5.006610927e-02
353672.665000000 -1.910217537e-04 -1.066292803e-04 1.370633466e-03 -1.487608173e-03 1.786608488e-03 -4.812536062e-02
353672.670000000 -2.245177714e-04 -8.502234189e-05 1.370712363e-03 8.280307561e-04 3.422667098e-03 -4.527338435e-02
353672.675000000 -2.271864287e-04 -9.089259196e-05 1.370894710e-03 2.347490958e-03 3.830591102e-03 -4.449960006e-02
353672.680000000 -2.073996740e-04 -1.016906020e-04 1.371156618e-03 2.449023324e-03 3.377185790e-03 -4.581443472e-02
353672.685000000 -1.751267341e-04 -1.116377308e-04 1.369329440e-03 5.095430274e-04 2.325722389e-03 -4.791872700e-02
353672.690000000 -1.566652266e-04 -1.158543149e-04 1.366739219e-03 -1.967524356e-03 1.407277680e-03 -4.951503454e-02
353672.695000000 -1.719167032e-04 -1.067507074e-04 1.365880248e-03 -3.041163312e-03 1.703112828e-03 -4.966350086e-02
353672.700000000 -2.003803552e-04 -8.610464427e-05 1.363332615e-03 -2.732628205e-03 3.015746603e-03 -4.813109123e-02
353672.705000000 -2.158164622e-04 -7.270750852e-05 1.360319996e-03 -1.976722130e-04 4.340803764e-03 -4.583843625e-02
353672.710000000 -2.101606197e-04 -8.017001562e-05 1.357869440e-03 2.287662191e-03 4.562065712e-03 -4.519414822e-02
353672.715000000 -1.870993209e-04 -9.489845507e-05 1.359600440e-03 2.200411946e-03 3.840990883e-03 -4.631526696e-02
353672.720000000 -1.583184280e-04 -1.019857034e-04 1.364399714e-03 1.026367868e-03 2.905248689e-03 -4.762541897e-02
353672.725000000 -1.490678031e-04 -1.050332232e-04 1.365761207e-03 -1.100059172e-03 2.235401166e-03 -4.903492235e-02
353672.730000000 -1.605836434e-04 -1.000118837e-04 1.363642665e-03 -3.240673050e-03 2.293210652e-03 -4.902208482e-02
353672.735000000 -1.749489039e-04 -8.256970075e-05 1.356504516e-03 -2.994434935e-03 2.476411029e-03 -4.720463787e-02
353672.740000000 -1.866945844e-04 -6.377126019e-05 1.350002997e-03 -7.358459673e-04 2.098230789e-03 -4.598388397e-02
353672.745000000 -1.973300675e-04 -6.329237461e-05 1.352693456e-03 1.628487997e-03 2.075792029e-03 -4.592693015e-02
353672.750000000 -2.036188528e-04 -7.856954269e-05 1.358487139e-03 2.767211883e-03 3.076155655e-03 -4.632127435e-02
353672.755000000 -1.966844308e-04 -9.092629042e-05 1.362153613e-03 2.336545261e-03 4.347541412e-03 -4.733184202e-02
353672.760000000 -1.719359171e-04 -9.903706217e-05 1.361004843e-03 4.195492062e-04 5.002148746e-03 -4.873173060e-02
353672.765000000 -1.428364570e-04 -9.264671533e-05 1.354091215e-03 -1.942396346e-03 3.724905410e-03 -4.884646096e-02
353672.770000000 -1.459576144e-04 -6.633653443e-05 1.349313823e-03 -2.097146013e-03 1.344805831e-03 -4.822612321e-02
353672.775000000 -1.835870386e-04 -4.319103941e-05 1.350044036e-03 1.050969483e-04 2.309571276e-04 -4.819713444e-02
353672.780000000 -2.188157712e-04 -4.634824262e-05 1.354881326e-03 2.116341726e-03 6.227655973e-04 -4.757674624e-02
353672.785000000 -2.047383325e-04 -6.841290979e-05 1.358835385e-03 2.874921050e-03 1.976028984e-03 -4.673695260e-02
353672.790000000 -1.553097252e-04 -8.605715542e-05 1.355948985e-03 1.955013898e-03 3.226523051e-03 -4.700752030e-02
353672.795000000 -1.249046472e-04 -9.548508371e-05 1.352787915e-03 -4.613537259e-04 3.520176591e-03 -4.761730194e-02
353672.800000000 -1.271601131e-04 -9.759264519e-05 1.354142649e-03 -2.653630741e-03 3.015363124e-03 -4.786393741e-02
353672.805000000 -1.716387714e-04 -7.701445243e-05 1.354353799e-03 -2.302035047e-03 2.607009953e-03 -4.853409004e-02
353672.810000000 -2.144648561e-04 -4.860382963e-05 1.357562707e-03 2.932923554e-04 3.031815288e-03 -4.891706263e-02
353672.815000000 -2.067404600e-04 -4.257953336e-05 1.360721620e-03 3.097816423e-03 3.583950262e-03 -4.820325683e-02
353672.820000000 -1.785201846e-04 -5.833842510e-05 1.359840849e-03 4.808215948e-03 3.658051383e-03 -4.745569490e-02
353672.825000000 -1.467995358e-04 -8.072078618e-05 1.363621225e-03 3.259349080e-03 3.499002034e-03 -4.690446472e-02
353672.830000000 -1.223267317e-04 -9.608851309e-05 1.369326030e-03 -2.557237487e-04 2.770114697e-03 -4.671111664e-02
353672.835000000 -1.224940768e-04 -9.762911545e-05 1.370783212e-03 -2.407363939e-03 1.300924094e-03 -4.763651568e-02
353672.840000000 -1.405883472e-04 -8.181549280e-05 1.368419836e-03 -2.691030707e-03 -2.276106359e-04 -4.910416980e-02
353672.845000000 -1.876805127e-04 -5.990374835e-05 1.361358740e-03 -1.595256965e-04 -2.385999797e-04 -4.913494286e-02
353672.850000000 -2.300329673e-04 -5.646687628e-05 1.359233128e-03 3.480054218e-03 1.396448920e-03 -4.803202546e-02
353672.855000000 -2.222906463e-04 -6.847257724e-05 1.365396245e-03 4.927718903e-03 3.209502951e-03 -4.752340960e-02
353672.860000000 -1.902371796e-04 -8.353731293e-05 1.369845410e-03 4.168845387e-03 4.524625225e-03 -4.726960456e-02
353672.865000000 -1.552370804e-04 -1.025849449e-04 1.369093274e-03 1.220552685e-03 3.990231294e-03 -4.792774693e-02
353672.870000000 -1.339019697e-04 -1.157104302e-04 1.366759181e-03 -2.193787216e-03 1.738135097e-03 -4.978850353e-02
353672.875000000 -1.413247886e-04 -1.071705782e-04 1.367731189e-03 -3.325853165e-03 -3.795967026e-04 -5.084861837e-02
353672.880000000 -1.693798717e-04 -8.406587365e-05 1.369788805e-03 -1.779690434e-03 -1.322070495e-03 -5.035299342e-02
353672.885000000 -2.073899989e-04 -6.983554189e-05 1.372134600e-03 1.770611154e-03 3.897239418e-04 -4.842868853e-02
353672.890000000 -2.240808180e-04 -7.482830533e-05 1.376915023e-03 4.227984088e-03 3.576954539e-03 -4.580557868e-02
353672.895000000 -1.970978518e-04 -9.055301551e-05 1.378779235e-03 3.760643216e-03 4.987059641e-03 -4.443662399e-02
353672.900000000 -1.529595541e-04 -1.081301271e-04 1.379164949e-03 1.915227713e-03 3.910722927e-03 -4.568488046e-02
353672.905000000 -1.401203900e-04 -1.169307875e-04 1.377479110e-03 -1.046500580e-03 1.025003672e-03 -4.928304416e-02
353672.910000000 -1.690655743e-04 -1.077595550e-04 1.372715487e-03 -2.790140261e-03 -1.168949383e-03 -5.187032413e-02
353672.915000000 -2.093025381e-04 -9.279052174e-05 1.370897862e-03 -1.048969464e-03 -8.493347826e-04 -5.166364460e-02
353672.920000000 -2.321958998e-04 -8.494445674e-05 1.372639435e-03 1.911658833e-03 1.207056238e-03 -4.981791939e-02
353672.925000000 -2.174323157e-04 -9.449753078e-05 1.373635874e-03 3.788512441e-03 3.467876410e-03 -4.651733100e-02
353672.930000000 -1.807916079e-04 -1.172760109e-04 1.372297018e-03 3.536075671e-03 3.811580969e-03 -4.466032986e-02
353672.935000000 -1.518881887e-04 -1.355460818e-04 1.373896080e-03 1.181777151e-03 2.093338658e-03 -4.628000777e-02
353672.940000000 -1.448883501e-04 -1.417583658e-04 1.376720350e-03 -1.943420551e-03 5.005121968e-05 -4.889528797e-02
353672.945000000 -1.737296718e-04 -1.243461415e-04 1.373263058e-03 -3.098262231e-03 -8.344543131e-04 -5.070959938e-02
353672.950000000 -2.182336470e-04 -8.943607810e-05 1.368928479e-03 -1.317096058e-03 5.938520580e-05 -5.084314528e-02
353672.955000000 -2.412612544e-04 -6.713209987e-05 1.367572702e-03 1.447217046e-03 1.987299022e-03 -4.899797236e-02
353672.960000000 -2.393827528e-04 -7.001683971e-05 1.367647705e-03 3.702002133e-03 3.624313442e-03 -4.637013378e-02
353672.965000000 -2.138155933e-04 -9.695483185e-05 1.370260563e-03 3.648817416e-03 3.571801691e-03 -4.579052460e-02
353672.970000000 -1.811998206e-04 -1.269756725e-04 1.371829827e-03 1.033108176e-03 1.817312726e-03 -4.769736657e-02
353672.975000000 -1.678690352e-04 -1.371621673e-04 1.370214379e-03 -1.931906163e-03 -1.707625418e-04 -4.987338471e-02
353672.980000000 -1.833590047e-04 -1.309402491e-04 1.365539230e-03 -3.560407748e-03 -1.101032519e-03 -5.122439689e-02
353672.985000000 -2.229182696e-04 -1.044749607e-04 1.361428047e-03 -2.370382729e-03 5.772623882e-04 -4.984023680e-02
353672.990000000 -2.482307450e-04 -7.419854045e-05 1.361689967e-03 8.905244125e-04 3.413793796e-03 -4.644834968e-02
353672.995000000 -2.455280317e-04 -7.092906792e-05 1.366113526e-03 3.638296035e-03 4.374367690e-03 -4.448133170e-02
353673.000000000 -2.363677486e-04 -8.797948402e-05 1.368177507e-03 4.392474125e-03 3.744987145e-03 -4.483899738e-02
353673.005000000 -2.110136370e-04 -1.143032793e-04 1.367015911e-03 2.111048142e-03 1.850746748e-03 -4.744343552e-02
353673.010000000 -1.824080803e-04 -1.317460369e-04 1.366654084e-03 -1.212670477e-03 -4.314018143e-04 -5.072648670e-02
353673.015000000 -1.839729306e-04 -1.208958136e-04 1.366336384e-03 -2.979811765e-03 -1.088695882e-03 -5.216280097e-02
353673.020000000 -2.127351018e-04 -9.478458814e-05 1.363790820e-03 -3.137882263e-03 1.724398149e-04 -5.071505318e-02
353673.025000000 -2.460307959e-04 -7.011562109e-05 1.360496481e-03 -6.759092035e-04 2.470901093e-03 -4.711349126e-02
353673.030000000 -2.540262624e-04 -6.300125045e-05 1.361354106e-03 2.504781863e-03 4.085907592e-03 -4.452810722e-02
353673.035000000 -2.381105487e-04 -7.549963243e-05 1.364338579e-03 3.285405589e-03 4.333404785e-03 -4.457338360e-02
353673.040000000 -2.200769665e-04 -9.556212933e-05 1.363845997e-03 2.448789902e-03 3.918839009e-03 -4.620833399e-02
353673.045000000 -2.000508862e-04 -1.128258079e-04 1.359796100e-03 -8.195157662e-05 3.274053910e-03 -4.922838664e-02
353673.050000000 -1.844156727e-04 -1.083908100e-04 1.352461736e-03 -2.960793685e-03 2.837636580e-03 -5.115346043e-02
353673.055000000 -1.864467062e-04 -8.240716111e-05 1.347394368e-03 -3.245246708e-03 2.660343481e-03 -5.003165862e-02
353673.060000000 -2.042434194e-04 -5.450303643e-05 1.349472932e-03 -1.162770796e-03 2.520061028e-03 -4.806196104e-02
353673.065000000 -2.255805872e-04 -5.029301687e-05 1.351073600e-03 1.463900743e-03 2.491179091e-03 -4.618234747e-02
353673.070000000 -2.263288655e-04 -6.850484650e-05 1.349781919e-03 2.998797340e-03 2.538763007e-03 -4.516036713e-02
353673.075000000 -2.033648638e-04 -8.461032731e-05 1.351180140e-03 2.744260727e-03 2.343189906e-03 -4.632360762e-02
353673.080000000 -1.793108885e-04 -9.550179575e-05 1.352267906e-03 8.980392305e-04 2.125519659e-03 -4.850336120e-02
353673.085000000 -1.837049173e-04 -9.001333679e-05 1.346646212e-03 -1.360459727e-03 2.607343941e-03 -4.923255324e-02
353673.090000000 -2.220859082e-04 -6.693344596e-05 1.338098251e-03 -1.917204758e-03 3.399843721e-03 -4.866537687e-02
353673.095000000 -2.576314654e-04 -4.951403943e-05 1.335166385e-03 -4.675654195e-04 4.064065232e-03 -4.825590605e-02
353673.100000000 -2.632684817e-04 -4.894690620e-05 1.338800510e-03 1.405421037e-03 4.715761227e-03 -4.772550305e-02
353673.105000000 -2.229727688e-04 -7.140095983e-05 1.341039680e-03 2.494494910e-03 4.414818474e-03 -4.769953487e-02
353673.110000000 -1.663541920e-04 -1.038049377e-04 1.341828748e-03 1.787574822e-03 3.303869572e-03 -4.857246975e-02
353673.115000000 -1.409145945e-04 -1.197439654e-04 1.340424810e-03 -5.757340775e-04 2.614832110e-03 -4.895247110e-02
353673.120000000 -1.466912103e-04 -1.136081883e-04 1.333985436e-03 -2.762232616e-03 2.386709673e-03 -4.846682180e-02
353673.125000000 -1.823823503e-04 -8.152127953e-05 1.326968738e-03 -2.691649391e-03 2.229233360e-03 -4.793899961e-02
353673.130000000 -2.266787810e-04 -4.365747524e-05 1.324258102e-03 -6.200268159e-04 2.304068935e-03 -4.735012389e-02
353673.135000000 -2.461382409e-04 -3.016372225e-05 1.327513533e-03 1.851827373e-03 2.626105203e-03 -4.677116868e-02
353673.140000000 -2.342074678e-04 -3.597618579e-05 1.334760768e-03 3.713963045e-03 3.016716826e-03 -4.714547747e-02
353673.145000000 -1.961896922e-04 -6.176857149e-05 1.338015793e-03 2.776527771e-03 3.983096297e-03 -4.782676852e-02
353673.150000000 -1.574109296e-04 -9.376544599e-05 1.335262799e-03 -2.271851338e-04 4.730318204e-03 -4.776135760e-02
353673.155000000 -1.422943457e-04 -1.039662660e-04 1.331996430e-03 -2.152330711e-03 4.007454433e-03 -4.792315691e-02
353673.160000000 -1.497321829e-04 -9.362757012e-05 1.325483116e-03 -2.583182191e-03 2.439943091e-03 -4.862313169e-02
353673.165000000 -1.848544796e-04 -7.501397041e-05 1.322402102e-03 -7.949612748e-04 1.352464296e-03 -4.805898533e-02
353673.170000000 -2.285164108e-04 -6.532231315e-05 1.325811871e-03 2.346101787e-03 1.657299737e-03 -4.684938805e-02
353673.175000000 -2.389198553e-04 -7.086372307e-05 1.327765929e-03 3.768369345e-03 3.279700523e-03 -4.668073050e-02
353673.180000000 -2.102004235e-04 -8.431765405e-05 1.329853800e-03 2.780389075e-03 5.069972962e-03 -4.674124425e-02
353673.185000000 -1.628805615e-04 -9.931359442e-05 1.325734644e-03 -1.496397472e-04 4.708801852e-03 -4.766645332e-02
353673.190000000 -1.406571293e-04 -1.009072988e-04 1.315960570e-03 -3.251052545e-03 2.668683519e-03 -4.950491229e-02
353673.195000000 -1.631905018e-04 -8.203031682e-05 1.313674996e-03 -4.199221560e-03 1.630677783e-03 -4.992592381e-02
353673.200000000 -1.992418397e-04 -5.614063218e-05 1.317437099e-03 -2.552373081e-03 1.670118746e-03 -4.887692045e-02
353673.205000000 -2.129359579e-04 -4.385628740e-05 1.320667999e-03 8.866089650e-04 2.705709466e-03 -4.751853006e-02
353673.210000000 -1.977463023e-04 -5.399814256e-05 1.321821212e-03 3.287900464e-03 4.533777065e-03 -4.596742756e-02
353673.215000000 -1.680871718e-04 -7.362079755e-05 1.324071669e-03 3.085669782e-03 5.414307980e-03 -4.497734817e-02
353673.220000000 -1.323484793e-04 -8.689278950e-05 1.328773322e-03 1.446100543e-03 4.366476610e-03 -4.592497699e-02
353673.225000000 -1.266058270e-04 -8.863077813e-05 1.328871906e-03 -1.358108597e-03 2.040574295e-03 -4.817201306e-02
353673.230000000 -1.619832344e-04 -7.993825345e-05 1.324305218e-03 -3.112486550e-03 1.775711835e-04 -4.943427303e-02
353673.235000000 -1.944519368e-04 -6.571420699e-05 1.322159488e-03 -1.716855972e-03 -1.237818694e-04 -4.932452229e-02
353673.240000000 -2.081043878e-04 -5.699931124e-05 1.323684191e-03 9.226857597e-04 1.038246366e-03 -4.849979685e-02
353673.245000000 -2.071647310e-04 -6.539614250e-05 1.330072254e-03 2.880949286e-03 3.471989643e-03 -4.648957799e-02
353673.250000000 -1.909524558e-04 -8.419455382e-05 1.338559004e-03 3.141322335e-03 5.405556932e-03 -4.527497467e-02
353673.255000000 -1.624449070e-04 -9.591191281e-05 1.345058352e-03 1.266674126e-03 4.991572011e-03 -4.673350842e-02
353673.260000000 -1.322128044e-04 -9.791714635e-05 1.346878386e-03 -1.789353898e-03 2.837654521e-03 -4.896655479e-02
353673.265000000 -1.344960253e-04 -8.262288215e-05 1.339504866e-03 -3.330001580e-03 2.491688344e-04 -5.040109191e-02
353673.270000000 -1.729439348e-04 -4.949494809e-05 1.329725686e-03 -2.064796349e-03 -8.379659676e-04 -5.031951103e-02
353673.275000000 -2.057656552e-04 -2.762579834e-05 1.329832834e-03 5.680416135e-04 5.819022888e-04 -4.824650471e-02
353673.280000000 -2.141036488e-04 -2.976656902e-05 1.338687413e-03 3.243661274e-03 2.847025083e-03 -4.544797328e-02
353673.285000000 -1.946816085e-04 -5.003880906e-05 1.346423846e-03 4.076699754e-03 4.307760695e-03 -4.481316453e-02
353673.290000000 -1.561505547e-04 -7.910677621e-05 1.349048775e-03 2.198330989e-03 4.069643404e-03 -4.668706734e-02
353673.295000000 -1.268969131e-04 -9.836853033e-05 1.347819087e-03 -5.681057133e-04 1.937439082e-03 -4.903322318e-02
353673.300000000 -1.262076437e-04 -9.796183849e-05 1.346856728e-03 -2.483192458e-03 -7.302181775e-04 -5.123291623e-02
353673.305000000 -1.679663304e-04 -8.411202616e-05 1.346574667e-03 -2.184657376e-03 -9.523208691e-04 -5.123256523e-02
353673.310000000 -2.250691143e-04 -7.195306062e-05 1.346378294e-03 4.067963294e-04 1.860036663e-03 -4.827068861e-02
353673.315000000 -2.416899557e-04 -7.018565468e-05 1.348085021e-03 3.130717512e-03 4.802650166e-03 -4.536735127e-02
353673.320000000 -2.139660084e-04 -8.068111075e-05 1.349267649e-03 4.191795875e-03 6.262783446e-03 -4.438671555e-02
353673.325000000 -1.635303662e-04 -9.546649284e-05 1.349556787e-03 2.496233091e-03 5.117199382e-03 -4.601993885e-02
353673.330000000 -1.262792715e-04 -9.860429917e-05 1.351236108e-03 -6.326203312e-04 1.860841369e-03 -4.951285784e-02
353673.335000000 -1.355320151e-04 -8.934490732e-05 1.351954669e-03 -2.576441883e-03 -5.318106819e-04 -5.216612992e-02
353673.340000000 -1.719791336e-04 -7.193412516e-05 1.348157036e-03 -2.760817456e-03 -7.533648882e-04 -5.211073356e-02
353673.345000000 -1.988153901e-04 -5.135206692e-05 1.345688077e-03 -2.624199567e-04 9.201875066e-04 -4.928665078e-02
353673.350000000 -1.989161364e-04 -4.864988707e-05 1.345613223e-03 3.287484928e-03 2.717141686e-03 -4.630931765e-02
353673.355000000 -1.793960395e-04 -6.798234431e-05 1.346124369e-03 4.611470140e-03 2.959844385e-03 -4.527786259e-02
353673.360000000 -1.682059380e-04 -9.934123508e-05 1.347027837e-03 3.201482577e-03 2.169694567e-03 -4.676538555e-02
353673.365000000 -1.716463624e-04 -1.273255194e-04 1.346185280e-03 3.184947065e-04 1.755057358e-03 -4.961733605e-02
353673.370000000 -1.762480246e-04 -1.278372201e-04 1.346911829e-03 -1.911588425e-03 2.362716302e-03 -5.068943576e-02
353673.375000000 -1.843864792e-04 -1.079961497e-04 1.347333138e-03 -2.106784123e-03 3.282210658e-03 -4.948912797e-02
353673.380000000 -1.954207475e-04 -9.107362261e-05 1.345186679e-03 -1.505808758e-04 3.782477651e-03 -4.772279971e-02
353673.385000000 -1.961462347e-04 -8.613057789e-05 1.345724298e-03 2.142988001e-03 3.530127546e-03 -4.658400999e-02
353673.390000000 -1.823288214e-04 -9.233953865e-05 1.350194493e-03 3.158880324e-03 2.443901743e-03 -4.660136771e-02
353673.395000000 -1.617728671e-04 -1.040979039e-04 1.352471089e-03 2.889186776e-03 1.232554708e-03 -4.796008772e-02
353673.400000000 -1.453542517e-04 -1.105739658e-04 1.345964681e-03 5.595781822e-04 1.242142443e-03 -4.931504349e-02
353673.405000000 -1.405529119e-04 -1.035052810e-04 1.335103326e-03 -2.050430596e-03 2.292026445e-03 -4.903419526e-02
353673.410000000 -1.493778546e-04 -8.060622650e-05 1.330446806e-03 -1.900474986e-03 3.040270223e-03 -4.791404964e-02
353673.415000000 -1.748394426e-04 -5.520642271e-05 1.331426641e-03 4.816777979e-05 3.619048100e-03 -4.710056017e-02
353673.420000000 -1.953073272e-04 -4.974119123e-05 1.337282597e-03 2.475185991e-03 4.158711248e-03 -4.652944867e-02
353673.425000000 -1.768113289e-04 -6.757122343e-05 1.345738889e-03 4.338493602e-03 3.478238087e-03 -4.706384387e-02
353673.430000000 -1.356445208e-04 -9.485311267e-05 1.346163807e-03 3.997848600e-03 1.456833696e-03 -4.899537760e-02
353673.435000000 -1.106666330e-04 -1.188028813e-04 1.339836598e-03 1.712622689e-03 -4.163068875e-04 -5.042749453e-02
353673.440000000 -1.301470510e-04 -1.227773057e-04 1.330400501e-03 -5.126239007e-04 -9.820003277e-04 -4.989541448e-02
353673.445000000 -1.835840832e-04 -1.065380695e-04 1.319440051e-03 -1.132372672e-03 -2.540895658e-04 -4.808253789e-02
353673.450000000 -2.320563444e-04 -8.884317820e-05 1.313338752e-03 -2.561787870e-04 1.214173575e-03 -4.623948834e-02
353673.455000000 -2.623367786e-04 -8.011196819e-05 1.313780249e-03 1.331294716e-03 2.811625583e-03 -4.516018499e-02
353673.460000000 -2.453794287e-04 -8.416183025e-05 1.314880092e-03 2.315000762e-03 4.065869379e-03 -4.623412883e-02
353673.465000000 -1.895009394e-04 -9.512780710e-05 1.315034444e-03 1.556938367e-03 4.751948861e-03 -4.856552889e-02
353673.470000000 -1.531829644e-04 -1.026942879e-04 1.315156230e-03 -2.654842192e-04 4.714451734e-03 -4.993979971e-02
353673.475000000 -1.476749001e-04 -9.814008710e-05 1.314999434e-03 -1.720360356e-03 4.127781924e-03 -5.062800256e-02
353673.480000000 -1.605623102e-04 -7.640300543e-05 1.316017422e-03 -1.652617230e-03 2.963908597e-03 -5.015703663e-02
353673.485000000 -1.812778238e-04 -5.574701625e-05 1.314885303e-03 1.531893447e-04 1.519369907e-03 -4.814355194e-02
353673.490000000 -1.961851987e-04 -5.155878031e-05 1.312144706e-03 2.603558415e-03 5.755674630e-04 -4.661176973e-02
353673.495000000 -1.985756366e-04 -5.908917144e-05 1.312945423e-03 4.101333469e-03 4.784980309e-04 -4.639995305e-02
353673.500000000 -1.889660998e-04 -8.074426396e-05 1.314610630e-03 3.203416746e-03 1.450693868e-03 -4.643360745e-02
353673.505000000 -1.864861594e-04 -1.004428714e-04 1.310360753e-03 7.724816859e-04 2.852964380e-03 -4.681307255e-02
353673.510000000 -1.998144070e-04 -1.030429748e-04 1.302501164e-03 -1.256953246e-03 3.753921685e-03 -4.802445736e-02
353673.515000000 -2.089615574e-04 -9.644488834e-05 1.299168257e-03 -2.201905007e-03 3.996624584e-03 -4.908395732e-02
353673.520000000 -2.087359756e-04 -8.195497746e-05 1.301941955e-03 -6.848109248e-04 3.107538543e-03 -4.980899682e-02
353673.525000000 -2.127061024e-04 -7.130518389e-05 1.305356021e-03 2.253958440e-03 1.985276662e-03 -5.022936319e-02
353673.530000000 -2.109097635e-04 -8.028118300e-05 1.306678014e-03 3.494496202e-03 2.255867449e-03 -4.930961565e-02
353673.535000000 -1.865603683e-04 -9.822528650e-05 1.310323052e-03 2.856828772e-03 3.021034229e-03 -4.749654721e-02
353673.540000000 -1.583418320e-04 -9.871489412e-05 1.309216082e-03 7.535069119e-04 2.496138198e-03 -4.690936273e-02
353673.545000000 -1.554768446e-04 -8.202594508e-05 1.297032031e-03 -1.793300739e-03 1.009629037e-03 -4.766472342e-02
353673.550000000 -1.808201561e-04 -6.484180072e-05 1.286992303e-03 -2.572719204e-03 -1.198228857e-04 -4.827640208e-02
353673.555000000 -2.189428231e-04 -4.826283323e-05 1.284466340e-03 -1.164701699e-03 -4.262072813e-04 -4.891603379e-02
353673.560000000 -2.510458164e-04 -4.293907538e-05 1.287562598e-03 1.434029082e-03 1.815742573e-03 -4.888084919e-02
353673.565000000 -2.488300963e-04 -5.958277585e-05 1.293371565e-03 3.517421343e-03 5.869809314e-03 -4.747813725e-02
353673.570000000 -2.048467238e-04 -8.659813528e-05 1.297779799e-03 3.723774724e-03 7.728155459e-03 -4.664082260e-02
353673.575000000 -1.505252119e-04 -1.098705379e-04 1.297826528e-03 2.096271896e-03 6.637344798e-03 -4.728722993e-02
353673.580000000 -1.280925067e-04 -1.181911061e-04 1.293772092e-03 -3.829734786e-04 3.414790826e-03 -4.823922617e-02
353673.585000000 -1.429495320e-04 -1.075238064e-04 1.294455153e-03 -1.688632495e-03 -3.525394585e-04 -4.888039183e-02
353673.590000000 -1.730992954e-04 -8.782954750e-05 1.300844968e-03 -9.219536709e-04 -1.999383296e-03 -4.906636738e-02
353673.595000000 -2.084961141e-04 -7.191646239e-05 1.305325858e-03 8.176325939e-04 -9.649258173e-04 -4.808733363e-02
353673.600000000 -2.222288145e-04 -7.611723923e-05 1.305029010e-03 2.296615222e-03 1.852107054e-03 -4.663883727e-02
353673.605000000 -2.003585731e-04 -9.788869333e-05 1.302950193e-03 2.155721851e-03 4.210822475e-03 -4.658995055e-02
353673.610000000 -1.717343851e-04 -1.114567353e-04 1.300622078e-03 2.574939405e-04 4.185437475e-03 -4.786489118e-02
353673.615000000 -1.633295551e-04 -1.104047596e-04 1.299449781e-03 -1.550925851e-03 2.666336127e-03 -4.940387059e-02
353673.620000000 -1.786242332e-04 -9.913989662e-05 1.302253858e-03 -1.711522750e-03 1.475398659e-03 -5.067958270e-02
353673.625000000 -1.953086317e-04 -7.880224009e-05 1.305475860e-03 -3.298644096e-04 1.701378908e-03 -5.024016166e-02
353673.630000000 -1.986114840e-04 -6.109861279e-05 1.306071495e-03 1.674731391e-03 2.910546413e-03 -4.755594512e-02
353673.635000000 -1.943636963e-04 -6.307867023e-05 1.307658778e-03 3.272036281e-03 3.802992049e-03 -4.499929235e-02
353673.640000000 -1.762466757e-04 -8.352174519e-05 1.312411294e-03 2.630933252e-03 3.222216593e-03 -4.471796163e-02
353673.645000000 -1.584698009e-04 -1.004440903e-04 1.313569141e-03 2.402215712e-04 1.293247433e-03 -4.638845843e-02
353673.650000000 -1.708145523e-04 -1.039208379e-04 1.306443228e-03 -1.350209466e-03 -2.171443709e-04 -4.867078233e-02
353673.655000000 -2.017009046e-04 -1.007421898e-04 1.297339667e-03 -1.923740474e-03 -5.444954516e-05 -5.032008536e-02
353673.660000000 -2.155159202e-04 -8.969443301e-05 1.295194439e-03 -1.011742132e-03 2.061991944e-03 -4.971501206e-02
353673.665000000 -2.082175778e-04 -7.338177027e-05 1.300405269e-03 1.536534783e-03 4.716691190e-03 -4.752943698e-02
353673.670000000 -2.025612495e-04 -7.233593274e-05 1.306805549e-03 3.311490744e-03 6.158327620e-03 -4.621368725e-02
353673.675000000 -1.960565303e-04 -9.036133490e-05 1.309596376e-03 2.960799483e-03 6.331377471e-03 -4.601694348e-02
353673.680000000 -1.593082911e-04 -1.028487483e-04 1.308334774e-03 8.502257581e-04 4.114408240e-03 -4.725642607e-02
353673.685000000 -1.157155143e-04 -9.666227765e-05 1.303850236e-03 -1.484399827e-03 1.855567734e-04 -4.960812521e-02
353673.690000000 -1.239304787e-04 -8.226928885e-05 1.296613005e-03 -2.352547428e-03 -1.874587747e-03 -5.047324160e-02
353673.695000000 -1.717086748e-04 -6.915195408e-05 1.289904547e-03 -1.616867663e-03 -1.223590899e-03 -4.912421817e-02
353673.700000000 -2.160196604e-04 -6.154177485e-05 1.286002260e-03 3.922330212e-04 1.678689205e-03 -4.681151725e-02
353673.705000000 -2.305567517e-04 -6.563798707e-05 1.285017124e-03 2.170672325e-03 5.313655863e-03 -4.502576977e-02
353673.710000000 -2.094865153e-04 -8.020107364e-05 1.288392606e-03 2.197858941e-03 6.910954190e-03 -4.496882296e-02
353673.715000000 -1.730370262e-04 -9.638143769e-05 1.291085479e-03 1.054368525e-03 6.085821370e-03 -4.669833632e-02
353673.720000000 -1.446914664e-04 -1.012355224e-04 1.289637422e-03 -6.291383553e-04 3.851056421e-03 -4.914711257e-02
353673.725000000 -1.461700215e-04 -8.811751196e-05 1.289591989e-03 -1.725394680e-03 1.882319968e-03 -5.022586944e-02
353673.730000000 -1.742396485e-04 -6.751718432e-05 1.288733850e-03 -8.208444764e-04 1.735194402e-03 -4.933949457e-02
353673.735000000 -1.972508770e-04 -5.129639014e-05 1.287149881e-03 1.220716531e-03 2.904576890e-03 -4.776176465e-02
353673.740000000 -1.882122173e-04 -5.114259382e-05 1.288610953e-03 2.621074071e-03 3.838360355e-03 -4.596462390e-02
353673.745000000 -1.537692263e-04 -6.837537099e-05 1.290190958e-03 2.549679048e-03 3.493680610e-03 -4.540357448e-02
353673.750000000 -1.239156486e-04 -8.423677740e-05 1.289091007e-03 1.029944521e-03 2.141712763e-03 -4.724867453e-02
353673.755000000 -1.203794221e-04 -8.598379099e-05 1.286471844e-03 -9.811361710e-04 9.942166991e-04 -4.938680795e-02
353673.760000000 -1.549341164e-04 -7.569114834e-05 1.282136267e-03 -1.548188320e-03 1.407374305e-03 -4.989816993e-02
353673.765000000 -1.996690553e-04 -5.952374830e-05 1.274993360e-03 -2.546186278e-04 3.476935969e-03 -4.889764820e-02
353673.770000000 -2.105509007e-04 -5.164100067e-05 1.269764362e-03 1.406342074e-03 5.437525450e-03 -4.709951988e-02
353673.775000000 -1.865107032e-04 -5.843589483e-05 1.270178340e-03 2.777505146e-03 5.699823236e-03 -4.561801198e-02
353673.780000000 -1.515421184e-04 -7.522488908e-05 1.273233587e-03 2.799052317e-03 3.852637667e-03 -4.640104925e-02
353673.785000000 -1.282572852e-04 -9.445437028e-05 1.274926558e-03 6.623416774e-04 1.336945903e-03 -4.872268328e-02
353673.790000000 -1.221681971e-04 -9.979625686e-05 1.273605273e-03 -1.651244945e-03 9.033470044e-05 -4.979161989e-02
353673.795000000 -1.297638947e-04 -8.753086029e-05 1.267684289e-03 -2.264857239e-03 3.777847529e-05 -4.963116394e-02
353673.800000000 -1.641026595e-04 -6.128593873e-05 1.257573493e-03 -7.599048030e-04 1.190178221e-03 -4.825455210e-02
353673.805000000 -2.080228896e-04 -3.376068236e-05 1.250617162e-03 2.150275288e-03 3.099112484e-03 -4.599525149e-02
353673.810000000 -2.192160458e-04 -2.753384227e-05 1.250718481e-03 4.508971972e-03 3.931715502e-03 -4.535414381e-02
353673.815000000 -1.995630114e-04 -4.081572029e-05 1.252260908e-03 5.003144732e-03 3.651982804e-03 -4.670848734e-02
353673.820000000 -1.651283319e-04 -6.739618664e-05 1.250055011e-03 2.972762074e-03 2.952607056e-03 -4.845314396e-02
353673.825000000 -1.362215759e-04 -9.279868999e-05 1.245402585e-03 -1.272814366e-04 1.962844987e-03 -4.974427594e-02
353673.830000000 -1.348832553e-04 -9.556812846e-05 1.243052895e-03 -1.668582433e-03 1.343726495e-03 -5.007908581e-02
353673.835000000 -1.599637882e-04 -8.412714211e-05 1.241348761e-03 -1.359103871e-03 1.529137747e-03 -4.878321008e-02
353673.840000000 -2.005206700e-04 -7.473646419e-05 1.238529951e-03 9.384179149e-04 2.375524049e-03 -4.669592076e-02
353673.845000000 -2.170396009e-04 -7.431619535e-05 1.238778734e-03 3.753645623e-03 3.145768297e-03 -4.591153204e-02
353673.850000000 -1.873643050e-04 -8.172356065e-05 1.241571026e-03 4.153196204e-03 3.154732943e-03 -4.664845553e-02
353673.855000000 -1.507124911e-04 -9.146355247e-05 1.242978068e-03 2.552653246e-03 2.667806268e-03 -4.782218018e-02
353673.860000000 -1.440364449e-04 -9.485589100e-05 1.241632876e-03 1.433557475e-04 2.123972518e-03 -4.930565322e-02
353673.865000000 -1.592879526e-04 -8.128375246e-05 1.237190960e-03 -1.774978289e-03 1.768274019e-03 -5.011758483e-02
353673.870000000 -1.784677378e-04 -5.650561532e-05 1.232616922e-03 -1.124038766e-03 1.607953200e-03 -4.921546742e-02
353673.875000000 -2.003429314e-04 -3.908223027e-05 1.228090525e-03 1.693022663e-03 1.605664626e-03 -4.785865976e-02
353673.880000000 -2.071569153e-04 -4.427414732e-05 1.225775742e-03 4.197880345e-03 2.104891490e-03 -4.666768443e-02
353673.885000000 -1.830511403e-04 -6.785284854e-05 1.230654708e-03 4.731686181e-03 2.738431101e-03 -4.580763326e-02
353673.890000000 -1.494870607e-04 -9.190329183e-05 1.236419189e-03 3.492516933e-03 2.701181153e-03 -4.637185329e-02
353673.895000000 -1.339604877e-04 -1.086777094e-04 1.233893901e-03 1.165377505e-03 2.307603761e-03 -4.795006205e-02
353673.900000000 -1.468114687e-04 -1.085060713e-04 1.224539772e-03 -1.005768881e-03 1.838664746e-03 -4.895895190e-02
353673.905000000 -1.780612786e-04 -9.056582844e-05 1.216279172e-03 -1.127811700e-03 1.068706342e-03 -4.902650846e-02
353673.910000000 -2.074269131e-04 -7.301821542e-05 1.213330363e-03 8.282247913e-04 5.695445732e-04 -4.881888537e-02
353673.915000000 -2.244963749e-04 -6.707230685e-05 1.214607642e-03 3.118518956e-03 1.089025738e-03 -4.813259754e-02
353673.920000000 -2.125042803e-04 -7.936688011e-05 1.214801766e-03 4.230319751e-03 2.358328192e-03 -4.731671429e-02
353673.925000000 -1.688977005e-04 -1.024186495e-04 1.211303401e-03 3.207724151e-03 3.225464933e-03 -4.766004901e-02
353673.930000000 -1.294013532e-04 -1.130235253e-04 1.207575257e-03 3.952851066e-04 2.899891745e-03 -4.865086263e-02
353673.935000000 -1.224331953e-04 -1.060434694e-04 1.203303937e-03 -2.183065893e-03 1.734943404e-03 -4.922053134e-02
353673.940000000 -1.600041493e-04 -8.137500584e-05 1.195976581e-03 -2.143610009e-03 8.498993599e-04 -4.927023801e-02
353673.945000000 -2.191288276e-04 -5.117220474e-05 1.191431842e-03 6.580733612e-04 1.365745270e-03 -4.848349803e-02
353673.950000000 -2.432999963e-04 -4.584176657e-05 1.192730644e-03 3.865340213e-03 2.871754638e-03 -4.705909038e-02
353673.955000000 -2.182441318e-04 -6.407000858e-05 1.193097946e-03 5.874375680e-03 3.982900292e-03 -4.633392260e-02
353673.960000000 -1.721963046e-04 -9.663451928e-05 1.191267819e-03 5.108118366e-03 3.787012632e-03 -4.696126520e-02
353673.965000000 -1.441626807e-04 -1.303322721e-04 1.190902534e-03 1.590212910e-03 2.345480292e-03 -4.826517747e-02
353673.970000000 -1.579382937e-04 -1.393930759e-04 1.191212721e-03 -1.414006156e-03 9.566419209e-04 -4.956438804e-02
353673.975000000 -1.900728136e-04 -1.267387802e-04 1.189565105e-03 -2.537118082e-03 4.661191998e-04 -5.045150392e-02
353673.980000000 -2.076039786e-04 -1.018396361e-04 1.184852227e-03 -9.755093264e-04 7.786293000e-04 -4.992861304e-02
353673.985000000 -2.120048142e-04 -8.242929191e-05 1.180334897e-03 2.823676378e-03 1.618276048e-03 -4.827045184e-02
353673.990000000 -2.145118654e-04 -8.953985873e-05 1.179257845e-03 5.006842830e-03 2.805306151e-03 -4.711907060e-02
353673.995000000 -2.072352634e-04 -1.078761341e-04 1.181138059e-03 4.246058379e-03 4.185003189e-03 -4.659113619e-02
353674.000000000 -1.842939292e-04 -1.164704208e-04 1.182631093e-03 1.688860612e-03 4.308089399e-03 -4.741155832e-02
353674.005000000 -1.633028795e-04 -1.106961263e-04 1.176983961e-03 -1.141899659e-03 2.466649761e-03 -4.996993053e-02
353674.010000000 -1.612106426e-04 -9.495197862e-05 1.167222365e-03 -2.322486405e-03 5.365179391e-04 -5.146545896e-02
353674.015000000 -1.749738407e-04 -7.809924659e-05 1.164183893e-03 -1.219213836e-03 -1.798119188e-04 -5.065122131e-02
353674.020000000 -1.964780747e-04 -6.924337618e-05 1.167989669e-03 1.731284928e-03 1.118746163e-03 -4.859781674e-02
353674.025000000 -2.094099991e-04 -8.023114257e-05 1.170987031e-03 4.436288540e-03 4.083594823e-03 -4.618233348e-02
353674.030000000 -1.993928243e-04 -1.066978226e-04 1.169059984e-03 4.730000113e-03 5.832446912e-03 -4.492694790e-02
353674.035000000 -1.722138787e-04 -1.315011663e-04 1.163063335e-03 3.073378525e-03 5.051998208e-03 -4.603585943e-02
353674.040000000 -1.467579436e-04 -1.417585007e-04 1.155315805e-03 1.356911322e-04 2.689681723e-03 -4.874279828e-02
353674.045000000 -1.457958803e-04 -1.285722503e-04 1.149612884e-03 -2.331736619e-03 4.515422592e-04 -5.063796869e-02
353674.050000000 -1.703757189e-04 -1.013161235e-04 1.146220847e-03 -1.740384137e-03 1.384275607e-04 -5.045251474e-02
353674.055000000 -1.960712743e-04 -8.341911046e-05 1.141778636e-03 9.174399239e-04 2.335589902e-03 -4.828321132e-02
353674.060000000 -1.961655892e-04 -8.217107670e-05 1.139073639e-03 3.138163859e-03 5.028395270e-03 -4.540533503e-02
353674.065000000 -1.654956509e-04 -8.808999860e-05 1.139163304e-03 3.624460745e-03 5.041829473e-03 -4.503203406e-02
353674.070000000 -1.307082961e-04 -9.539104120e-05 1.135315229e-03 2.160313717e-03 2.709437126e-03 -4.747302426e-02
353674.075000000 -1.291702193e-04 -9.576775389e-05 1.124712891e-03 -2.505600096e-04 6.273267353e-04 -4.973194230e-02
353674.080000000 -1.626759876e-04 -8.242734925e-05 1.111123805e-03 -1.559041018e-03 1.600245178e-04 -5.020201972e-02
353674.085000000 -1.938279029e-04 -6.476548351e-05 1.102648867e-03 -6.146636295e-04 1.293615029e-03 -4.920895769e-02
353674.090000000 -2.074036521e-04 -5.564501504e-05 1.103693652e-03 1.549444150e-03 3.232669718e-03 -4.726610080e-02
353674.095000000 -2.059871678e-04 -6.588663299e-05 1.108003672e-03 3.575871831e-03 4.543606915e-03 -4.571647661e-02
353674.100000000 -1.867877768e-04 -9.711934136e-05 1.111529881e-03 3.996588917e-03 4.170445659e-03 -4.637493255e-02
353674.105000000 -1.608358161e-04 -1.259686795e-04 1.112368505e-03 1.995324504e-03 2.682507331e-03 -4.840409596e-02
353674.110000000 -1.419011007e-04 -1.351614935e-04 1.108621275e-03 -6.797685032e-04 1.049615498e-03 -5.000958808e-02
353674.115000000 -1.483940782e-04 -1.212679274e-04 1.101621192e-03 -1.913324023e-03 2.313600949e-04 -5.042931541e-02
353674.120000000 -1.860917668e-04 -9.055595369e-05 1.092839338e-03 -1.316967408e-03 1.059945421e-03 -4.893617868e-02
353674.125000000 -2.241885863e-04 -6.607330696e-05 1.088131072e-03 5.953916952e-04 2.936381552e-03 -4.612506300e-02
353674.130000000 -2.368305374e-04 -5.548848228e-05 1.090430449e-03 2.853441219e-03 4.429532137e-03 -4.432574084e-02
353674.135000000 -2.134688304e-04 -5.983494750e-05 1.093240014e-03 3.505894210e-03 4.481383121e-03 -4.514905577e-02
353674.140000000 -1.679376027e-04 -7.361786161e-05 1.088371752e-03 1.914296026e-03 3.009702721e-03 -4.761394776e-02
353674.145000000 -1.418437882e-04 -8.018885613e-05 1.079137803e-03 9.091198955e-05 1.308000313e-03 -4.976260526e-02
353674.150000000 -1.481414866e-04 -7.667700655e-05 1.073636587e-03 -9.120786843e-04 7.200088097e-04 -5.070398782e-02
353674.155000000 -1.772550398e-04 -6.427446934e-05 1.073250007e-03 -3.751807662e-04 1.621375086e-03 -4.935548647e-02
353674.160000000 -2.161100043e-04 -5.416119507e-05 1.074452956e-03 2.271600013e-03 3.303853833e-03 -4.654948078e-02
353674.165000000 -2.341151046e-04 -6.095467023e-05 1.070892622e-03 4.573371913e-03 4.395935939e-03 -4.526863540e-02
353674.170000000 -2.145135883e-04 -8.042575938e-05 1.065971576e-03 4.696029507e-03 4.458045819e-03 -4.562979161e-02
353674.175000000 -1.716915405e-04 -1.034452264e-04 1.063877692e-03 2.821126336e-03 3.289255126e-03 -4.722791484e-02
353674.180000000 -1.387235396e-04 -1.153978818e-04 1.058943905e-03 -2.097228237e-04 1.476893093e-03 -4.969079780e-02
353674.185000000 -1.457584462e-04 -1.044235786e-04 1.051927400e-03 -2.247495938e-03 1.065107168e-03 -5.034439646e-02
353674.190000000 -1.833119537e-04 -7.902471611e-05 1.045968620e-03 -2.097700689e-03 2.031683666e-03 -4.867310974e-02
353674.195000000 -2.138432234e-04 -5.561000033e-05 1.042557662e-03 1.261618707e-04 3.078299289e-03 -4.683599445e-02
353674.200000000 -2.149657092e-04 -4.576363570e-05 1.043525914e-03 2.988669639e-03 3.772724059e-03 -4.603943599e-02
353674.205000000 -1.925860962e-04 -5.270662326e-05 1.045071224e-03 4.201107741e-03 3.600633253e-03 -4.619613146e-02
353674.210000000 -1.617071013e-04 -6.918873999e-05 1.045468986e-03 3.626562985e-03 2.793026580e-03 -4.728761339e-02
353674.215000000 -1.431372374e-04 -8.491109356e-05 1.044636150e-03 1.618724413e-03 2.403594806e-03 -4.862447325e-02
353674.220000000 -1.527986614e-04 -9.105645244e-05 1.042186934e-03 -6.480599274e-04 2.664842970e-03 -4.884125048e-02
353674.225000000 -1.756253152e-04 -8.524362935e-05 1.040666322e-03 -6.188081039e-04 2.830259156e-03 -4.826576720e-02
353674.230000000 -1.958371588e-04 -7.756080162e-05 1.040498232e-03 1.283065910e-03 2.813476046e-03 -4.786469198e-02
353674.235000000 -2.032183333e-04 -8.217200465e-05 1.044360536e-03 3.156212055e-03 3.115981712e-03 -4.721993973e-02
353674.240000000 -1.862743414e-04 -1.036471256e-04 1.052929743e-03 4.005122132e-03 3.289003774e-03 -4.673487979e-02
353674.245000000 -1.552985772e-04 -1.246423211e-04 1.057739588e-03 2.908562120e-03 2.859081466e-03 -4.761606479e-02
353674.250000000 -1.281509024e-04 -1.311991829e-04 1.056626802e-03 2.725164692e-04 2.357963389e-03 -4.861924490e-02
353674.255000000 -1.267472121e-04 -1.203090249e-04 1.051190092e-03 -1.551997645e-03 1.861630840e-03 -4.864672795e-02
353674.260000000 -1.609263697e-04 -9.245678316e-05 1.044931172e-03 -9.711898941e-04 1.297053159e-03 -4.859656455e-02
353674.265000000 -2.008498567e-04 -6.612125425e-05 1.045274607e-03 9.096760395e-04 1.565019424e-03 -4.825919630e-02
353674.270000000 -2.181312356e-04 -5.630809465e-05 1.049133916e-03 3.002305473e-03 2.689222944e-03 -4.728096172e-02
353674.275000000 -1.950034033e-04 -6.787380283e-05 1.050850115e-03 4.091725739e-03 3.712439204e-03 -4.698591225e-02
353674.280000000 -1.374554155e-04 -9.801565757e-05 1.050362874e-03 2.555632071e-03 4.176299101e-03 -4.751641359e-02
353674.285000000 -9.983132659e-05 -1.284671618e-04 1.046077252e-03 -3.151224431e-04 3.674961614e-03 -4.763432149e-02
353674.290000000 -1.037343644e-04 -1.382151414e-04 1.039608316e-03 -2.193380323e-03 2.181556217e-03 -4.788424036e-02
353674.295000000 -1.372547888e-04 -1.190539762e-04 1.036235521e-03 -1.822688208e-03 7.682883938e-04 -4.820760879e-02
353674.300000000 -1.872027390e-04 -9.290544014e-05 1.034406110e-03 9.582365484e-04 5.026359782e-04 -4.741180224e-02
353674.305000000 -2.160462208e-04 -8.458597934e-05 1.033981595e-03 4.245352541e-03 1.378829952e-03 -4.653833178e-02
353674.310000000 -2.080147344e-04 -9.175783459e-05 1.036836414e-03 5.741960948e-03 2.743526251e-03 -4.650466734e-02
353674.315000000 -1.728992662e-04 -1.101980448e-04 1.037542944e-03 4.016583038e-03 3.745241816e-03 -4.681528448e-02
353674.320000000 -1.353249913e-04 -1.288106008e-04 1.036519644e-03 -6.805634922e-05 3.616275523e-03 -4.769840604e-02
353674.325000000 -1.328600232e-04 -1.275188284e-04 1.035285482e-03 -3.122837650e-03 2.677300846e-03 -4.916606073e-02
353674.330000000 -1.608291250e-04 -1.075589198e-04 1.032115192e-03 -3.533403512e-03 1.847257647e-03 -5.002597543e-02
353674.335000000 -1.838023872e-04 -8.380779756e-05 1.033555848e-03 -8.477378659e-04 1.575073699e-03 -4.941466612e-02
353674.340000000 -1.863572592e-04 -7.420128224e-05 1.040078888e-03 3.668906480e-03 2.113244272e-03 -4.780361515e-02
353674.345000000 -1.733522699e-04 -8.738211893e-05 1.043381064e-03 5.723393440e-03 3.142245749e-03 -4.611961935e-02
353674.350000000 -1.541628279e-04 -1.119974818e-04 1.045236052e-03 4.479742599e-03 3.782083889e-03 -4.507780022e-02
353674.355000000 -1.409558864e-04 -1.323944025e-04 1.046111929e-03 1.231786796e-03 3.201556536e-03 -4.606534813e-02
353674.360000000 -1.414445765e-04 -1.340989192e-04 1.043503484e-03 -2.639741068e-03 1.594776024e-03 -4.886614104e-02
353674.365000000 -1.568205933e-04 -1.154454184e-04 1.040348789e-03 -3.682838728e-03 3.880806636e-04 -5.044740205e-02
353674.370000000 -1.836614744e-04 -9.187149484e-05 1.037067769e-03 -1.315200454e-03 3.694550651e-04 -5.012524214e-02
353674.375000000 -2.027574649e-04 -8.028751435e-05 1.037604544e-03 2.154818272e-03 2.173091439e-03 -4.837560524e-02
353674.380000000 -1.950647955e-04 -8.919670214e-05 1.044327754e-03 4.512109649e-03 5.192847123e-03 -4.536614158e-02
353674.385000000 -1.671664388e-04 -1.096336708e-04 1.050507725e-03 4.166449456e-03 6.592033543e-03 -4.400255745e-02
353674.390000000 -1.337365177e-04 -1.254829484e-04 1.051224072e-03 1.672693067e-03 5.591799592e-03 -4.564910711e-02
353674.395000000 -1.096128554e-04 -1.230304110e-04 1.046113517e-03 -1.104946987e-03 2.865712957e-03 -4.858676265e-02
353674.400000000 -1.168555820e-04 -9.789062726e-05 1.038561781e-03 -2.001264440e-03 -3.501323860e-04 -5.096304429e-02
353674.405000000 -1.547731412e-04 -7.117224862e-05 1.036012671e-03 -4.429594521e-04 -9.903465572e-04 -5.110565337e-02
353674.410000000 -1.960097703e-04 -6.027965467e-05 1.039617336e-03 1.790416223e-03 1.423579435e-03 -4.865636375e-02
353674.415000000 -1.991189279e-04 -6.906481141e-05 1.041776235e-03 3.314063885e-03 4.199465860e-03 -4.542691912e-02
353674.420000000 -1.536510389e-04 -9.556383489e-05 1.036342840e-03 3.246533478e-03 5.055305482e-03 -4.432634495e-02
353674.425000000 -1.094827588e-04 -1.176678223e-04 1.026236127e-03 1.202063528e-03 3.654975514e-03 -4.604466609e-02
353674.430000000 -9.801151540e-05 -1.203501071e-04 1.017919292e-03 -1.260235839e-03 1.445899891e-03 -4.861780697e-02
353674.435000000 -1.230084582e-04 -1.028218250e-04 1.015558759e-03 -1.983218711e-03 3.870863340e-04 -5.049421291e-02
353674.440000000 -1.731304993e-04 -7.199023609e-05 1.017452498e-03 -4.811652027e-04 1.851422266e-03 -5.029555872e-02
353674.445000000 -2.022257449e-04 -5.317172168e-05 1.017381211e-03 1.889031512e-03 4.722627507e-03 -4.760205693e-02
353674.450000000 -1.912923615e-04 -5.717860148e-05 1.012558048e-03 3.856896918e-03 6.485446624e-03 -4.500157602e-02
353674.455000000 -1.470321283e-04 -7.523747891e-05 1.007230321e-03 3.781232748e-03 5.592092237e-03 -4.504816893e-02
353674.460000000 -9.727867357e-05 -9.624233527e-05 1.006175399e-03 1.168023712e-03 2.417579233e-03 -4.731447524e-02
353674.465000000 -9.141416046e-05 -1.020538247e-04 1.004091702e-03 -1.069781189e-03 -2.875762292e-04 -4.979414322e-02
353674.470000000 -1.204902365e-04 -9.151038133e-05 1.000777704e-03 -1.851147074e-03 -9.192659156e-04 -5.108250445e-02
353674.475000000 -1.561836178e-04 -7.190416638e-05 1.001418361e-03 -1.154631016e-03 5.712955939e-04 -4.967308403e-02
353674.480000000 -1.876382844e-04 -5.265605660e-05 1.002486338e-03 1.727422962e-03 3.399815250e-03 -4.621587363e-02
353674.485000000 -1.907119239e-04 -5.318272442e-05 1.002511135e-03 4.243336921e-03 5.083781439e-03 -4.462450350e-02
353674.490000000 -1.683464358e-04 -7.192785343e-05 1.003001473e-03 4.389965483e-03 5.080395669e-03 -4.535206811e-02
353674.495000000 -1.390723408e-04 -9.303959879e-05 1.001338436e-03 2.750014543e-03 4.016955296e-03 -4.752604910e-02
353674.500000000 -1.157528044e-04 -1.025113823e-04 9.951303381e-04 2.420925436e-04 2.424354534e-03 -5.089760292e-02
353674.505000000 -1.141410121e-04 -9.341169132e-05 9.890766893e-04 -1.427357300e-03 2.079086626e-03 -5.204695989e-02
353674.510000000 -1.251984016e-04 -7.514656412e-05 9.859115207e-04 -1.224968285e-03 2.981286395e-03 -4.992403500e-02
353674.515000000 -1.383983199e-04 -5.911916559e-05 9.828141013e-04 6.495561348e-04 3.746297695e-03 -4.708909066e-02
353674.520000000 -1.457930370e-04 -5.258723542e-05 9.810754046e-04 2.905546253e-03 3.850805871e-03 -4.538654652e-02
353674.525000000 -1.326456434e-04 -6.150474933e-05 9.802149779e-04 3.587827759e-03 2.952861684e-03 -4.551212428e-02
353674.530000000 -1.127177742e-04 -7.651990121e-05 9.768575418e-04 2.756611450e-03 1.375902926e-03 -4.736983087e-02
353674.535000000 -1.058419614e-04 -8.073713632e-05 9.694841510e-04 1.057090870e-03 5.466058131e-04 -4.951128603e-02
353674.540000000 -1.162704884e-04 -7.273242712e-05 9.597188957e-04 -7.140289756e-04 1.342608570e-03 -4.963186081e-02
353674.545000000 -1.421616766e-04 -6.023031339e-05 9.536102537e-04 -5.064692399e-04 2.820517020e-03 -4.804771623e-02
353674.550000000 -1.710927072e-04 -4.981397898e-05 9.517998158e-04 1.307068842e-03 4.069992085e-03 -4.658778339e-02
353674.555000000 -1.746233086e-04 -5.159719641e-05 9.507975199e-04 3.077441613e-03 4.388999393e-03 -4.611288169e-02
353674.560000000 -1.336589711e-04 -7.097258572e-05 9.485855679e-04 4.047807206e-03 2.931073541e-03 -4.730848295e-02
353674.565000000 -8.380380658e-05 -9.007399967e-05 9.463543434e-04 3.287846391e-03 8.099502862e-04 -4.945566273e-02
353674.570000000 -6.881023110e-05 -9.635768670e-05 9.385146017e-04 1.220851712e-03 -3.635849640e-04 -5.058270236e-02
353674.575000000 -9.768334185e-05 -8.997836259e-05 9.267006909e-04 -3.044087280e-04 -1.640410073e-04 -4.976865435e-02
353674.580000000 -1.529379263e-04 -7.056289177e-05 9.252201727e-04 8.760623882e-05 1.072520873e-03 -4.793208671e-02
353674.585000000 -1.948539633e-04 -5.385318246e-05 9.280482373e-04 1.841980683e-03 2.246354741e-03 -4.669498219e-02
353674.590000000 -2.093325787e-04 -5.254155318e-05 9.280523677e-04 3.632670943e-03 2.913080916e-03 -4.647654305e-02
353674.595000000 -1.869051629e-04 -6.738872717e-05 9.273762518e-04 4.257254073e-03 2.977818236e-03 -4.742297268e-02
353674.600000000 -1.304550164e-04 -9.275220590e-05 9.253012296e-04 2.712001067e-03 2.319349078e-03 -4.912441285e-02
353674.605000000 -9.832600513e-05 -1.092187146e-04 9.240847182e-04 3.397610451e-04 1.684530357e-03 -4.965805478e-02
353674.610000000 -1.131339537e-04 -1.059515148e-04 9.240317294e-04 -8.428786316e-04 1.419118350e-03 -4.900819328e-02
353674.615000000 -1.448229468e-04 -9.027528942e-05 9.236603209e-04 -1.593827160e-04 1.088405313e-03 -4.816218334e-02
353674.620000000 -1.756193781e-04 -7.380600530e-05 9.253380429e-04 2.243454336e-03 5.130117739e-04 -4.704393588e-02
353674.625000000 -1.912627254e-04 -7.273038494e-05 9.296386151e-04 4.704321708e-03 6.691432312e-05 -4.678740456e-02
353674.630000000 -1.894129470e-04 -8.909689416e-05 9.296719830e-04 5.514327274e-03 1.886989853e-04 -4.786994486e-02
353674.635000000 -1.748005124e-04 -1.091962204e-04 9.238796539e-04 3.892362388e-03 9.422591557e-04 -4.873719591e-02
353674.640000000 -1.546849747e-04 -1.223861832e-04 9.182900402e-04 7.322273857e-04 1.784850072e-03 -4.872404266e-02
353674.645000000 -1.506578688e-04 -1.214683862e-04 9.176502604e-04 -1.345010850e-03 1.923793294e-03 -4.879889144e-02
353674.650000000 -1.636729850e-04 -1.069918904e-04 9.188919971e-04 -1.473477410e-03 1.550664993e-03 -4.870949821e-02
353674.655000000 -1.831155072e-04 -8.814872250e-05 9.204296177e-04 5.174067102e-04 1.127792478e-03 -4.806085107e-02
353674.660000000 -2.031450079e-04 -8.067528452e-05 9.245710458e-04 3.899703098e-03 1.014039781e-03 -4.794196907e-02
353674.665000000 -2.019274329e-04 -9.308845222e-05 9.245425180e-04 5.035609394e-03 1.634747503e-03 -4.795934337e-02
353674.670000000 -1.714023140e-04 -1.154679967e-04 9.198005743e-04 3.410565842e-03 2.154960512e-03 -4.756526110e-02
353674.675000000 -1.423546162e-04 -1.282071470e-04 9.127574855e-04 9.964042268e-04 1.546229485e-03 -4.786673975e-02
353674.680000000 -1.470289257e-04 -1.215032318e-04 9.049562016e-04 -1.327139046e-03 4.679266610e-04 -4.874928419e-02
353674.685000000 -1.807201822e-04 -1.036612764e-04 9.048945622e-04 -1.552377934e-03 2.515269675e-04 -4.860984360e-02
353674.690000000 -2.148799755e-04 -9.079224056e-05 9.069190756e-04 5.448266584e-04 8.676496820e-04 -4.786146988e-02
353674.695000000 -2.218309068e-04 -8.966179275e-05 9.062443253e-04 2.856392963e-03 2.033169238e-03 -4.728375493e-02
353674.700000000 -1.922990084e-04 -1.001582946e-04 9.101307052e-04 3.979278315e-03 3.553323268e-03 -4.649302686e-02
353674.705000000 -1.572447612e-04 -1.205095700e-04 9.139533879e-04 3.246020080e-03 3.986455165e-03 -4.651442937e-02
353674.710000000 -1.416145067e-04 -1.344579096e-04 9.143212635e-04 9.303948160e-04 3.106522858e-03 -4.782673111e-02
353674.715000000 -1.463604297e-04 -1.273274657e-04 9.141235466e-04 -1.293543358e-03 1.560623045e-03 -4.909135176e-02
353674.720000000 -1.741085475e-04 -1.040012140e-04 9.144996812e-04 -1.262710365e-03 -3.750644990e-04 -4.966490952e-02
353674.725000000 -2.067772181e-04 -8.765889156e-05 9.167719509e-04 8.382726102e-04 -9.950334300e-04 -4.971358369e-02
353674.730000000 -2.229326558e-04 -8.361403861e-05 9.193552992e-04 2.921768513e-03 5.267464652e-04 -4.861542015e-02
353674.735000000 -2.136634688e-04 -9.044585682e-05 9.221912204e-04 3.797130254e-03 2.734571170e-03 -4.682665406e-02
353674.740000000 -1.808831472e-04 -1.154949674e-04 9.254932769e-04 2.714459121e-03 4.073326117e-03 -4.648714322e-02
353674.745000000 -1.520227683e-04 -1.333089453e-04 9.266495825e-04 -7.064977297e-05 3.838656814e-03 -4.763760610e-02
353674.750000000 -1.545147991e-04 -1.237622398e-04 9.227364855e-04 -2.066890210e-03 2.359400067e-03 -4.913434823e-02
353674.755000000 -1.882886679e-04 -9.706182949e-05 9.196389279e-04 -1.442120758e-03 8.454950659e-04 -5.056727031e-02
353674.760000000 -2.170398971e-04 -7.617941931e-05 9.208043745e-04 5.293550950e-04 1.129682784e-03 -5.014669653e-02
353674.765000000 -2.155426772e-04 -7.103874206e-05 9.215848226e-04 2.589183469e-03 2.832983973e-03 -4.764589145e-02
353674.770000000 -1.909548039e-04 -7.909220839e-05 9.224886736e-04 3.780148300e-03 3.840703236e-03 -4.594360944e-02
353674.775000000 -1.624414291e-04 -1.053970228e-04 9.186184568e-04 2.276379671e-03 3.592470278e-03 -4.628862398e-02
353674.780000000 -1.517717125e-04 -1.267102715e-04 9.131654180e-04 -6.628968974e-04 2.522145846e-03 -4.733662984e-02
353674.785000000 -1.528189249e-04 -1.228234873e-04 9.094391639e-04 -2.405905525e-03 1.044216892e-03 -4.883941980e-02
353674.790000000 -1.674173908e-04 -1.006652275e-04 9.054099191e-04 -2.062691863e-03 4.170482882e-04 -5.013241957e-02
353674.795000000 -2.036227897e-04 -7.168179338e-05 9.046617111e-04 5.498086528e-04 2.084119242e-03 -4.892727373e-02
353674.800000000 -2.277791428e-04 -6.332977682e-05 9.035346920e-04 3.560191264e-03 4.636425159e-03 -4.664549953e-02
353674.805000000 -2.160773584e-04 -7.917881581e-05 9.041446684e-04 4.764820806e-03 6.252973113e-03 -4.579368392e-02
353674.810000000 -1.761317867e-04 -1.003733585e-04 9.071548283e-04 3.492392981e-03 5.841056836e-03 -4.640735174e-02
353674.815000000 -1.356937459e-04 -1.179069310e-04 9.020705774e-04 5.409250829e-04 2.647234746e-03 -4.860282469e-02
353674.820000000 -1.347792504e-04 -1.176758536e-04 8.942405272e-04 -1.676129975e-03 -4.361908439e-04 -5.124207554e-02
353674.825000000 -1.627010588e-04 -1.005621926e-04 8.920926696e-04 -2.300863753e-03 -9.305999275e-04 -5.188939925e-02
353674.830000000 -1.914728176e-04 -8.086772170e-05 8.925235412e-04 -9.736203464e-04 8.027061846e-04 -4.968106336e-02
353674.835000000 -2.099913554e-04 -6.820572815e-05 8.939352315e-04 2.243460145e-03 3.884842575e-03 -4.627571619e-02
353674.840000000 -2.041551373e-04 -7.470720424e-05 8.931806712e-04 3.919571251e-03 5.982141935e-03 -4.445698391e-02
353674.845000000 -1.805169241e-04 -9.719550900e-05 8.929683473e-04 3.089303974e-03 5.899861886e-03 -4.481523857e-02
353674.850000000 -1.591171309e-04 -1.114491222e-04 8.950685462e-04 1.309206101e-03 4.343060290e-03 -4.733691051e-02
353674.855000000 -1.567628092e-04 -1.113269927e-04 8.941352308e-04 -9.237196266e-04 2.579978274e-03 -5.099032324e-02
353674.860000000 -1.702858340e-04 -1.017424793e-04 8.939803382e-04 -1.597123437e-03 2.348107226e-03 -5.173244284e-02
353674.865000000 -1.812273680e-04 -8.415326987e-05 8.978989610e-04 3.959072309e-05 3.307267390e-03 -4.960019369e-02
353674.870000000 -1.821473292e-04 -7.727973646e-05 8.994379058e-04 2.138369111e-03 4.344440995e-03 -4.714816760e-02
353674.875000000 -1.665950909e-04 -9.025774510e-05 9.006896422e-04 3.056154548e-03 5.024971769e-03 -4.479845700e-02
353674.880000000 -1.360819962e-04 -1.054046161e-04 9.018946729e-04 2.516722272e-03 4.188150329e-03 -4.461540101e-02
353674.885000000 -1.112381710e-04 -1.128967403e-04 8.975782982e-04 1.092709086e-03 2.195741221e-03 -4.702815397e-02
353674.890000000 -1.169136904e-04 -1.096395648e-04 8.895219107e-04 -4.481550626e-04 1.062734317e-03 -4.926828022e-02
353674.895000000 -1.572621005e-04 -9.302546418e-05 8.829712622e-04 -6.350649215e-04 1.716525018e-03 -4.956080271e-02
353674.900000000 -1.912418422e-04 -7.440309158e-05 8.807582819e-04 8.573428528e-04 3.424621010e-03 -4.869956169e-02
353674.905000000 -1.949888622e-04 -6.297365273e-05 8.813218826e-04 2.569976929e-03 5.186159014e-03 -4.751577815e-02
353674.910000000 -1.716684079e-04 -7.218121268e-05 8.832970920e-04 3.484963093e-03 5.870178904e-03 -4.661396026e-02
353674.915000000 -1.212610356e-04 -1.047563453e-04 8.823359390e-04 3.009146395e-03 4.530573386e-03 -4.774840883e-02
353674.920000000 -7.912619696e-05 -1.261196784e-04 8.766448982e-04 9.953256406e-04 2.626234072e-03 -4.965782882e-02
353674.925000000 -7.207066912e-05 -1.235500915e-04 8.694528335e-04 -1.049384037e-03 1.640141155e-03 -5.007485069e-02
353674.930000000 -9.730347132e-05 -1.039439054e-04 8.645138244e-04 -1.262966278e-03 1.783390574e-03 -4.918539171e-02
353674.935000000 -1.352895872e-04 -7.385886258e-05 8.610725366e-04 3.195638437e-04 3.238798969e-03 -4.715593032e-02
353674.940000000 -1.508548921e-04 -5.824178834e-05 8.588735849e-04 2.159973151e-03 4.541027742e-03 -4.496853506e-02
353674.945000000 -1.384698249e-04 -5.967386955e-05 8.597508346e-04 3.600849218e-03 4.353201417e-03 -4.449003068e-02
353674.950000000 -1.160561022e-04 -7.139082899e-05 8.609547365e-04 3.782202835e-03 3.143825100e-03 -4.626948730e-02
353674.955000000 -9.412818629e-05 -9.756724937e-05 8.590015078e-04 1.832326631e-03 1.743874076e-03 -4.891934212e-02
353674.960000000 -8.644247449e-05 -1.145026243e-04 8.576953603e-04 -8.394997871e-06 9.448494356e-04 -5.028667494e-02
353674.965000000 -1.015778411e-04 -1.070768113e-04 8.557919881e-04 -3.203601302e-04 1.154648687e-03 -5.007448748e-02
353674.970000000 -1.259085760e-04 -9.000445415e-05 8.517588012e-04 4.678951372e-04 2.237916719e-03 -4.828985054e-02
353674.975000000 -1.440443500e-04 -8.131052394e-05 8.524158489e-04 2.524550596e-03 3.366982425e-03 -4.533995915e-02
353674.980000000 -1.405980304e-04 -8.988520888e-05 8.553157724e-04 4.047556727e-03 3.462221329e-03 -4.469626996e-02
353674.985000000 -1.181110612e-04 -1.052515203e-04 8.575147802e-04 3.526682031e-03 2.754629424e-03 -4.654525616e-02
353674.990000000 -9.984883260e-05 -1.174355189e-04 8.561201511e-04 1.814517360e-03 1.812039020e-03 -4.843892188e-02
353674.995000000 -1.013580012e-04 -1.161529840e-04 8.516165837e-04 1.048765564e-04 7.457335908e-04 -5.021777761e-02
353675.000000000 -1.202668699e-04 -9.816301299e-05 8.493264210e-04 -6.033266580e-04 6.310764578e-04 -5.033619906e-02
353675.005000000 -1.455042017e-04 -7.824879668e-05 8.471280898e-04 3.595944394e-05 1.636243791e-03 -4.813436851e-02
353675.010000000 -1.613830728e-04 -7.053818737e-05 8.416251941e-04 1.683509271e-03 2.444279265e-03 -4.616148784e-02
353675.015000000 -1.423990407e-04 -7.536057775e-05 8.389084758e-04 3.115741002e-03 2.463730916e-03 -4.611515213e-02
353675.020000000 -1.037749692e-04 -8.586850006e-05 8.409329945e-04 3.171017869e-03 1.872827212e-03 -4.689615110e-02
353675.025000000 -8.259365430e-05 -9.703408476e-05 8.403658779e-04 2.321072459e-03 1.141095091e-03 -4.788130850e-02
353675.030000000 -9.234663519e-05 -9.874167577e-05 8.361339583e-04 1.132836892e-03 1.068385122e-03 -4.884953343e-02
353675.035000000 -1.307839618e-04 -8.414123552e-05 8.270073953e-04 2.741493605e-04 1.951445289e-03 -4.837230861e-02
353675.040000000 -1.603180306e-04 -6.877154161e-05 8.184809055e-04 1.109643303e-03 2.398198275e-03 -4.749481076e-02
353675.045000000 -1.615350716e-04 -6.850283179e-05 8.158211150e-04 2.776316304e-03 1.958852345e-03 -4.766250182e-02
353675.050000000 -1.475018505e-04 -8.298908407e-05 8.135491848e-04 3.562904717e-03 1.517874633e-03 -4.798627693e-02
353675.055000000 -1.220334641e-04 -1.047814723e-04 8.114653902e-04 3.251470612e-03 1.268207108e-03 -4.791201806e-02
353675.060000000 -1.086313504e-04 -1.175120438e-04 8.075175898e-04 1.943837961e-03 1.377278704e-03 -4.803135829e-02
353675.065000000 -1.156986223e-04 -1.130681385e-04 7.994300876e-04 1.618897435e-04 1.702947915e-03 -4.807669624e-02
353675.070000000 -1.316469423e-04 -9.367460823e-05 7.917376653e-04 -6.102064293e-04 1.643614269e-03 -4.753263886e-02
353675.075000000 -1.588230440e-04 -6.918593841e-05 7.881904193e-04 9.105377337e-04 1.091446042e-03 -4.728812602e-02
353675.080000000 -1.783741682e-04 -6.001630536e-05 7.914444135e-04 2.947160992e-03 9.938877659e-04 -4.759435276e-02
353675.085000000 -1.752392454e-04 -6.751838457e-05 7.961688103e-04 3.890784500e-03 1.619059266e-03 -4.776077493e-02
353675.090000000 -1.556752000e-04 -8.508021325e-05 7.984954118e-04 3.816308223e-03 2.104010547e-03 -4.806792452e-02
353675.095000000 -1.332706312e-04 -1.106558498e-04 7.983885409e-04 1.816482323e-03 2.161509191e-03 -4.882470000e-02
353675.100000000 -1.271706959e-04 -1.212849037e-04 7.952383992e-04 -6.068399445e-04 2.010664871e-03 -4.867675257e-02
353675.105000000 -1.343307894e-04 -1.104881280e-04 7.896178608e-04 -1.156959003e-03 1.495259258e-03 -4.784840714e-02
353675.110000000 -1.501220324e-04 -9.233744995e-05 7.861764720e-04 -1.432274179e-05 8.658613164e-04 -4.753365011e-02
353675.115000000 -1.746497632e-04 -7.969086984e-05 7.893189815e-04 2.059983978e-03 1.193039590e-03 -4.700871956e-02
353675.120000000 -1.837680296e-04 -8.284408832e-05 7.955379050e-04 3.699740812e-03 2.111495043e-03 -4.667092277e-02
353675.125000000 -1.670929553e-04 -9.288042755e-05 8.022038115e-04 3.782044499e-03 2.612226162e-03 -4.746155415e-02
353675.130000000 -1.445582191e-04 -9.989512600e-05 8.018873860e-04 2.274635174e-03 2.475987868e-03 -4.855568327e-02
353675.135000000 -1.322052374e-04 -9.835724409e-05 7.922794884e-04 1.741726306e-04 1.315599374e-03 -4.929568186e-02
353675.140000000 -1.396716864e-04 -9.280355580e-05 7.811599521e-04 -4.307519388e-04 -1.254449460e-04 -4.990871110e-02
353675.145000000 -1.577263484e-04 -8.377525518e-05 7.787171224e-04 4.738399852e-04 -6.308386527e-04 -4.982595789e-02
353675.150000000 -1.738824211e-04 -7.457513238e-05 7.822742600e-04 1.967480541e-03 8.366022381e-05 -4.840886326e-02
353675.155000000 -1.828487487e-04 -7.942882315e-05 7.809115609e-04 3.738575831e-03 1.755011759e-03 -4.688664306e-02
353675.160000000 -1.676407620e-04 -9.517550685e-05 7.767798268e-04 3.720587670e-03 2.946615681e-03 -4.652533427e-02
353675.165000000 -1.400288211e-04 -1.067665417e-04 7.743865803e-04 1.909534794e-03 2.679211040e-03 -4.691896916e-02
353675.170000000 -1.362369255e-04 -1.057054896e-04 7.694135066e-04 4.576040072e-04 1.174818807e-03 -4.802864371e-02
353675.175000000 -1.669221463e-04 -9.381551845e-05 7.600225831e-04 -2.156316935e-04 -6.564183691e-04 -4.985043038e-02
353675.180000000 -2.026633694e-04 -7.761561926e-05 7.573477816e-04 4.062670232e-04 -9.463132927e-04 -5.012328103e-02
353675.185000000 -2.230120208e-04 -6.990101946e-05 7.617462179e-04 2.390261741e-03 3.500953603e-04 -4.891920230e-02
353675.190000000 -2.199556041e-04 -8.034281014e-05 7.632100692e-04 3.936637955e-03 2.134655228e-03 -4.801096301e-02
353675.195000000 -1.792128896e-04 -1.027153279e-04 7.596053387e-04 3.308883548e-03 3.526511216e-03 -4.710308296e-02
353675.200000000 -1.414194816e-04 -1.181117121e-04 7.534562325e-04 1.452413583e-03 2.992962656e-03 -4.702889631e-02
353675.205000000 -1.381940963e-04 -1.177702889e-04 7.522635401e-04 -2.221753471e-04 1.153677313e-03 -4.831869301e-02
353675.210000000 -1.640037509e-04 -1.058912219e-04 7.546428734e-04 -1.094554157e-03 2.575520007e-05 -4.928110799e-02
353675.215000000 -2.098927165e-04 -8.438098597e-05 7.575345226e-04 2.646384173e-04 4.813524912e-04 -4.872502758e-02
353675.220000000 -2.295735924e-04 -7.341242441e-05 7.618521759e-04 2.783364891e-03 1.878413305e-03 -4.789018749e-02
353675.225000000 -2.131270470e-04 -8.313454748e-05 7.640190366e-04 4.180137691e-03 3.212071263e-03 -4.723230316e-02
353675.230000000 -1.887907267e-04 -1.007176460e-04 7.637430763e-04 3.953855458e-03 3.568105998e-03 -4.648578617e-02
353675.235000000 -1.709238369e-04 -1.207243017e-04 7.609003916e-04 2.123715386e-03 1.896440081e-03 -4.749267912e-02
353675.240000000 -1.766227163e-04 -1.251064875e-04 7.571731734e-04 -1.819535979e-04 -1.034179786e-04 -4.937019609e-02
353675.245000000 -1.967667356e-04 -1.115176045e-04 7.582710083e-04 -1.264143214e-03 -7.557469758e-04 -4.977667586e-02
353675.250000000 -2.123685455e-04 -9.511436639e-05 7.609990248e-04 -1.381044829e-04 -3.037394198e-04 -4.906594297e-02
353675.255000000 -2.252952001e-04 -8.043553551e-05 7.586488778e-04 2.611691999e-03 1.701422399e-03 -4.765132256e-02
353675.260000000 -2.323569922e-04 -8.093732020e-05 7.601161798e-04 4.406431061e-03 4.043863032e-03 -4.590112809e-02
353675.265000000 -2.264380768e-04 -9.875041384e-05 7.645226040e-04 4.327441483e-03 4.805260645e-03 -4.552526261e-02
353675.270000000 -2.084507774e-04 -1.187975598e-04 7.629482635e-04 2.582016886e-03 3.847010495e-03 -4.731784548e-02
353675.275000000 -1.805264794e-04 -1.227199370e-04 7.542971418e-04 -5.567072082e-04 1.743795469e-03 -4.976357039e-02
353675.280000000 -1.653971859e-04 -1.072458538e-04 7.452666047e-04 -1.687830748e-03 1.001346473e-04 -5.080710430e-02
353675.285000000 -1.800885969e-04 -8.915578198e-05 7.435130425e-04 -1.379068964e-04 4.445807118e-05 -5.024165909e-02
353675.290000000 -2.121676281e-04 -8.199728189e-05 7.453611617e-04 1.772842273e-03 1.710099348e-03 -4.824163858e-02
353675.295000000 -2.329389959e-04 -8.391053834e-05 7.440893488e-04 3.651900888e-03 4.336495573e-03 -4.537529377e-02
353675.300000000 -2.124740451e-04 -9.033048637e-05 7.382130630e-04 4.198581156e-03 4.955120980e-03 -4.515444745e-02
353675.305000000 -1.685247260e-04 -1.001765519e-04 7.310858276e-04 2.526289922e-03 3.092872930e-03 -4.757688530e-02
353675.310000000 -1.508968355e-04 -1.064604165e-04 7.259091868e-04 2.011707785e-04 1.174705113e-03 -4.959631834e-02
353675.315000000 -1.811858613e-04 -9.927580729e-05 7.204648134e-04 -7.337564957e-04 5.378267956e-04 -5.075104045e-02
353675.320000000 -2.245650244e-04 -8.716722308e-05 7.169630675e-04 8.090322908e-06 1.779605851e-03 -5.012103283e-02
353675.325000000 -2.464123857e-04 -8.431023155e-05 7.196037611e-04 1.587515976e-03 4.092520275e-03 -4.753751545e-02
353675.330000000 -2.354696505e-04 -8.935136496e-05 7.217015896e-04 3.304509089e-03 5.439948568e-03 -4.547929568e-02
353675.335000000 -1.919177324e-04 -1.029807435e-04 7.219768741e-04 3.440134341e-03 4.470017006e-03 -4.603233927e-02
353675.340000000 -1.557331893e-04 -1.194032390e-04 7.223570721e-04 1.445771412e-03 2.427676597e-03 -4.757505984e-02
353675.345000000 -1.535545617e-04 -1.293257418e-04 7.219782414e-04 -7.158592244e-04 8.725504368e-04 -4.897636137e-02
353675.350000000 -1.743151513e-04 -1.232386272e-04 7.191986602e-04 -1.764288327e-03 6.399060207e-04 -5.017414475e-02
353675.355000000 -2.087995184e-04 -9.883409808e-05 7.165828485e-04 -1.122939672e-03 2.804019220e-03 -4.875005437e-02
353675.360000000 -2.331591914e-04 -8.209267707e-05 7.168174424e-04 1.310615973e-03 5.194049476e-03 -4.619480378e-02
353675.365000000 -2.266635615e-04 -7.786959931e-05 7.186762699e-04 3.826554651e-03 5.875062600e-03 -4.560014872e-02
353675.370000000 -1.960025322e-04 -8.375302056e-05 7.174459741e-04 4.456747930e-03 5.217107977e-03 -4.658491704e-02
353675.375000000 -1.568130138e-04 -1.082841698e-04 7.133939628e-04 2.535390315e-03 3.065488874e-03 -4.843782228e-02
353675.380000000 -1.377118885e-04 -1.226558355e-04 7.117578981e-04 3.804645385e-05 1.464019883e-03 -5.037890270e-02
353675.385000000 -1.464395758e-04 -1.156395742e-04 7.102820480e-04 -1.596330243e-03 1.839811962e-03 -5.085930677e-02
353675.390000000 -1.666921116e-04 -1.010371807e-04 7.052315516e-04 -1.659831775e-03 3.020359228e-03 -4.918753943e-02
353675.395000000 -1.885101037e-04 -8.162390905e-05 7.027109922e-04 1.249780434e-03 3.873652326e-03 -4.695975978e-02
353675.400000000 -1.962700696e-04 -7.163883856e-05 7.017933032e-04 4.065066941e-03 4.084589902e-03 -4.615699406e-02
353675.405000000 -1.815301760e-04 -8.382396041e-05 6.994560143e-04 4.478203472e-03 3.892539937e-03 -4.628677792e-02
353675.410000000 -1.531371764e-04 -1.073605516e-04 6.955084794e-04 3.283033541e-03 3.222790552e-03 -4.721450760e-02
353675.415000000 -1.273265142e-04 -1.179660431e-04 6.857410471e-04 1.646449111e-04 2.659215086e-03 -4.927261102e-02
353675.420000000 -1.297736239e-04 -1.104039844e-04 6.788149760e-04 -2.157385203e-03 3.046793897e-03 -4.978221392e-02
353675.425000000 -1.567697728e-04 -9.328624023e-05 6.757262301e-04 -1.463141812e-03 3.981475829e-03 -4.846324480e-02
353675.430000000 -1.757287027e-04 -7.234324955e-05 6.737524033e-04 1.336489249e-03 4.723723219e-03 -4.763477103e-02
353675.435000000 -1.610680893e-04 -6.424957652e-05 6.755077078e-04 3.807308644e-03 4.681114203e-03 -4.726157063e-02
353675.440000000 -1.247701927e-04 -7.779937683e-05 6.745599521e-04 4.614316698e-03 3.762918005e-03 -4.729771910e-02
353675.445000000 -9.603520369e-05 -1.014239739e-04 6.698603274e-04 3.641983961e-03 2.766883191e-03 -4.810334061e-02
353675.450000000 -8.599024388e-05 -1.123872363e-04 6.648401718e-04 1.888803545e-04 2.518729152e-03 -4.834152638e-02
353675.455000000 -1.016949205e-04 -1.057311835e-04 6.605950246e-04 -1.969283229e-03 2.629146311e-03 -4.772946995e-02
353675.460000000 -1.333136951e-04 -9.189801329e-05 6.621083467e-04 -9.642747260e-04 2.380590584e-03 -4.784846246e-02
353675.465000000 -1.580246926e-04 -7.726042455e-05 6.691177345e-04 1.170838142e-03 2.228604219e-03 -4.819756100e-02
353675.470000000 -1.598954740e-04 -7.935686205e-05 6.732899475e-04 3.926229584e-03 2.469267136e-03 -4.766872087e-02
353675.475000000 -1.372068529e-04 -9.923961513e-05 6.738131304e-04 4.994228171e-03 2.822435088e-03 -4.770096526e-02
353675.480000000 -1.032816239e-04 -1.232411089e-04 6.744252243e-04 3.102913561e-03 3.415325166e-03 -4.829894897e-02
353675.485000000 -8.091082653e-05 -1.353581672e-04 6.747186283e-04 4.222872300e-04 3.855873488e-03 -4.804977277e-02
353675.490000000 -9.094465715e-05 -1.252327595e-04 6.744476723e-04 -9.197118303e-04 2.856195639e-03 -4.837333427e-02
353675.495000000 -1.241434137e-04 -1.079728381e-04 6.746241757e-04 -4.241469915e-04 1.473423682e-03 -4.924915275e-02
353675.500000000 -1.457720695e-04 -9.238473782e-05 6.786497203e-04 1.351425734e-03 1.200734938e-03 -4.883482727e-02
353675.505000000 -1.433704738e-04 -8.196613724e-05 6.866286572e-04 3.627489305e-03 1.572205210e-03 -4.778898372e-02
353675.510000000 -1.182766986e-04 -9.561283673e-05 6.846128576e-04 4.240888712e-03 2.330844451e-03 -4.736364504e-02
353675.515000000 -8.402459794e-05 -1.187910886e-04 6.757331836e-04 2.383061089e-03 2.742316497e-03 -4.710724423e-02
353675.520000000 -6.890355996e-05 -1.290104333e-04 6.706758163e-04 1.915265922e-04 2.108823826e-03 -4.721122931e-02
353675.525000000 -8.391818369e-05 -1.243266179e-04 6.658405206e-04 -7.595293835e-04 1.075195244e-03 -4.821246698e-02
353675.530000000 -1.237820609e-04 -1.013865209e-04 6.631947891e-04 2.288751441e-07 7.981260576e-04 -4.869076429e-02
353675.535000000 -1.545748234e-04 -8.277224553e-05 6.621633909e-04 2.216041864e-03 1.461186760e-03 -4.787792370e-02
353675.540000000 -1.547620200e-04 -8.363560362e-05 6.589615952e-04 4.449484229e-03 2.343230907e-03 -4.720780181e-02
353675.545000000 -1.306757527e-04 -1.004995032e-04 6.540749494e-04 4.747887099e-03 3.010981472e-03 -4.705648060e-02
353675.550000000 -9.140586915e-05 -1.293784277e-04 6.506247883e-04 2.333572734e-03 2.675675869e-03 -4.698438911e-02
353675.555000000 -7.556478281e-05 -1.440953613e-04 6.510199820e-04 -7.655466518e-05 1.318166021e-03 -4.822951976e-02
353675.560000000 -9.508895759e-05 -1.349503274e-04 6.491295477e-04 -1.061815616e-03 2.623040453e-04 -5.006989575e-02
353675.565000000 -1.262813307e-04 -1.188407861e-04 6.418766605e-04 -7.772447336e-04 2.960166759e-04 -5.006185543e-02
353675.570000000 -1.477790601e-04 -9.976045984e-05 6.403798726e-04 1.988667453e-03 1.138654648e-03 -4.846396279e-02
353675.575000000 -1.441128289e-04 -9.065833984e-05 6.443153447e-04 4.302416202e-03 2.192371605e-03 -4.719491435e-02
353675.580000000 -1.258074679e-04 -1.009495373e-04 6.445614934e-04 4.067446576e-03 3.139140268e-03 -4.616726708e-02
353675.585000000 -1.110138232e-04 -1.219093753e-04 6.440563390e-04 2.660798719e-03 3.442356327e-03 -4.562373503e-02
353675.590000000 -1.037477765e-04 -1.388185482e-04 6.397528007e-04 -1.419318320e-04 2.663170340e-03 -4.745589111e-02
353675.595000000 -1.033356576e-04 -1.349990400e-04 6.402290406e-04 -2.162485253e-03 1.595157281e-03 -4.911263049e-02
353675.600000000 -1.138551764e-04 -1.167766046e-04 6.519378507e-04 -1.189399486e-03 6.568999376e-04 -4.906253047e-02
353675.605000000 -1.332772198e-04 -1.043022684e-04 6.574543490e-04 1.372706284e-03 1.929205738e-04 -4.872827442e-02
353675.610000000 -1.502052435e-04 -1.085139630e-04 6.549693265e-04 3.622683095e-03 1.502307852e-03 -4.707395317e-02
353675.615000000 -1.439429960e-04 -1.270676316e-04 6.528464814e-04 4.051490902e-03 2.859521035e-03 -4.538316209e-02
353675.620000000 -1.143513203e-04 -1.419043370e-04 6.505386501e-04 2.643433467e-03 2.488785523e-03 -4.602178612e-02
353675.625000000 -9.456080121e-05 -1.415773852e-04 6.472905685e-04 5.820835614e-04 1.527651421e-03 -4.787377921e-02
353675.630000000 -1.187189996e-04 -1.295885495e-04 6.416852128e-04 -7.622119498e-04 8.588947265e-04 -4.908677396e-02
353675.635000000 -1.602183854e-04 -1.099083029e-04 6.379888531e-04 -1.257609499e-04 1.255452425e-03 -4.937961495e-02
353675.640000000 -1.798417605e-04 -9.419275251e-05 6.423850815e-04 1.566374741e-03 2.852964786e-03 -4.879482965e-02
353675.645000000 -1.700778236e-04 -9.322662332e-05 6.439500221e-04 2.792107449e-03 4.490348806e-03 -4.731557596e-02
353675.650000000 -1.175823501e-04 -1.112600556e-04 6.406515982e-04 2.888670926e-03 4.416709331e-03 -4.635655312e-02
353675.655000000 -6.688650402e-05 -1.280438177e-04 6.325090163e-04 1.395680233e-03 2.676448165e-03 -4.704202647e-02
353675.660000000 -5.650265248e-05 -1.297568452e-04 6.229144398e-04 -5.954984745e-04 6.192902306e-04 -4.818248411e-02
353675.665000000 -7.904244670e-05 -1.232602829e-04 6.174725590e-04 -1.287682427e-03 -7.904238691e-04 -4.878940615e-02
353675.670000000 -1.398202013e-04 -9.822923102e-05 6.120948664e-04 2.253250713e-04 -2.134534696e-04 -4.880257380e-02
353675.675000000 -1.836321705e-04 -7.774323991e-05 6.094596899e-04 2.243940181e-03 2.087471268e-03 -4.736110300e-02
353675.680000000 -1.669806296e-04 -7.936093806e-05 6.089622675e-04 3.387839050e-03 4.169075150e-03 -4.523553798e-02
353675.685000000 -1.241582633e-04 -9.158717194e-05 6.055507724e-04 3.473185525e-03 4.597076770e-03 -4.484511642e-02
353675.690000000 -8.850014795e-05 -1.134573478e-04 5.986086812e-04 1.293040928e-03 2.808896835e-03 -4.692356752e-02
353675.695000000 -9.294307038e-05 -1.252549245e-04 5.941498008e-04 -7.361705166e-04 6.928625770e-04 -4.918149214e-02
353675.700000000 -1.298911162e-04 -1.167457310e-04 5.918321324e-04 -5.888845646e-04 -5.762840760e-05 -5.056594792e-02
353675.705000000 -1.594837062e-04 -1.014545703e-04 5.924373141e-04 3.468219026e-04 6.030668626e-04 -5.071626035e-02
353675.710000000 -1.593037381e-04 -8.824518425e-05 5.963991325e-04 1.970538336e-03 2.636766204e-03 -4.759427261e-02
353675.715000000 -1.317051778e-04 -9.000919161e-05 5.963642769e-04 2.971774846e-03 3.651816289e-03 -4.469253817e-02
353675.720000000 -1.028518199e-04 -1.021499542e-04 5.966441924e-04 2.083627509e-03 2.670127832e-03 -4.474306894e-02
353675.725000000 -9.838182421e-05 -1.098405168e-04 5.968542675e-04 5.300159226e-04 1.029893755e-03 -4.610661080e-02
353675.730000000 -1.381534571e-04 -1.030819467e-04 5.967769715e-04 -5.891286067e-05 -2.425063102e-04 -4.926268069e-02
353675.735000000 -1.824952578e-04 -8.599284329e-05 5.959283326e-04 4.445901271e-04 3.500368435e-04 -5.150149751e-02
353675.740000000 -1.923969925e-04 -7.126170964e-05 5.937952212e-04 1.392070620e-03 2.477616056e-03 -5.040623195e-02
353675.745000000 -1.780814345e-04 -6.436531933e-05 5.966709544e-04 2.651625644e-03 4.230279091e-03 -4.811937789e-02
353675.750000000 -1.343472178e-04 -7.882945641e-05 6.009060460e-04 2.989455382e-03 3.812327808e-03 -4.670573647e-02
353675.755000000 -1.070832328e-04 -1.016680426e-04 5.983801818e-04 1.724595958e-03 1.848803516e-03 -4.664341278e-02
353675.760000000 -1.189715742e-04 -1.073030921e-04 5.946372152e-04 4.545362880e-04 1.509173453e-04 -4.749278080e-02
353675.765000000 -1.368832506e-04 -9.831421262e-05 5.966315420e-04 3.976798195e-04 -5.483274852e-04 -4.909751768e-02
353675.770000000 -1.487321730e-04 -8.266619763e-05 5.952969650e-04 1.083132953e-03 8.174547667e-04 -4.946921414e-02
353675.775000000 -1.508279299e-04 -6.874839813e-05 5.891263741e-04 2.103538498e-03 2.803054245e-03 -4.743139682e-02
353675.780000000 -1.473849388e-04 -6.496464953e-05 5.805823912e-04 2.993066546e-03 3.566573346e-03 -4.547336175e-02
353675.785000000 -1.401890633e-04 -7.041261850e-05 5.714176378e-04 2.691077877e-03 3.306864811e-03 -4.540568447e-02
353675.790000000 -1.389050612e-04 -8.775365836e-05 5.697183990e-04 1.231838608e-03 1.831275303e-03 -4.742943907e-02
353675.795000000 -1.467192918e-04 -9.507804765e-05 5.690798721e-04 7.231380400e-04 4.716938140e-04 -5.069314421e-02
353675.800000000 -1.532037729e-04 -8.474099953e-05 5.643452639e-04 1.478261296e-03 6.939706215e-04 -5.273092630e-02
353675.805000000 -1.486214149e-04 -7.398854246e-05 5.644493116e-04 2.184234159e-03 1.997495005e-03 -5.150995622e-02
353675.810000000 -1.333193523e-04 -6.378789750e-05 5.663266576e-04 2.966516595e-03 3.366132177e-03 -4.756328712e-02
353675.815000000 -1.226822858e-04 -5.993748750e-05 5.661805992e-04 2.990006277e-03 3.593354354e-03 -4.490298426e-02
353675.820000000 -1.268758798e-04 -6.750524401e-05 5.655691905e-04 2.057015690e-03 2.694943171e-03 -4.483437422e-02
353675.825000000 -1.389147084e-04 -8.612155855e-05 5.616806492e-04 1.384419436e-03 1.389025314e-03 -4.660348878e-02
353675.830000000 -1.444948218e-04 -9.882084398e-05 5.625040279e-04 1.202900446e-03 5.684871064e-04 -5.048344061e-02
353675.835000000 -1.401351106e-04 -9.290437087e-05 5.645488944e-04 1.662146200e-03 1.256715545e-03 -5.201389121e-02
353675.840000000 -1.419535932e-04 -8.618249566e-05 5.656021398e-04 2.620576236e-03 2.805495174e-03 -4.990989564e-02
353675.845000000 -1.504757192e-04 -8.779532269e-05 5.728287561e-04 3.077976923e-03 4.067386520e-03 -4.747382428e-02
353675.850000000 -1.438667459e-04 -9.862013455e-05 5.753719804e-04 1.973088319e-03 4.111571123e-03 -4.539814450e-02
353675.855000000 -1.178241315e-04 -1.096575570e-04 5.760339654e-04 7.784953354e-04 2.519451466e-03 -4.522647248e-02
353675.860000000 -1.009738203e-04 -1.110404901e-04 5.782764031e-04 9.202102214e-04 5.510298229e-04 -4.764078591e-02
353675.865000000 -1.126956279e-04 -1.058169917e-04 5.789588365e-04 1.460278884e-03 -1.224256547e-04 -5.037328928e-02
353675.870000000 -1.434639297e-04 -8.589162785e-05 5.833807186e-04 2.513516585e-03 1.691766210e-03 -5.006993808e-02
353675.875000000 -1.594480660e-04 -7.345866045e-05 5.845204746e-04 3.599041644e-03 3.907483640e-03 -4.797123218e-02
353675.880000000 -1.413865623e-04 -7.928867482e-05 5.801113456e-04 3.346692273e-03 4.461535138e-03 -4.675781695e-02
353675.885000000 -1.150143658e-04 -9.052371228e-05 5.791983152e-04 2.262276632e-03 3.829085472e-03 -4.603129258e-02
353675.890000000 -1.090052641e-04 -1.080850276e-04 5.717154373e-04 1.901298017e-03 1.889221056e-03 -4.756770872e-02
353675.895000000 -1.163929416e-04 -1.175294939e-04 5.659870037e-04 1.884397799e-03 9.258831298e-04 -5.031524536e-02
353675.900000000 -1.205745773e-04 -1.163041730e-04 5.712790182e-04 1.590143331e-03 2.050841450e-03 -5.057694570e-02
353675.905000000 -1.169585610e-04 -1.073293275e-04 5.755557417e-04 1.847203508e-03 3.151180780e-03 -4.877542782e-02
353675.910000000 -1.077347369e-04 -9.537809009e-05 5.740330009e-04 2.290237179e-03 3.356694464e-03 -4.663122534e-02
353675.915000000 -1.058773415e-04 -9.444611631e-05 5.660232780e-04 1.982664957e-03 2.747041197e-03 -4.527292793e-02
353675.920000000 -1.079918924e-04 -1.027418450e-04 5.579313809e-04 1.690035344e-03 1.483613442e-03 -4.561435845e-02
353675.925000000 -1.085943163e-04 -1.099354470e-04 5.482512408e-04 1.977659360e-03 3.090054581e-04 -4.791431847e-02
353675.930000000 -1.146752060e-04 -1.094595359e-04 5.444220297e-04 2.242175792e-03 7.460345783e-04 -5.018898479e-02
353675.935000000 -1.246876910e-04 -1.042161296e-04 5.492464358e-04 2.678088744e-03 2.435656558e-03 -4.988623398e-02
353675.940000000 -1.283013483e-04 -9.892178149e-05 5.510292624e-04 3.148169226e-03 3.921600777e-03 -4.807217981e-02
353675.945000000 -1.189821194e-04 -9.458014783e-05 5.474910364e-04 2.924248536e-03 4.552853821e-03 -4.633670227e-02
353675.950000000 -1.020851366e-04 -9.853128722e-05 5.399395367e-04 2.264567043e-03 3.253374013e-03 -4.527303676e-02
353675.955000000 -9.933892024e-05 -1.115417947e-04 5.360731419e-04 2.085007050e-03 1.285523372e-03 -4.640290573e-02
353675.960000000 -1.147119456e-04 -1.213584357e-04 5.397767170e-04 2.380274299e-03 5.722156434e-04 -4.892113086e-02
353675.965000000 -1.254810586e-04 -1.232940733e-04 5.481930487e-04 2.474372444e-03 1.046254872e-03 -5.022360237e-02
353675.970000000 -1.184688758e-04 -1.198236517e-04 5.573102039e-04 2.549742338e-03 2.208613188e-03 -4.934995796e-02
353675.975000000 -1.006690425e-04 -1.144841352e-04 5.557077879e-04 2.397370823e-03 2.664659068e-03 -4.765881912e-02
353675.980000000 -9.052688574e-05 -1.129427766e-04 5.456850411e-04 1.794178271e-03 2.025275971e-03 -4.596724924e-02
353675.985000000 -1.044571785e-04 -1.186935169e-04 5.426267047e-04 1.534737822e-03 1.179864895e-03 -4.503707263e-02
353675.990000000 -1.385285573e-04 -1.231128284e-04 5.531641075e-04 2.098430274e-03 1.267805627e-03 -4.715423790e-02
353675.995000000 -1.472122642e-04 -1.174335514e-04 5.599776363e-04 2.604529786e-03 2.548475761e-03 -4.940022816e-02
353676.000000000 -1.231247765e-04 -1.095561000e-04 5.600093757e-04 2.808858516e-03 3.611512161e-03 -4.920494260e-02
353676.005000000 -9.923785132e-05 -1.066533020e-04 5.605285867e-04 2.889228462e-03 3.549218883e-03 -4.833749474e-02
353676.010000000 -9.692757719e-05 -1.063758071e-04 5.472107607e-04 1.938287130e-03 2.393570293e-03 -4.656910955e-02
353676.015000000 -1.156691914e-04 -1.021714968e-04 5.361373985e-04 1.505279232e-03 1.107052102e-03 -4.543588351e-02
353676.020000000 -1.333195074e-04 -1.013908228e-04 5.408435351e-04 2.552732785e-03 5.859216450e-04 -4.666850488e-02
353676.025000000 -1.395477386e-04 -1.121831780e-04 5.408529013e-04 3.258999116e-03 9.730705930e-04 -4.854363203e-02
353676.030000000 -1.144394482e-04 -1.210438301e-04 5.383910902e-04 3.019760589e-03 2.122370198e-03 -4.861793270e-02
353676.035000000 -8.604680141e-05 -1.198563845e-04 5.349766778e-04 2.451381201e-03 2.742069436e-03 -4.756219077e-02
353676.040000000 -8.509174612e-05 -1.147561956e-04 5.274747624e-04 1.682909968e-03 2.571250519e-03 -4.682536956e-02
353676.045000000 -9.771884071e-05 -1.095305041e-04 5.240829284e-04 1.092051350e-03 2.420922413e-03 -4.615096032e-02
353676.050000000 -1.226562772e-04 -1.026990882e-04 5.159725772e-04 2.138557832e-03 2.242107625e-03 -4.699472032e-02
353676.055000000 -1.294130612e-04 -9.898092908e-05 5.091329646e-04 3.455894592e-03 2.072768026e-03 -4.899993576e-02
353676.060000000 -1.053652974e-04 -1.033452681e-04 5.121532880e-04 3.443104715e-03 2.045294953e-03 -4.988397544e-02
353676.065000000 -8.409711245e-05 -1.044606243e-04 5.165416467e-04 3.113519656e-03 1.986849534e-03 -4.918678187e-02
353676.070000000 -8.601295699e-05 -9.959137680e-05 5.131438511e-04 2.529297132e-03 2.083057306e-03 -4.763557554e-02
353676.075000000 -1.011316468e-04 -9.840861148e-05 5.057703858e-04 1.715947545e-03 2.528742517e-03 -4.593570403e-02
353676.080000000 -1.075217333e-04 -1.039452658e-04 5.038814307e-04 1.617018656e-03 2.601975720e-03 -4.514165356e-02
353676.085000000 -1.032234229e-04 -1.093588946e-04 5.066900146e-04 2.457617683e-03 1.777796250e-03 -4.632883426e-02
353676.090000000 -1.092187138e-04 -1.176801546e-04 5.096105139e-04 2.903466919e-03 9.788911422e-04 -4.842999098e-02
353676.095000000 -1.208636111e-04 -1.270539627e-04 5.131518342e-04 2.746026256e-03 1.151704226e-03 -4.906432660e-02
353676.100000000 -1.200750616e-04 -1.235674633e-04 5.204599046e-04 2.706653878e-03 1.921919951e-03 -4.870327214e-02
353676.105000000 -1.125446407e-04 -1.159197807e-04 5.220244879e-04 2.228353338e-03 2.800703370e-03 -4.818254794e-02
353676.110000000 -1.073108828e-04 -1.130297574e-04 5.168832230e-04 1.664667773e-03 3.155060516e-03 -4.707380276e-02
353676.115000000 -1.015753928e-04 -1.073700966e-04 5.145897567e-04 1.810869892e-03 2.159718280e-03 -4.729171190e-02
353676.120000000 -9.274839669e-05 -9.910747215e-05 5.169785413e-04 2.240637891e-03 5.961790060e-04 -4.882514681e-02
353676.125000000 -9.986270636e-05 -9.149636032e-05 5.188920617e-04 2.910877478e-03 -1.833752753e-05 -4.902488669e-02
353676.130000000 -1.204418055e-04 -8.729059241e-05 5.159019007e-04 3.497515093e-03 6.191422294e-04 -4.821953440e-02
353676.135000000 -1.321586005e-04 -8.747173340e-05 5.106261889e-04 3.348176645e-03 1.974900133e-03 -4.740825706e-02
353676.140000000 -1.277146437e-04 -8.592328707e-05 5.052509855e-04 2.838734437e-03 2.984369310e-03 -4.671334077e-02
353676.145000000 -1.070312802e-04 -9.410096671e-05 5.006329219e-04 2.561105536e-03 2.181589246e-03 -4.748274833e-02
353676.150000000 -9.577373748e-05 -1.063374861e-04 5.014794746e-04 2.483424055e-03 6.233775622e-04 -4.902727169e-02
353676.155000000 -1.070503665e-04 -1.112617065e-04 5.062158653e-04 2.307995742e-03 7.560686117e-05 -4.944516806e-02
353676.160000000 -1.254128765e-04 -1.117941264e-04 5.028689070e-04 2.515869933e-03 7.129024349e-04 -4.882730147e-02
353676.165000000 -1.388931420e-04 -1.124488319e-04 4.925445865e-04 2.521089031e-03 2.966896084e-03 -4.758884393e-02
353676.170000000 -1.265554106e-04 -1.116785643e-04 4.845135751e-04 1.974547481e-03 4.631671602e-03 -4.653508278e-02
353676.175000000 -9.825454672e-05 -1.030517298e-04 4.764394446e-04 1.942760804e-03 3.640227884e-03 -4.655696130e-02
353676.180000000 -8.060952918e-05 -9.239872707e-05 4.714806750e-04 2.395864273e-03 1.248571206e-03 -4.788343808e-02
353676.185000000 -9.889403166e-05 -8.524970057e-05 4.737454319e-04 2.282282534e-03 -6.845048063e-04 -4.946392415e-02
353676.190000000 -1.366905808e-04 -8.370840901e-05 4.738070390e-04 2.121253067e-03 -5.345199997e-04 -4.943619384e-02
353676.195000000 -1.510052500e-04 -8.358588538e-05 4.736212364e-04 2.760058226e-03 1.096241475e-03 -4.857876182e-02
353676.200000000 -1.469407583e-04 -7.933336672e-05 4.708022339e-04 3.346322885e-03 2.628760069e-03 -4.791938506e-02
353676.205000000 -1.252390604e-04 -8.755695324e-05 4.692391906e-04 3.527145257e-03 3.054010642e-03 -4.663497250e-02
353676.210000000 -1.033521158e-04 -1.014511725e-04 4.775782562e-04 3.689778082e-03 1.851703602e-03 -4.658483820e-02
353676.215000000 -1.104381047e-04 -1.018048566e-04 4.853587751e-04 3.555073452e-03 3.113512782e-04 -4.823599002e-02
353676.220000000 -1.362140095e-04 -1.082249611e-04 4.907222805e-04 2.814264859e-03 1.106473361e-04 -4.896937164e-02
353676.225000000 -1.516904806e-04 -1.209235009e-04 4.935836844e-04 2.506392525e-03 2.010793098e-03 -4.859444413e-02
353676.230000000 -1.341839923e-04 -1.220927310e-04 4.935663102e-04 2.668826137e-03 3.684528217e-03 -4.817592624e-02
353676.235000000 -1.015686281e-04 -1.111290079e-04 4.929312326e-04 2.855294962e-03 3.190322578e-03 -4.758607613e-02
353676.240000000 -9.197432437e-05 -1.063087589e-04 4.903086290e-04 3.458021669e-03 1.410476018e-03 -4.723942095e-02
353676.245000000 -1.240475159e-04 -1.092818949e-04 4.909118441e-04 3.515027771e-03 -4.337804013e-04 -4.851147476e-02
353676.250000000 -1.561766083e-04 -1.070048528e-04 4.958466145e-04 2.781941025e-03 -3.213156240e-04 -4.907083566e-02
353676.255000000 -1.579253226e-04 -1.023489753e-04 4.953043055e-04 2.543426469e-03 1.460068979e-03 -4.826780600e-02
353676.260000000 -1.450477999e-04 -1.046749378e-04 4.904180731e-04 2.821612777e-03 3.223844168e-03 -4.832807507e-02
353676.265000000 -1.059558489e-04 -1.033619107e-04 4.902678086e-04 2.977027152e-03 4.006290944e-03 -4.786653403e-02
353676.270000000 -7.997182297e-05 -9.802405209e-05 4.902211368e-04 3.532032613e-03 2.802502814e-03 -4.709922959e-02
353676.275000000 -9.434818540e-05 -1.011180605e-04 4.932133227e-04 4.387316408e-03 7.687930522e-04 -4.768365753e-02
353676.280000000 -1.223123300e-04 -1.075105049e-04 4.978510328e-04 4.289462179e-03 -2.267158687e-05 -4.844788405e-02
353676.285000000 -1.326792083e-04 -1.211327089e-04 4.899315638e-04 3.741465603e-03 6.056906211e-04 -4.798982388e-02
353676.290000000 -1.083562469e-04 -1.310606289e-04 4.770509026e-04 3.622508663e-03 1.272970421e-03 -4.777881932e-02
353676.295000000 -8.356757945e-05 -1.333016235e-04 4.665933469e-04 3.193553151e-03 1.516962658e-03 -4.798900109e-02
353676.300000000 -8.665252889e-05 -1.330718262e-04 4.591614218e-04 2.658652257e-03 1.577448091e-03 -4.731011661e-02
353676.305000000 -1.323933725e-04 -1.263294014e-04 4.592788585e-04 3.221290134e-03 1.412495178e-03 -4.729832380e-02
353676.310000000 -1.798458874e-04 -1.223892830e-04 4.617845519e-04 3.658572894e-03 1.951769075e-03 -4.824777178e-02
353676.315000000 -1.799066514e-04 -1.225676153e-04 4.616186573e-04 3.360611007e-03 3.267679539e-03 -4.855335853e-02
353676.320000000 -1.416065837e-04 -1.247615085e-04 4.589092882e-04 3.390843722e-03 3.888156920e-03 -4.848803656e-02
353676.325000000 -9.061242785e-05 -1.311288399e-04 4.566237608e-04 3.191958930e-03 2.658177241e-03 -4.906696657e-02
353676.330000000 -7.781824474e-05 -1.302386277e-04 4.593834763e-04 2.597766058e-03 1.176196739e-03 -4.858541915e-02
353676.335000000 -1.130306425e-04 -1.232413471e-04 4.644352249e-04 2.547022713e-03 8.233561915e-04 -4.681919763e-02
353676.340000000 -1.532190723e-04 -1.217514488e-04 4.671660198e-04 2.897810972e-03 9.995577576e-04 -4.609900519e-02
353676.345000000 -1.537424338e-04 -1.246550992e-04 4.697583392e-04 2.887805175e-03 1.689094559e-03 -4.609394170e-02
353676.350000000 -1.224312764e-04 -1.320671691e-04 4.695732696e-04 3.214665891e-03 1.689633787e-03 -4.638560769e-02
353676.355000000 -1.048235037e-04 -1.420040589e-04 4.646510383e-04 4.015190697e-03 7.829463015e-04 -4.762833537e-02
353676.360000000 -1.099614247e-04 -1.445534054e-04 4.623833920e-04 4.063012338e-03 5.443760001e-04 -4.880534154e-02
353676.365000000 -1.575933199e-04 -1.432013866e-04 4.654371894e-04 3.613972274e-03 2.406865140e-03 -4.830505365e-02
353676.370000000 -1.964164649e-04 -1.466633392e-04 4.732023298e-04 3.246419496e-03 4.668714663e-03 -4.779767960e-02
353676.375000000 -1.708049750e-04 -1.513932666e-04 4.729749788e-04 2.518303488e-03 5.315454412e-03 -4.811698983e-02
353676.380000000 -1.179662864e-04 -1.548148935e-04 4.678847943e-04 1.812875557e-03 4.463219140e-03 -4.785017085e-02
353676.385000000 -7.603432830e-05 -1.427905785e-04 4.672671377e-04 2.473714061e-03 1.382419411e-03 -4.780650973e-02
353676.390000000 -9.164515991e-05 -1.253112006e-04 4.640007151e-04 3.327622869e-03 -4.814769393e-04 -4.811255448e-02
353676.395000000 -1.410883818e-04 -1.214482350e-04 4.588476408e-04 3.273333543e-03 8.250934074e-04 -4.732297654e-02
353676.400000000 -1.651639560e-04 -1.191816947e-04 4.560686076e-04 3.275170374e-03 2.375337369e-03 -4.612110166e-02
353676.405000000 -1.378577968e-04 -1.111229748e-04 4.503014448e-04 3.057633430e-03 2.281685734e-03 -4.682479285e-02
353676.410000000 -9.441982038e-05 -1.107499241e-04 4.421896530e-04 2.464784151e-03 8.592472069e-04 -4.799500428e-02
353676.415000000 -8.798540174e-05 -1.185854622e-04 4.345470496e-04 2.314200173e-03 -4.200447382e-04 -4.829908745e-02
353676.420000000 -1.181254409e-04 -1.222197598e-04 4.297870091e-04 2.918348865e-03 -5.298295619e-04 -4.879700441e-02
353676.425000000 -1.665379410e-04 -1.286989640e-04 4.326690025e-04 3.403700942e-03 2.724085789e-03 -4.793483791e-02
353676.430000000 -1.693780495e-04 -1.365112380e-04 4.329044469e-04 3.706598976e-03 5.818993441e-03 -4.628511971e-02
353676.435000000 -1.215855837e-04 -1.379453652e-04 4.328099009e-04 4.024875226e-03 5.096388701e-03 -4.623591547e-02
353676.440000000 -7.910194468e-05 -1.368608480e-04 4.323236461e-04 3.584816468e-03 2.599643688e-03 -4.715666714e-02
353676.445000000 -1.019666747e-04 -1.348784357e-04 4.245661623e-04 2.649806260e-03 -2.833074709e-04 -4.797778502e-02
353676.450000000 -1.590090467e-04 -1.308588187e-04 4.223757250e-04 2.192300114e-03 -8.212057713e-04 -4.865648157e-02
353676.455000000 -1.764682358e-04 -1.229334628e-04 4.300689264e-04 2.043989318e-03 1.194043497e-03 -4.883556703e-02
353676.460000000 -1.596688040e-04 -1.118427502e-04 4.348057457e-04 2.167655386e-03 2.985039933e-03 -4.798404250e-02
353676.465000000 -1.158799351e-04 -1.032323268e-04 4.344195848e-04 3.614989447e-03 2.070400652e-03 -4.731532843e-02
353676.470000000 -1.070725944e-04 -1.058774929e-04 4.344719502e-04 4.631666348e-03 -1.398009097e-04 -4.765662775e-02
353676.475000000 -1.494181633e-04 -1.148273958e-04 4.350431036e-04 4.054082504e-03 -7.441321104e-04 -4.790652367e-02
353676.480000000 -1.902619326e-04 -1.236624164e-04 4.409223393e-04 3.681964562e-03 1.459143770e-04 -4.776068851e-02
353676.485000000 -1.859530893e-04 -1.337734995e-04 4.515883893e-04 3.383026241e-03 2.685857413e-03 -4.846522001e-02
353676.490000000 -1.408312265e-04 -1.404487833e-04 4.542207823e-04 2.607342617e-03 4.441231000e-03 -4.835336623e-02
353676.495000000 -1.044489835e-04 -1.420968886e-04 4.542459357e-04 2.451129490e-03 3.345353742e-03 -4.701410890e-02
353676.500000000 -9.824334882e-05 -1.390549927e-04 4.567156975e-04 3.273349361e-03 1.115483009e-03 -4.704010720e-02
353676.505000000 -1.490304591e-04 -1.324820739e-04 4.566715961e-04 3.863948965e-03 1.078469231e-05 -4.768228245e-02
353676.510000000 -2.004250019e-04 -1.338351525e-04 4.567213612e-04 3.976649444e-03 5.629062757e-04 -4.788587590e-02
353676.515000000 -1.887624927e-04 -1.388396291e-04 4.515142454e-04 3.938458204e-03 1.301274535e-03 -4.858654379e-02
353676.520000000 -1.440499465e-04 -1.350430796e-04 4.460240940e-04 3.415283996e-03 1.472406999e-03 -4.932593949e-02
353676.525000000 -1.165538528e-04 -1.213227832e-04 4.428100334e-04 3.036666110e-03 9.575616296e-04 -4.818031623e-02
353676.530000000 -1.465020716e-04 -1.144145348e-04 4.373779671e-04 3.227679787e-03 7.729980513e-04 -4.721896990e-02
353676.535000000 -1.961723840e-04 -1.156773212e-04 4.322473626e-04 3.258971804e-03 1.815745433e-03 -4.767950060e-02
353676.540000000 -2.080364077e-04 -1.137480985e-04 4.270221516e-04 3.354484243e-03 3.064092959e-03 -4.770977912e-02
353676.545000000 -1.518803751e-04 -1.231903436e-04 4.271944517e-04 4.271668084e-03 2.321979109e-03 -4.844111434e-02
353676.550000000 -9.436730792e-05 -1.375081379e-04 4.300015265e-04 4.611778744e-03 5.143164644e-04 -4.941662750e-02
353676.555000000 -1.027359424e-04 -1.430021859e-04 4.275291237e-04 3.704500733e-03 -3.175029980e-04 -4.875987110e-02
353676.560000000 -1.373849868e-04 -1.439383278e-04 4.250508027e-04 3.289555157e-03 -2.217317686e-04 -4.739306426e-02
353676.565000000 -1.765829526e-04 -1.474650695e-04 4.253158633e-04 2.915894195e-03 1.261451815e-03 -4.721568034e-02
353676.570000000 -1.785058862e-04 -1.472564077e-04 4.279351325e-04 2.190163950e-03 2.238879930e-03 -4.745720458e-02
353676.575000000 -1.364673055e-04 -1.356821314e-04 4.274225255e-04 2.526598275e-03 9.699901354e-04 -4.755417842e-02
353676.580000000 -1.111705143e-04 -1.273568541e-04 4.244442031e-04 3.697137946e-03 -1.173822711e-03 -4.866520453e-02
353676.585000000 -1.645410149e-04 -1.314088217e-04 4.221296717e-04 3.831037290e-03 -5.106391742e-04 -4.873488006e-02
353676.590000000 -2.352418060e-04 -1.409096964e-04 4.253496955e-04 3.321236565e-03 2.773726038e-03 -4.723423626e-02
353676.595000000 -2.345684371e-04 -1.458345639e-04 4.334371360e-04 3.140276412e-03 4.969026078e-03 -4.687856829e-02
353676.600000000 -1.866971875e-04 -1.392559370e-04 4.383637383e-04 2.783207436e-03 5.184626606e-03 -4.770580535e-02
353676.605000000 -1.260717702e-04 -1.352427496e-04 4.380589318e-04 2.835856107e-03 1.815216983e-03 -4.836209157e-02
353676.610000000 -1.158594332e-04 -1.376180248e-04 4.381454155e-04 3.426616338e-03 -1.836687095e-03 -4.891563610e-02
353676.615000000 -1.610994884e-04 -1.358365380e-04 4.435611716e-04 3.722054683e-03 -1.854396478e-03 -4.905261400e-02
353676.620000000 -2.060394343e-04 -1.340161035e-04 4.515554097e-04 3.743878106e-03 2.487869817e-04 -4.795234829e-02
353676.625000000 -2.030200581e-04 -1.393287697e-04 4.489946919e-04 3.631677231e-03 2.406341145e-03 -4.688535305e-02
353676.630000000 -1.579188899e-04 -1.385927045e-04 4.382324987e-04 3.225488648e-03 2.207656470e-03 -4.729290191e-02
353676.635000000 -1.289659151e-04 -1.328041840e-04 4.326661914e-04 2.740621886e-03 1.397579819e-04 -4.814742508e-02
353676.640000000 -1.449819404e-04 -1.359175540e-04 4.301562029e-04 2.699899287e-03 -1.359747519e-03 -4.857774024e-02
353676.645000000 -2.114075529e-04 -1.374511573e-04 4.304022094e-04 2.664837329e-03 8.699491295e-04 -4.917683633e-02
353676.650000000 -2.380356727e-04 -1.326681686e-04 4.329997551e-04 2.354114523e-03 4.672513512e-03 -4.875865649e-02
353676.655000000 -1.850021571e-04 -1.261193954e-04 4.326470110e-04 2.715385880e-03 5.744454546e-03 -4.725313294e-02
353676.660000000 -1.213487036e-04 -1.195818276e-04 4.242917393e-04 3.602935885e-03 4.163837245e-03 -4.695157835e-02
353676.665000000 -1.292132312e-04 -1.200989179e-04 4.137009731e-04 3.423788371e-03 8.545660782e-04 -4.765474985e-02
353676.670000000 -1.876650811e-04 -1.188134246e-04 4.138067416e-04 2.983561331e-03 -9.406851525e-04 -4.804562940e-02
353676.675000000 -2.171122956e-04 -1.140984428e-04 4.164124597e-04 3.304106403e-03 -3.219658202e-04 -4.887228215e-02
353676.680000000 -2.119583875e-04 -1.141296432e-04 4.111122660e-04 3.207060731e-03 9.457298773e-04 -4.978062608e-02
353676.685000000 -1.722890424e-04 -1.135506900e-04 4.003753889e-04 3.371348542e-03 1.567024937e-03 -4.854098761e-02
353676.690000000 -1.560690463e-04 -1.187984506e-04 3.898459638e-04 4.097997203e-03 9.688516279e-04 -4.747371814e-02
353676.695000000 -1.927853981e-04 -1.249754736e-04 3.900627436e-04 4.101123195e-03 8.161558133e-04 -4.800638034e-02
353676.700000000 -2.404772387e-04 -1.285890555e-04 3.955874667e-04 3.429990048e-03 2.110153286e-03 -4.813554462e-02
353676.705000000 -2.276314528e-04 -1.333261106e-04 4.036385252e-04 2.984880886e-03 2.884195149e-03 -4.879881622e-02
353676.710000000 -1.616776128e-04 -1.315904887e-04 4.113671463e-04 2.771728721e-03 1.792990688e-03 -4.972990917e-02
353676.715000000 -1.268792779e-04 -1.254335776e-04 4.137970864e-04 2.598540927e-03 2.213681469e-04 -4.924016231e-02
353676.720000000 -1.554105465e-04 -1.234048624e-04 4.138522459e-04 2.869070854e-03 -3.064413755e-04 -4.800242886e-02
353676.725000000 -2.291903135e-04 -1.276244139e-04 4.168196009e-04 2.979775757e-03 1.491140258e-03 -4.730363932e-02
353676.730000000 -2.564540899e-04 -1.281279893e-04 4.221960709e-04 2.730239378e-03 3.146525780e-03 -4.737798691e-02
353676.735000000 -2.202871538e-04 -1.220450208e-04 4.219891475e-04 3.023621208e-03 2.214826144e-03 -4.805156275e-02
353676.740000000 -1.884295620e-04 -1.160733489e-04 4.190970879e-04 3.643885265e-03 3.839707144e-04 -4.939807980e-02
353676.745000000 -2.060650573e-04 -1.217864126e-04 4.140517426e-04 3.359512511e-03 3.892766129e-04 -4.951317796e-02
353676.750000000 -2.531684897e-04 -1.334299548e-04 4.144359808e-04 2.702831240e-03 2.890119606e-03 -4.791423560e-02
353676.755000000 -2.723084817e-04 -1.339044503e-04 4.197313423e-04 2.744208134e-03 5.569667029e-03 -4.700251329e-02
353676.760000000 -2.546146392e-04 -1.256713893e-04 4.195359729e-04 2.862192721e-03 6.493437160e-03 -4.730160327e-02
353676.765000000 -1.840277731e-04 -1.213420455e-04 4.165953088e-04 2.944479446e-03 3.213730733e-03 -4.810444151e-02
353676.770000000 -1.459162116e-04 -1.257740566e-04 4.113536270e-04 3.356490704e-03 -9.290779216e-04 -4.918362325e-02
353676.775000000 -1.840817118e-04 -1.269557740e-04 4.061863724e-04 3.485825042e-03 -1.487006124e-03 -4.995038755e-02
353676.780000000 -2.266685453e-04 -1.227563947e-04 4.060609213e-04 2.922317082e-03 5.974211082e-04 -4.930823924e-02
353676.785000000 -2.251996961e-04 -1.200817684e-04 4.033904913e-04 2.651385078e-03 3.398973155e-03 -4.769450090e-02
353676.790000000 -1.786225256e-04 -1.139246144e-04 3.978141234e-04 2.653744263e-03 3.737357898e-03 -4.734861371e-02
353676.795000000 -1.464234784e-04 -1.079432758e-04 3.948163021e-04 2.460329185e-03 1.851480646e-03 -4.782281649e-02
353676.800000000 -1.685924618e-04 -1.110534973e-04 3.897457817e-04 2.737084419e-03 4.156171798e-04 -4.810925255e-02
353676.805000000 -2.336637041e-04 -1.204771849e-04 3.874849647e-04 2.873112771e-03 2.521870927e-03 -4.889880828e-02
353676.810000000 -2.434224414e-04 -1.259531975e-04 3.927423863e-04 2.451438988e-03 6.119844122e-03 -4.869766282e-02
353676.815000000 -1.766224636e-04 -1.244704876e-04 3.952442041e-04 2.726149490e-03 6.744719761e-03 -4.767164180e-02
353676.820000000 -1.178103181e-04 -1.231841111e-04 3.925336119e-04 3.422590591e-03 5.063415565e-03 -4.767422200e-02
353676.825000000 -1.390031708e-04 -1.262507343e-04 3.926036335e-04 3.049108115e-03 2.648036007e-03 -4.776353259e-02
353676.830000000 -1.911097097e-04 -1.326080718e-04 3.955163172e-04 2.499508279e-03 1.210673558e-03 -4.789065018e-02
353676.835000000 -2.032193696e-04 -1.302548418e-04 4.032752848e-04 2.566236508e-03 9.940863728e-04 -4.891613484e-02
353676.840000000 -1.781854794e-04 -1.192243477e-04 4.057223814e-04 2.594408196e-03 1.317480717e-03 -4.911688399e-02
353676.845000000 -1.414070125e-04 -1.154176606e-04 4.055890850e-04 2.983871345e-03 1.455453320e-03 -4.801599674e-02
353676.850000000 -1.424676572e-04 -1.203843582e-04 4.083033979e-04 3.548953443e-03 1.294655195e-03 -4.743361509e-02
353676.855000000 -1.808057167e-04 -1.265882875e-04 4.087013419e-04 3.507539958e-03 2.021291050e-03 -4.742905313e-02
353676.860000000 -2.179951046e-04 -1.325207150e-04 4.166484037e-04 2.839547254e-03 3.873378633e-03 -4.774422564e-02
353676.865000000 -1.964514785e-04 -1.346091541e-04 4.220771304e-04 2.551533611e-03 4.275645160e-03 -4.885563412e-02
353676.870000000 -1.342608510e-04 -1.331812657e-04 4.246070750e-04 2.784864072e-03 2.545397728e-03 -5.021209356e-02
353676.875000000 -1.061656270e-04 -1.298137255e-04 4.296347496e-04 2.825890404e-03 1.177461555e-03 -5.024248005e-02
353676.880000000 -1.533117435e-04 -1.334105418e-04 4.275633679e-04 3.361858889e-03 1.937474359e-03 -4.865689164e-02
353676.885000000 -1.910845961e-04 -1.368758999e-04 4.301994054e-04 3.712621940e-03 3.145554388e-03 -4.761764741e-02
353676.890000000 -1.674966977e-04 -1.287395218e-04 4.325531127e-04 3.162658735e-03 2.540588608e-03 -4.743724579e-02
353676.895000000 -1.410483194e-04 -1.228441882e-04 4.273431095e-04 3.074719502e-03 7.184157307e-04 -4.741680261e-02
353676.900000000 -1.524912321e-04 -1.232013463e-04 4.170059603e-04 2.837545374e-03 -1.173684360e-03 -4.882206624e-02
353676.905000000 -1.936061239e-04 -1.270319023e-04 4.066050998e-04 2.072839397e-03 -3.733698703e-04 -4.928254020e-02
353676.910000000 -2.234893608e-04 -1.279578741e-04 4.036781732e-04 2.066241286e-03 2.916703836e-03 -4.775813770e-02
353676.915000000 -2.225326933e-04 -1.228842997e-04 4.033944246e-04 2.732624543e-03 5.539887302e-03 -4.704458213e-02
353676.920000000 -1.644266987e-04 -1.188219386e-04 4.005780638e-04 3.196196434e-03 4.783388822e-03 -4.706177299e-02
353676.925000000 -1.207976222e-04 -1.227987539e-04 3.979058019e-04 3.747211360e-03 1.263162814e-03 -4.758136915e-02
353676.930000000 -1.435966352e-04 -1.311717883e-04 3.980845923e-04 4.189187525e-03 -1.335323594e-03 -4.918469078e-02
353676.935000000 -1.851481513e-04 -1.375126022e-04 4.009117012e-04 3.618320310e-03 -1.214808134e-03 -5.037262992e-02
353676.940000000 -1.874643618e-04 -1.377713072e-04 4.035868229e-04 2.422012074e-03 9.952086094e-04 -4.876724119e-02
353676.945000000 -1.549172630e-04 -1.320663391e-04 4.009560227e-04 2.142789001e-03 1.906378684e-03 -4.665419081e-02
353676.950000000 -1.456300893e-04 -1.241133596e-04 3.980315551e-04 2.749772880e-03 7.049854787e-04 -4.615645022e-02
353676.955000000 -1.728598543e-04 -1.191985485e-04 4.003207937e-04 3.079662714e-03 -2.841480580e-04 -4.603434092e-02
353676.960000000 -2.294027767e-04 -1.300484171e-04 4.059742545e-04 3.282939993e-03 8.909686228e-04 -4.703412875e-02
353676.965000000 -2.503090940e-04 -1.335053152e-04 4.114551614e-04 3.195642627e-03 3.184568217e-03 -4.838545425e-02
353676.970000000 -2.090403024e-04 -1.275225223e-04 4.164705345e-04 2.662611950e-03 4.280444006e-03 -4.841915163e-02
353676.975000000 -1.636194611e-04 -1.360369151e-04 4.194096724e-04 2.358982220e-03 4.129738742e-03 -4.785450370e-02
353676.980000000 -1.681476161e-04 -1.416284052e-04 4.247367419e-04 2.243787910e-03 3.159212183e-03 -4.752113258e-02
353676.985000000 -2.085542808e-04 -1.401522016e-04 4.326237281e-04 1.922165458e-03 2.888117679e-03 -4.707537502e-02
353676.990000000 -2.237745574e-04 -1.377535916e-04 4.355953183e-04 1.877855031e-03 3.065464925e-03 -4.666185546e-02
353676.995000000 -1.949322856e-04 -1.320131498e-04 4.330256016e-04 2.393557127e-03 2.203386736e-03 -4.714387328e-02
353677.000000000 -1.458980283e-04 -1.208406400e-04 4.249235334e-04 2.854195835e-03 5.457445334e-04 -4.750281799e-02
353677.005000000 -1.525093913e-04 -1.180533828e-04 4.168838927e-04 2.993011936e-03 4.485029062e-04 -4.670335961e-02
353677.010000000 -2.152070505e-04 -1.193599717e-04 4.165680604e-04 2.715827455e-03 2.946122166e-03 -4.603543224e-02
353677.015000000 -2.471265726e-04 -1.151434105e-04 4.165429134e-04 1.845702207e-03 6.109192549e-03 -4.612937086e-02
353677.020000000 -1.802466077e-04 -1.010233914e-04 4.109760274e-04 1.766912291e-03 6.142350230e-03 -4.688716037e-02
353677.025000000 -9.861123573e-05 -8.838425717e-05 4.075105844e-04 2.722023141e-03 2.981649988e-03 -4.844306232e-02
353677.030000000 -9.499620786e-05 -9.750131325e-05 4.051152595e-04 3.033696968e-03 6.154725680e-04 -4.959880340e-02
353677.035000000 -1.319906303e-04 -1.067002560e-04 4.003742061e-04 2.700941768e-03 5.822107436e-04 -4.908275863e-02
353677.040000000 -1.619693899e-04 -1.106925000e-04 3.928047139e-04 2.561442035e-03 3.001304451e-03 -4.700369287e-02
353677.045000000 -1.420718529e-04 -1.081515261e-04 3.871522983e-04 2.351093103e-03 4.394678213e-03 -4.552445786e-02
353677.050000000 -9.870690414e-05 -9.712201712e-05 3.862971927e-04 2.022848336e-03 2.741739459e-03 -4.534542854e-02
353677.055000000 -9.053187585e-05 -8.891275401e-05 3.811215493e-04 2.134346362e-03 2.327697114e-04 -4.588837759e-02
353677.060000000 -1.490555328e-04 -8.745588155e-05 3.734802411e-04 2.220839698e-03 2.174221056e-04 -4.781518037e-02
353677.065000000 -2.030891466e-04 -8.852545239e-05 3.730472464e-04 1.861956011e-03 3.224792145e-03 -4.884738370e-02
353677.070000000 -1.852649006e-04 -8.803171984e-05 3.754306712e-04 1.828446675e-03 5.864670274e-03 -4.802488213e-02
353677.075000000 -1.320539987e-04 -8.434439134e-05 3.753746730e-04 2.405008175e-03 6.435923142e-03 -4.764986351e-02
353677.080000000 -1.006511782e-04 -8.339474644e-05 3.752529820e-04 2.680103001e-03 4.470813850e-03 -4.745048258e-02
353677.085000000 -1.200905276e-04 -8.864949441e-05 3.779053387e-04 2.823854338e-03 2.349460521e-03 -4.721791570e-02
353677.090000000 -1.512129333e-04 -9.460275634e-05 3.808353924e-04 2.924713781e-03 1.793319536e-03 -4.787426173e-02
353677.095000000 -1.442024710e-04 -9.237001538e-05 3.834036156e-04 2.381699794e-03 1.601015517e-03 -4.868878987e-02
353677.100000000 -1.046083169e-04 -8.148449254e-05 3.831921863e-04 2.291445532e-03 2.393919848e-04 -4.815953455e-02
353677.105000000 -1.059235161e-04 -7.589692371e-05 3.781686809e-04 2.757977116e-03 -1.048659840e-03 -4.751751552e-02
353677.110000000 -1.670290625e-04 -7.929842135e-05 3.779868545e-04 2.648668487e-03 2.860460581e-04 -4.751690813e-02
353677.115000000 -2.189375374e-04 -8.074249365e-05 3.781893852e-04 2.375664401e-03 3.276452905e-03 -4.709630537e-02
353677.120000000 -1.847072696e-04 -8.002015129e-05 3.756404343e-04 3.087948678e-03 5.053611296e-03 -4.803597123e-02
353677.125000000 -1.130543428e-04 -8.086338152e-05 3.727967662e-04 3.628462181e-03 4.487715602e-03 -4.969912501e-02
353677.130000000 -9.174643528e-05 -8.303135253e-05 3.725525824e-04 3.117521549e-03 3.281204499e-03 -4.961891107e-02
353677.135000000 -1.071784015e-04 -8.363765933e-05 3.726216431e-04 2.721597598e-03 2.796803087e-03 -4.869725296e-02
353677.140000000 -1.379007594e-04 -8.193670573e-05 3.726574489e-04 2.369207884e-03 4.112415511e-03 -4.805843631e-02
353677.145000000 -1.386124026e-04 -7.689002534e-05 3.725147423e-04 2.027857609e-03 5.264356745e-03 -4.731256941e-02
353677.150000000 -1.000382969e-04 -6.850094924e-05 3.649301110e-04 2.398214356e-03 3.598476293e-03 -4.679791236e-02
353677.155000000 -6.721093173e-05 -6.490769483e-05 3.543465291e-04 3.120711941e-03 2.217056222e-04 -4.767230390e-02
353677.160000000 -1.097486802e-04 -6.590773904e-05 3.462709590e-04 3.180517070e-03 -8.932056055e-04 -4.864725253e-02
353677.165000000 -1.913189782e-04 -7.517686332e-05 3.412152439e-04 2.896389299e-03 2.045936881e-03 -4.841398126e-02
353677.170000000 -2.090559522e-04 -8.613771521e-05 3.362777156e-04 2.615806066e-03 6.020016545e-03 -4.773111346e-02
353677.175000000 -1.597183970e-04 -9.100485022e-05 3.309594824e-04 2.029173227e-03 7.980876628e-03 -4.728300842e-02
353677.180000000 -8.742324818e-05 -7.800632270e-05 3.274319459e-04 2.204569145e-03 5.649463698e-03 -4.748995192e-02
353677.185000000 -7.538050042e-05 -6.442743523e-05 3.267245066e-04 3.212256886e-03 2.333972857e-03 -4.870021504e-02
353677.190000000 -1.224428244e-04 -7.117263410e-05 3.318344145e-04 3.547931619e-03 2.060334943e-03 -4.979514083e-02
353677.195000000 -1.419979184e-04 -8.181345727e-05 3.375298430e-04 3.014689824e-03 3.279882034e-03 -4.947429836e-02
353677.200000000 -8.180639371e-05 -7.920731118e-05 3.354453073e-04 2.852781592e-03 3.003870037e-03 -4.836878485e-02
353677.205000000 -2.228240653e-05 -7.286194502e-05 3.324190609e-04 2.794427503e-03 1.155621343e-03 -4.762899239e-02
353677.210000000 -5.162116911e-05 -7.766834687e-05 3.347427359e-04 2.064416145e-03 2.163331998e-04 -4.701681044e-02
353677.215000000 -1.198449624e-04 -8.433052556e-05 3.425481553e-04 1.494619637e-03 8.406747605e-04 -4.669582597e-02
353677.220000000 -1.442487584e-04 -8.292417317e-05 3.481861474e-04 1.595051992e-03 3.115703664e-03 -4.794492243e-02
353677.225000000 -9.665414915e-05 -7.676663605e-05 3.484387548e-04 2.024663525e-03 4.604179120e-03 -4.886850452e-02
353677.230000000 -4.076493936e-05 -7.701960944e-05 3.553727008e-04 2.809096377e-03 3.564621785e-03 -4.847919408e-02
353677.235000000 -3.438263533e-05 -8.399665214e-05 3.635426119e-04 3.556048102e-03 2.110059309e-03 -4.855700912e-02
353677.240000000 -8.376172469e-05 -9.301581506e-05 3.672055378e-04 2.770570232e-03 3.009023329e-03 -4.815985704e-02
353677.245000000 -1.112408593e-04 -9.682664423e-05 3.700610953e-04 1.594742982e-03 4.081157206e-03 -4.757765621e-02
353677.250000000 -6.699627014e-05 -8.895145260e-05 3.723508514e-04 1.515254333e-03 2.280328778e-03 -4.835630489e-02
353677.255000000 -1.416119314e-05 -7.260117541e-05 3.743683539e-04 1.722891354e-03 -7.278079277e-04 -4.958731921e-02
353677.260000000 -3.864755576e-05 -6.926153065e-05 3.652527891e-04 2.563555671e-03 -1.845329465e-03 -4.919861215e-02
353677.265000000 -1.130609656e-04 -7.565391181e-05 3.573684264e-04 3.427956254e-03 5.708179725e-04 -4.788502777e-02
353677.270000000 -1.482314340e-04 -7.712484585e-05 3.565871063e-04 3.232224646e-03 4.429665494e-03 -4.707403331e-02
353677.275000000 -1.260515785e-04 -7.207853780e-05 3.516835148e-04 2.697904928e-03 6.465214535e-03 -4.652566647e-02
353677.280000000 -6.178957415e-05 -6.777440455e-05 3.460483792e-04 2.543187221e-03 3.330107429e-03 -4.816985099e-02
353677.285000000 -3.457723848e-05 -7.393246343e-05 3.431705111e-04 2.344333679e-03 -1.015209179e-03 -5.080284038e-02
353677.290000000 -6.919024077e-05 -8.272393642e-05 3.432129110e-04 1.829792175e-03 -1.278702050e-03 -5.110698464e-02
353677.295000000 -9.998896782e-05 -8.674918944e-05 3.434241794e-04 1.691244414e-03 6.718486278e-04 -4.960476671e-02
353677.300000000 -6.882829661e-05 -7.944175266e-05 3.407858315e-04 2.397392674e-03 1.560113629e-03 -4.761700804e-02
353677.305000000 -2.212906313e-05 -7.053606793e-05 3.353957606e-04 3.217838427e-03 7.101863684e-05 -4.618330378e-02
353677.310000000 -4.643452748e-05 -6.795374825e-05 3.300754199e-04 3.686899483e-03 -2.085245784e-03 -4.620470504e-02
353677.315000000 -1.157966033e-04 -7.171943650e-05 3.250777978e-04 3.901546136e-03 -2.837522911e-03 -4.775975688e-02
353677.320000000 -1.530600705e-04 -7.519826626e-05 3.269309065e-04 2.890132560e-03 -1.558030511e-04 -4.918137054e-02
353677.325000000 -1.224299951e-04 -7.234383365e-05 3.317362885e-04 1.952779368e-03 2.681897205e-03 -4.927511531e-02
353677.330000000 -6.872238677e-05 -6.849260962e-05 3.298333884e-04 2.361598116e-03 2.511247693e-03 -4.898904654e-02
353677.335000000 -4.989761613e-05 -6.771637679e-05 3.294043506e-04 2.936486625e-03 1.387513187e-03 -4.850917572e-02
353677.340000000 -1.077960134e-04 -8.499918793e-05 3.370194135e-04 3.491413401e-03 1.107095439e-03 -4.743826986e-02
353677.345000000 -1.719442471e-04 -1.024704899e-04 3.480114311e-04 3.791314903e-03 1.602948929e-03 -4.726624966e-02
353677.350000000 -1.574358243e-04 -9.959636675e-05 3.493030622e-04 3.463368685e-03 1.304445908e-03 -4.811424132e-02
353677.355000000 -1.056040869e-04 -9.552004837e-05 3.444166875e-04 2.948241389e-03 -3.469320364e-04 -4.823950049e-02
353677.360000000 -1.003509948e-04 -9.506859436e-05 3.436724250e-04 2.841749371e-03 -2.141824671e-03 -4.809465719e-02
353677.365000000 -1.581918539e-04 -9.403858977e-05 3.461092675e-04 2.741508060e-03 -1.286409120e-03 -4.783564387e-02
353677.370000000 -2.131352275e-04 -9.723394044e-05 3.467355798e-04 2.302686609e-03 2.066302764e-03 -4.676233800e-02
353677.375000000 -2.159432982e-04 -9.552794515e-05 3.421078286e-04 2.575933562e-03 4.581140137e-03 -4.592766246e-02
353677.380000000 -1.467214560e-04 -8.685009076e-05 3.363279867e-04 3.141851212e-03 3.082118338e-03 -4.723580774e-02
353677.385000000 -9.445970119e-05 -8.240600222e-05 3.307244144e-04 2.985668080e-03 2.062604992e-04 -4.853451056e-02
353677.390000000 -1.151084554e-04 -8.474596831e-05 3.323869012e-04 2.795339689e-03 1.273061432e-07 -4.796578206e-02
353677.395000000 -1.560161955e-04 -9.062488036e-05 3.330690497e-04 2.787374384e-03 1.764970511e-03 -4.731640817e-02
353677.400000000 -1.507754385e-04 -8.935591823e-05 3.216186277e-04 2.348938406e-03 3.490998266e-03 -4.613337573e-02
353677.405000000 -9.890293380e-05 -8.363999948e-05 3.080019165e-04 2.152913805e-03 2.237421887e-03 -4.528521283e-02
353677.410000000 -7.456194225e-05 -8.266446957e-05 2.968853711e-04 2.601814052e-03 -1.224327757e-03 -4.647418434e-02
353677.415000000 -1.037086220e-04 -8.126964381e-05 2.908381810e-04 2.821806599e-03 -3.081925794e-03 -4.790179725e-02
353677.420000000 -1.726462721e-04 -8.491797216e-05 2.858409197e-04 2.568117783e-03 1.728498917e-04 -4.743597963e-02
353677.425000000 -1.881518505e-04 -8.818965790e-05 2.783985920e-04 2.271637886e-03 4.906588417e-03 -4.633643704e-02
353677.430000000 -1.233753380e-04 -8.265962677e-05 2.745941680e-04 1.938273336e-03 6.003756904e-03 -4.587186021e-02
353677.435000000 -7.127339555e-05 -7.614531980e-05 2.738495982e-04 1.591265353e-03 4.605057686e-03 -4.535285906e-02
353677.440000000 -1.025201505e-04 -7.381274161e-05 2.738733104e-04 1.901507814e-03 2.241958753e-03 -4.626733127e-02
353677.445000000 -1.636994006e-04 -6.799793401e-05 2.761370475e-04 2.174999303e-03 1.366928211e-03 -4.794967583e-02
353677.450000000 -1.712802362e-04 -6.235831858e-05 2.786526026e-04 2.043238326e-03 2.057826059e-03 -4.809566862e-02
353677.455000000 -1.303318865e-04 -6.283525924e-05 2.789510411e-04 2.337967559e-03 2.017170450e-03 -4.736246004e-02
353677.460000000 -8.690870099e-05 -6.455391194e-05 2.766261292e-04 2.277775450e-03 4.860598532e-04 -4.660749929e-02
353677.465000000 -1.071292411e-04 -6.994209314e-05 2.764300197e-04 1.577131184e-03 -1.197183833e-04 -4.557333581e-02
353677.470000000 -1.749025921e-04 -7.220508032e-05 2.811873090e-04 1.241467814e-03 1.791157348e-03 -4.475155955e-02
353677.475000000 -2.157257279e-04 -7.304938067e-05 2.844108380e-04 1.260448710e-03 4.154488657e-03 -4.522215685e-02
353677.480000000 -1.632366976e-04 -6.294727300e-05 2.821369066e-04 1.113048150e-03 4.296053149e-03 -4.653867566e-02
353677.485000000 -8.766031445e-05 -4.825078463e-05 2.832826407e-04 1.461282006e-03 2.275355501e-03 -4.757801787e-02
353677.490000000 -8.648881258e-05 -4.810388319e-05 2.904032040e-04 2.144952595e-03 8.232447082e-04 -4.824991932e-02
353677.495000000 -1.285565682e-04 -5.831495674e-05 2.943455454e-04 1.912461674e-03 1.537377689e-03 -4.814048609e-02
353677.500000000 -1.407944169e-04 -5.809126799e-05 2.948044876e-04 1.186888034e-03 3.031110758e-03 -4.687161897e-02
353677.505000000 -9.529901308e-05 -4.115970033e-05 2.897185969e-04 1.060131896e-03 1.936952833e-03 -4.665915562e-02
353677.510000000 -5.101932152e-05 -2.177146143e-05 2.814685266e-04 1.319646685e-03 -1.426561192e-03 -4.785586062e-02
353677.515000000 -6.421481188e-05 -1.253060422e-05 2.754804650e-04 1.512656708e-03 -3.506097557e-03 -4.825468414e-02
353677.520000000 -1.502599806e-04 -1.346179863e-05 2.682322427e-04 1.542603427e-03 -3.979852627e-04 -4.725451133e-02
353677.525000000 -2.023091483e-04 -8.141251237e-06 2.646795807e-04 1.295696097e-03 5.055366722e-03 -4.582777793e-02
353677.530000000 -1.586100966e-04 -3.585004172e-06 2.639747547e-04 9.972903881e-04 7.130222453e-03 -4.503613732e-02
353677.535000000 -9.738676261e-05 -6.279653138e-06 2.594506890e-04 1.208414880e-03 5.666800588e-03 -4.546828086e-02
353677.540000000 -9.344695924e-05 -1.373902244e-05 2.587562637e-04 1.485753463e-03 1.858339318e-03 -4.797480167e-02
353677.545000000 -1.409458538e-04 -2.281947351e-05 2.591725437e-04 1.358345274e-03 -2.374154447e-04 -5.005645009e-02
353677.550000000 -1.680661276e-04 -2.709128503e-05 2.571743607e-04 1.287475669e-03 8.742924862e-04 -4.970597104e-02
353677.555000000 -1.280063974e-04 -1.571260662e-05 2.540616260e-04 9.678130229e-04 1.933672620e-03 -4.757549631e-02
353677.560000000 -7.741605706e-05 2.999895946e-06 2.484989422e-04 5.659259623e-04 1.372827094e-03 -4.510159449e-02
353677.565000000 -8.854394121e-05 1.034395678e-05 2.473840046e-04 6.816078265e-04 9.872406902e-05 -4.440961550e-02
353677.570000000 -1.410736866e-04 1.457556233e-05 2.518007498e-04 1.032827678e-03 -2.278139136e-04 -4.579294839e-02
353677.575000000 -1.801228852e-04 2.579544036e-05 2.590875575e-04 1.252168082e-03 1.625194652e-03 -4.795630183e-02
353677.580000000 -1.623939184e-04 3.524591755e-05 2.623597569e-04 1.723354657e-03 3.593725262e-03 -4.893359838e-02
353677.585000000 -1.178301091e-04 3.560271713e-05 2.648668218e-04 2.464436162e-03 3.647756303e-03 -4.890848039e-02
353677.590000000 -9.603795727e-05 3.149608751e-05 2.719501566e-04 2.683583282e-03 3.333506969e-03 -4.853413536e-02
353677.595000000 -1.276307398e-04 1.481543244e-05 2.805111759e-04 2.061135022e-03 3.934692810e-03 -4.736038780e-02
353677.600000000 -1.522989106e-04 -6.293286520e-06 2.891882570e-04 1.253047606e-03 4.236678626e-03 -4.694759783e-02
353677.605000000 -1.105051915e-04 -4.661543179e-06 2.948141653e-04 6.830461401e-04 2.730803221e-03 -4.772416463e-02
353677.610000000 -5.503628022e-05 1.298139288e-05 2.994408530e-04 5.211516115e-04 2.054080082e-04 -4.799578447e-02
353677.615000000 -7.532276230e-05 2.247475195e-05 3.002001750e-04 1.278764073e-03 -7.486886872e-04 -4.779361165e-02
353677.620000000 -1.494365183e-04 2.222307593e-05 3.004231568e-04 1.804733049e-03 1.499033436e-03 -4.719772051e-02
353677.625000000 -1.865449922e-04 2.777759932e-05 2.982113211e-04 1.631038211e-03 4.903988358e-03 -4.630668575e-02
353677.630000000 -1.636670118e-04 3.829450721e-05 2.930052841e-04 1.802135936e-03 6.443927874e-03 -4.638131605e-02
353677.635000000 -9.040690326e-05 4.620769888e-05 2.893985236e-04 1.893383269e-03 4.070871027e-03 -4.849176929e-02
353677.640000000 -5.112683527e-05 4.797147245e-05 2.844139379e-04 1.729937381e-03 1.035186137e-03 -5.042286015e-02
353677.645000000 -8.211342362e-05 4.290898905e-05 2.836449352e-04 1.851873639e-03 1.191405220e-03 -5.029914690e-02
353677.650000000 -1.164335070e-04 3.679541135e-05 2.839338404e-04 1.999153493e-03 3.358278845e-03 -4.921619852e-02
353677.655000000 -7.959940774e-05 3.635162432e-05 2.752440640e-04 1.819892680e-03 4.918914926e-03 -4.685434716e-02
353677.660000000 -1.368928496e-05 4.390852396e-05 2.620418026e-04 1.952828500e-03 3.707533867e-03 -4.513269826e-02
353677.665000000 -9.081987233e-06 5.176985519e-05 2.549329821e-04 2.690739772e-03 1.034606129e-03 -4.619598023e-02
353677.670000000 -5.605289086e-05 4.784973208e-05 2.520177921e-04 2.852999006e-03 -1.229030683e-04 -4.834594313e-02
353677.675000000 -9.029648831e-05 3.736781012e-05 2.497706004e-04 2.252089786e-03 1.904957245e-03 -4.978785694e-02
353677.680000000 -6.401738235e-05 3.786819059e-05 2.448878047e-04 1.990712499e-03 4.395925366e-03 -5.023122292e-02
353677.685000000 -1.155597829e-05 4.790714435e-05 2.369805863e-04 1.915358114e-03 4.773300578e-03 -4.957657355e-02
353677.690000000 1.433782460e-05 5.270221187e-05 2.351771359e-04 1.826719159e-03 4.241050730e-03 -4.783088975e-02
353677.695000000 -2.014368307e-05 4.837788998e-05 2.417931864e-04 2.317130419e-03 3.705785549e-03 -4.715266471e-02
353677.700000000 -6.166540217e-05 4.865827513e-05 2.477609141e-04 2.744194327e-03 3.508333244e-03 -4.788417980e-02
353677.705000000 -4.648959406e-05 5.588549697e-05 2.464473903e-04 2.677348632e-03 2.992901174e-03 -4.815103367e-02
353677.710000000 -2.402940734e-06 5.625129380e-05 2.415258069e-04 2.590096175e-03 1.400219349e-03 -4.815657947e-02
353677.715000000 5.231434414e-06 5.570739549e-05 2.362032697e-04 2.099780576e-03 3.824620637e-04 -4.796137039e-02
353677.720000000 -5.027309128e-05 5.220979943e-05 2.332702604e-04 1.618384182e-03 1.729160885e-03 -4.705371234e-02
353677.725000000 -1.064166243e-04 3.772841452e-05 2.354347454e-04 1.880071586e-03 4.199356324e-03 -4.647190890e-02
353677.730000000 -1.024294936e-04 3.046260798e-05 2.404080029e-04 2.376234011e-03 5.381400510e-03 -4.705353488e-02
353677.735000000 -3.120766800e-05 3.527292834e-05 2.411567251e-04 2.795779202e-03 3.069210913e-03 -4.802731472e-02
353677.740000000 1.593013849e-05 3.958091035e-05 2.408833092e-04 3.245499346e-03 -1.518848245e-04 -4.865163789e-02
353677.745000000 -2.047168292e-05 3.935722124e-05 2.431044768e-04 3.112979683e-03 -2.871161467e-04 -4.877007586e-02
353677.750000000 -7.216004799e-05 4.013620302e-05 2.395951319e-04 1.999665232e-03 2.095576334e-03 -4.793097722e-02
353677.755000000 -4.955395748e-05 5.139786240e-05 2.296802920e-04 1.508763739e-03 3.220065283e-03 -4.675305400e-02
353677.760000000 9.504839100e-06 6.363062000e-05 2.185091162e-04 2.123876162e-03 9.169363006e-04 -4.716295925e-02
353677.765000000 1.249660951e-05 6.770508696e-05 2.077472170e-04 2.587449269e-03 -1.958653620e-03 -4.859587629e-02
353677.770000000 -3.226203128e-05 7.120428995e-05 2.013210999e-04 2.956944623e-03 -2.687299472e-03 -4.900997813e-02
353677.775000000 -7.698503474e-05 6.474502303e-05 1.921638302e-04 3.604728379e-03 1.101517765e-05 -4.872210707e-02
353677.780000000 -7.137283598e-05 5.439373017e-05 1.797293305e-04 3.313426389e-03 3.435912359e-03 -4.794981059e-02
353677.785000000 -2.351743762e-05 5.089846864e-05 1.726502876e-04 2.035966889e-03 4.054631430e-03 -4.654227092e-02
353677.790000000 7.357629602e-06 5.079435473e-05 1.651674516e-04 1.579799606e-03 2.374848196e-03 -4.587590438e-02
353677.795000000 -3.517144048e-05 4.961970796e-05 1.594279336e-04 1.685396812e-03 1.043984631e-03 -4.739406292e-02
353677.800000000 -9.631109358e-05 4.601550570e-05 1.564790921e-04 1.777655604e-03 1.672641035e-03 -4.887066678e-02
353677.805000000 -8.911186212e-05 4.751501316e-05 1.516821834e-04 2.362489472e-03 2.332665465e-03 -4.890289833e-02
353677.810000000 -3.161167998e-05 5.334097324e-05 1.439541306e-04 3.076082338e-03 1.414204924e-03 -4.905757355e-02
353677.815000000 -1.264841526e-05 5.271058166e-05 1.380051760e-04 2.893723865e-03 1.604638050e-04 -4.831091247e-02
353677.820000000 -6.086751710e-05 4.482702648e-05 1.392602330e-04 2.283904171e-03 3.657627854e-04 -4.717941401e-02
353677.825000000 -1.061106157e-04 4.419734349e-05 1.441343232e-04 1.988384165e-03 1.786189968e-03 -4.758906908e-02
353677.830000000 -1.049585713e-04 5.104376961e-05 1.451282383e-04 1.710536805e-03 2.847743183e-03 -4.834423017e-02
353677.835000000 -5.072759759e-05 6.027561383e-05 1.446874210e-04 2.413790212e-03 1.121831895e-03 -4.869179034e-02
353677.840000000 -1.298450530e-05 6.098618529e-05 1.466115700e-04 3.731169632e-03 -1.687825132e-03 -4.920816470e-02
353677.845000000 -4.499937953e-05 4.740761760e-05 1.497657139e-04 3.846266535e-03 -1.674398013e-03 -4.911998196e-02
353677.850000000 -9.923396046e-05 3.035157196e-05 1.551418176e-04 3.118427143e-03 8.240616820e-04 -4.782687256e-02
353677.855000000 -8.733325096e-05 2.085467929e-05 1.566148484e-04 2.507866052e-03 2.386472717e-03 -4.711167584e-02
353677.860000000 -2.061915670e-05 2.043377024e-05 1.523390987e-04 1.942930443e-03 7.292876601e-04 -4.783585702e-02
353677.865000000 1.353561089e-06 2.083850202e-05 1.489854188e-04 1.674322134e-03 -2.232657914e-03 -4.875220415e-02
353677.870000000 -4.434008820e-05 2.185931549e-05 1.505100108e-04 2.155255065e-03 -3.533495207e-03 -4.935080659e-02
353677.875000000 -9.962259810e-05 3.159084901e-05 1.571152124e-04 2.917617090e-03 -7.462613462e-04 -4.905631053e-02
353677.880000000 -9.610549847e-05 4.306464991e-05 1.606762591e-04 3.273461071e-03 2.755040228e-03 -4.781674388e-02
353677.885000000 -4.240536408e-05 4.657397830e-05 1.529149655e-04 3.228442271e-03 2.430794620e-03 -4.709998202e-02
353677.890000000 -4.991209811e-06 4.703372724e-05 1.401259376e-04 3.005783233e-03 -1.506247856e-04 -4.769641654e-02
353677.895000000 -4.448605963e-05 3.980891637e-05 1.332439463e-04 2.075494660e-03 -1.702537070e-03 -4.867468973e-02
353677.900000000 -1.055292935e-04 3.245455312e-05 1.343987929e-04 1.358892270e-03 -9.860472719e-04 -4.908945600e-02
353677.905000000 -1.021514392e-04 3.929827671e-05 1.328073964e-04 1.944496217e-03 1.585907890e-04 -4.915117735e-02
353677.910000000 -5.220285765e-05 4.879744791e-05 1.236606731e-04 2.910184711e-03 1.259494110e-04 -4.877081434e-02
353677.915000000 -3.786434900e-05 4.070483376e-05 1.152406485e-04 3.725482675e-03 -1.107055456e-03 -4.758004149e-02
353677.920000000 -8.782107088e-05 2.208997444e-05 1.119942222e-04 3.819462018e-03 -1.714619807e-03 -4.710882333e-02
353677.925000000 -1.379971932e-04 1.241481194e-05 1.137937125e-04 2.864374755e-03 -5.565707764e-04 -4.814274706e-02
353677.930000000 -1.429487207e-04 9.081537605e-06 1.165680236e-04 1.846169298e-03 5.712743705e-04 -4.918584497e-02
353677.935000000 -9.281769134e-05 7.412900923e-06 1.111080201e-04 1.667138449e-03 -8.350129751e-04 -5.040164766e-02
353677.940000000 -5.110779484e-05 1.153761067e-05 1.048810847e-04 2.018380730e-03 -3.028693288e-03 -5.093645423e-02
353677.945000000 -7.668347766e-05 1.641584086e-05 1.095007096e-04 2.677301621e-03 -2.914175004e-03 -4.940236409e-02
353677.950000000 -1.397763738e-04 1.253313871e-05 1.177803853e-04 3.695023934e-03 -9.622861535e-04 -4.746202297e-02
353677.955000000 -1.608537019e-04 4.921998805e-06 1.240469291e-04 3.712789390e-03 8.684060361e-04 -4.682408883e-02
353677.960000000 -1.102666717e-04 2.152199118e-06 1.253122704e-04 2.849306027e-03 1.025321875e-04 -4.740950763e-02
353677.965000000 -6.301295467e-05 2.583757195e-06 1.251536771e-04 2.595893932e-03 -3.062364226e-03 -4.885727435e-02
353677.970000000 -8.072617871e-05 2.504132194e-07 1.272668944e-04 2.655473419e-03 -5.230611817e-03 -5.078808089e-02
353677.975000000 -1.613967501e-04 -1.008568669e-05 1.324530446e-04 2.519792995e-03 -2.538913139e-03 -5.068167658e-02
353677.980000000 -2.093979394e-04 -1.776850144e-05 1.361643207e-04 3.022445047e-03 1.825502035e-03 -4.874387382e-02
353677.985000000 -1.719434949e-04 -1.828902629e-05 1.347618311e-04 4.096936695e-03 2.509581687e-03 -4.797021381e-02
353677.990000000 -1.205099995e-04 -2.508763362e-05 1.321552836e-04 4.377041338e-03 5.879171688e-04 -4.817591809e-02
353677.995000000 -1.315508713e-04 -3.994994237e-05 1.319424445e-04 3.897102037e-03 -1.785509242e-03 -4.891143691e-02
353678.000000000 -1.889243997e-04 -4.922083809e-05 1.363352259e-04 3.226043189e-03 -2.343514815e-03 -5.008773871e-02
353678.005000000 -2.219525106e-04 -4.750455251e-05 1.338258447e-04 2.340336444e-03 -7.365511349e-04 -5.036675277e-02
353678.010000000 -2.041110316e-04 -3.807882455e-05 1.262008927e-04 1.713245495e-03 6.050896584e-04 -4.931307725e-02
353678.015000000 -1.705285325e-04 -2.495613589e-05 1.177447646e-04 2.627486157e-03 -7.860737141e-04 -4.862255133e-02
353678.020000000 -1.909483149e-04 -2.422842078e-05 1.078418025e-04 4.152897429e-03 -2.605832629e-03 -4.882830303e-02
353678.025000000 -2.520298579e-04 -4.224183790e-05 1.018478637e-04 4.601840156e-03 -1.656469523e-03 -4.888216146e-02
353678.030000000 -2.757576131e-04 -6.032350778e-05 9.713972627e-05 4.462528682e-03 4.216948336e-04 -4.904335985e-02
353678.035000000 -2.152651625e-04 -6.343639471e-05 8.783049597e-05 3.664941344e-03 1.142455323e-03 -4.932488806e-02
353678.040000000 -1.497338866e-04 -6.023885777e-05 7.885365910e-05 2.572956836e-03 3.211181193e-04 -4.874437814e-02
353678.045000000 -1.613365289e-04 -6.577578753e-05 7.498185896e-05 2.293798771e-03 -4.325923939e-04 -4.762959747e-02
353678.050000000 -2.158472218e-04 -7.705580438e-05 7.281870784e-05 2.328097730e-03 -2.225383547e-04 -4.727260247e-02
353678.055000000 -2.440328908e-04 -7.488850166e-05 6.824017376e-05 2.425902520e-03 6.140826842e-04 -4.726157657e-02
353678.060000000 -2.174046749e-04 -6.839516950e-05 6.264691169e-05 3.211984683e-03 1.821676967e-04 -4.760232787e-02
353678.065000000 -1.786920149e-04 -6.999102571e-05 6.114323510e-05 3.931562123e-03 -1.922078216e-03 -4.888185371e-02
353678.070000000 -1.742683225e-04 -7.519896260e-05 6.128479380e-05 3.834748943e-03 -3.307002364e-03 -4.995067991e-02
353678.075000000 -2.342320162e-04 -8.584125820e-05 5.984707627e-05 3.350677381e-03 -1.089667113e-03 -4.929130876e-02
353678.080000000 -2.849502119e-04 -9.188634142e-05 5.944694447e-05 2.838272573e-03 2.625149390e-03 -4.802374348e-02
353678.085000000 -2.554261850e-04 -8.794353570e-05 6.310159459e-05 2.420796715e-03 3.475849238e-03 -4.746291895e-02
353678.090000000 -1.977481506e-04 -8.310167301e-05 6.617729731e-05 2.452517493e-03 1.308090172e-03 -4.713857056e-02
353678.095000000 -2.044237646e-04 -9.198610539e-05 7.103872355e-05 2.947311715e-03 -1.565703356e-03 -4.739342285e-02
353678.100000000 -2.724152445e-04 -1.124557026e-04 7.717034508e-05 2.745903040e-03 -1.601757419e-03 -4.750936145e-02
353678.105000000 -3.142079032e-04 -1.269697823e-04 7.920270032e-05 1.766412966e-03 1.366936028e-03 -4.654377096e-02
353678.110000000 -2.986204656e-04 -1.276617052e-04 7.917685786e-05 1.301670882e-03 3.868005124e-03 -4.572886270e-02
353678.115000000 -2.458675042e-04 -1.181577747e-04 7.491356925e-05 1.324455675e-03 3.330808704e-03 -4.636494280e-02
353678.120000000 -2.192671323e-04 -1.107749767e-04 7.311275153e-05 1.442978283e-03 1.219044840e-03 -4.765577629e-02
353678.125000000 -2.404563266e-04 -1.058329851e-04 7.685289835e-05 2.037417013e-03 4.640374672e-04 -4.879553915e-02
353678.130000000 -2.713167735e-04 -1.011191162e-04 8.021129026e-05 2.756003735e-03 1.427653660e-03 -4.999635218e-02
353678.135000000 -2.454431650e-04 -9.917039198e-05 7.513000755e-05 2.419385896e-03 3.094088816e-03 -4.958491198e-02
353678.140000000 -1.691113295e-04 -9.575532185e-05 6.681459471e-05 1.657541403e-03 3.257816836e-03 -4.783062131e-02
353678.145000000 -1.289975021e-04 -8.844264522e-05 6.420659908e-05 1.692724164e-03 1.397406042e-03 -4.717150433e-02
353678.150000000 -1.533709736e-04 -8.304972940e-05 6.032569675e-05 1.817352043e-03 -3.788187340e-05 -4.746828246e-02
353678.155000000 -2.147949559e-04 -8.696617338e-05 5.341741872e-05 1.860830428e-03 9.646887822e-04 -4.785636046e-02
353678.160000000 -2.327919424e-04 -9.296381963e-05 4.567266713e-05 2.287975732e-03 2.791562863e-03 -4.860167546e-02
353678.165000000 -1.809565968e-04 -9.538021169e-05 3.950515276e-05 2.514067928e-03 3.178726594e-03 -4.933403481e-02
353678.170000000 -1.335074035e-04 -1.027611857e-04 3.426722639e-05 2.197263261e-03 2.624623304e-03 -4.916374281e-02
353678.175000000 -1.638119446e-04 -1.142137845e-04 3.126300143e-05 1.697370300e-03 3.067655718e-03 -4.885698965e-02
353678.180000000 -2.259407051e-04 -1.224917074e-04 3.279590268e-05 1.007421508e-03 4.800074836e-03 -4.885099777e-02
353678.185000000 -2.240159934e-04 -1.221090242e-04 3.356317219e-05 5.690112999e-04 5.666782200e-03 -4.854505522e-02
353678.190000000 -1.650093598e-04 -1.106381368e-04 3.116800039e-05 9.320411293e-04 4.427113038e-03 -4.846142784e-02
353678.195000000 -1.159964649e-04 -9.617125094e-05 3.167898821e-05 1.499090170e-03 1.941889714e-03 -4.881851009e-02
353678.200000000 -1.248273560e-04 -9.228512660e-05 3.611886652e-05 1.815681860e-03 1.040886496e-03 -4.852940412e-02
353678.205000000 -1.670978915e-04 -9.497183254e-05 4.164048628e-05 2.014106496e-03 2.811167045e-03 -4.779019896e-02
353678.210000000 -1.907232077e-04 -9.433281916e-05 4.514440269e-05 1.905350036e-03 5.115821572e-03 -4.787105802e-02
353678.215000000 -1.574003743e-04 -9.639921307e-05 4.776203230e-05 1.460360522e-03 4.662521292e-03 -4.868635434e-02
353678.220000000 -1.058935731e-04 -1.022949185e-04 5.044441190e-05 1.472776905e-03 1.379856600e-03 -4.980582776e-02
353678.225000000 -1.053591945e-04 -1.102879645e-04 4.962426558e-05 2.043283589e-03 -9.447901418e-04 -5.071843680e-02
353678.230000000 -1.486125963e-04 -1.229423117e-04 5.117478285e-05 2.052179475e-03 1.037972931e-03 -4.925375908e-02
353678.235000000 -1.664280226e-04 -1.309507544e-04 5.598201345e-05 1.715111160e-03 4.816338131e-03 -4.629152304e-02
353678.240000000 -1.265367442e-04 -1.297925022e-04 5.559552928e-05 1.595660363e-03 5.536817126e-03 -4.512216765e-02
353678.245000000 -8.292904337e-05 -1.243042554e-04 5.448763313e-05 1.220407024e-03 3.444877038e-03 -4.573566351e-02
353678.250000000 -1.086916718e-04 -1.122103170e-04 5.421012349e-05 1.016832153e-03 9.931165788e-04 -4.789396225e-02
353678.255000000 -1.714389652e-04 -9.967597057e-05 5.033860789e-05 1.143317039e-03 7.352882546e-04 -5.050451481e-02
353678.260000000 -1.846872339e-04 -9.422527589e-05 4.490013419e-05 9.098273661e-04 2.763124284e-03 -5.119401852e-02
353678.265000000 -1.429013707e-04 -9.071116923e-05 4.119066059e-05 6.096249310e-04 4.577807831e-03 -4.994551919e-02
353678.270000000 -8.902201858e-05 -8.522940812e-05 3.271379550e-05 9.780949861e-04 4.103404891e-03 -4.846162848e-02
353678.275000000 -8.352895942e-05 -8.384994275e-05 2.018412243e-05 1.341981752e-03 2.898605317e-03 -4.754709434e-02
353678.280000000 -1.250325907e-04 -8.866844426e-05 1.447903842e-05 1.067469523e-03 3.266527785e-03 -4.680690544e-02
353678.285000000 -1.471556163e-04 -8.899132467e-05 1.554918185e-05 1.042600911e-03 4.127526096e-03 -4.672448204e-02
353678.290000000 -1.025301017e-04 -7.638479107e-05 8.589807814e-06 1.702238414e-03 3.242543686e-03 -4.766834134e-02
353678.295000000 -4.452907895e-05 -6.676700079e-05 -4.335814492e-06 2.379227173e-03 9.083787917e-04 -4.806151491e-02
353678.300000000 -5.127830740e-05 -7.266322936e-05 -8.330712759e-06 2.687896846e-03 -4.667472553e-04 -4.761243527e-02
353678.305000000 -1.055743186e-04 -8.455725009e-05 -7.815720059e-06 2.582351640e-03 2.631642373e-04 -4.754114138e-02
353678.310000000 -1.274407880e-04 -9.575604384e-05 -9.230202079e-06 1.877595940e-03 2.659504970e-03 -4.736156305e-02
353678.315000000 -8.637501241e-05 -1.055778815e-04 -1.353090997e-05 1.347010160e-03 3.900918707e-03 -4.732264760e-02
353678.320000000 -3.594248516e-05 -1.117120799e-04 -2.242910886e-05 1.317668276e-03 2.650828251e-03 -4.816564091e-02
353678.325000000 -2.696273084e-05 -1.079602596e-04 -2.779049825e-05 1.080325934e-03 1.546080192e-03 -4.871217995e-02
353678.330000000 -7.125733069e-05 -9.713999052e-05 -1.981293603e-05 1.201617219e-03 3.759127845e-03 -4.796479838e-02
353678.335000000 -1.019737580e-04 -8.959322832e-05 -8.452740845e-06 1.557502894e-03 7.539973599e-03 -4.708678041e-02
353678.340000000 -6.047065270e-05 -8.308989603e-05 -1.736572281e-06 1.399741160e-03 8.490432580e-03 -4.704230489e-02
353678.345000000 1.378768368e-05 -7.066164439e-05 -2.394081925e-06 1.274729380e-03 5.938306222e-03 -4.744915810e-02
353678.350000000 4.228409711e-05 -6.222666949e-05 -7.187003476e-06 1.591387911e-03 1.176578163e-03 -4.860913175e-02
353678.355000000 2.858126678e-06 -6.499274864e-05 -6.930462865e-06 2.018295093e-03 -1.803378326e-03 -4.943116562e-02
353678.360000000 -4.751626008e-05 -6.787801469e-05 -5.820982681e-06 2.331616319e-03 -6.152597887e-04 -4.837957285e-02
353678.365000000 -5.696039893e-05 -6.999230638e-05 -9.303518158e-06 2.883800794e-03 1.827653280e-03 -4.669161718e-02
353678.370000000 -1.839144018e-05 -8.285370401e-05 -2.147867095e-05 2.924814054e-03 2.574195025e-03 -4.575098117e-02
353678.375000000 8.451375180e-06 -9.958060509e-05 -3.701975612e-05 2.209851472e-03 1.811702266e-03 -4.553075073e-02
353678.380000000 -2.075299276e-05 -1.092619587e-04 -4.192382451e-05 1.978113159e-03 1.558202891e-03 -4.639570062e-02
353678.385000000 -6.041146973e-05 -1.190474935e-04 -4.150993537e-05 1.926964144e-03 2.664420183e-03 -4.841804239e-02
353678.390000000 -3.291509731e-05 -1.203605316e-04 -4.687208157e-05 1.414407565e-03 3.927570722e-03 -4.963889566e-02
353678.395000000 5.005651957e-05 -1.055157325e-04 -5.907429906e-05 1.456220968e-03 3.196530804e-03 -4.944756077e-02
353678.400000000 1.012650816e-04 -9.316044846e-05 -7.112000025e-05 2.020396983e-03 5.032082015e-04 -4.911055857e-02
353678.405000000 8.798601442e-05 -8.749655722e-05 -7.834811139e-05 1.913273377e-03 -1.852769081e-03 -4.851370652e-02
353678.410000000 2.145315529e-05 -7.866797646e-05 -8.548950434e-05 1.794889858e-03 -2.072005464e-03 -4.752549931e-02
353678.415000000 -2.435286851e-05 -6.681272428e-05 -9.719912599e-05 2.173902901e-03 -1.198578075e-03 -4.724443864e-02
353678.420000000 3.328557705e-06 -5.676764163e-05 -1.091163799e-04 2.200859128e-03 -1.452422188e-03 -4.754813498e-02
353678.425000000 4.679640835e-05 -5.333359797e-05 -1.182211164e-04 1.946998454e-03 -2.956957943e-03 -4.741118407e-02
353678.430000000 7.056810929e-06 -5.966021664e-05 -1.223894620e-04 2.205964065e-03 -3.078750908e-03 -4.740573507e-02
353678.435000000 -9.164742921e-05 -7.689731038e-05 -1.207370568e-04 2.524774272e-03 -2.332568600e-04 -4.737467174e-02
353678.440000000 -1.354201108e-04 -1.017927145e-04 -1.207033790e-04 2.220347313e-03 3.090812105e-03 -4.658497696e-02
353678.445000000 -9.668663193e-05 -1.241277605e-04 -1.245589374e-04 1.973055708e-03 3.808190105e-03 -4.650777205e-02
353678.450000000 -1.695912868e-05 -1.332042588e-04 -1.281018400e-04 1.836194371e-03 8.730694743e-06 -4.809973600e-02
353678.455000000 1.164758657e-05 -1.325475797e-04 -1.256474003e-04 1.597716065e-03 -4.755306201e-03 -4.920219207e-02
353678.460000000 -4.319555022e-05 -1.309386739e-04 -1.184752439e-04 1.463531480e-03 -5.490796278e-03 -4.847854868e-02
353678.465000000 -1.066545596e-04 -1.260853725e-04 -1.121922012e-04 9.466315346e-04 -3.150603433e-03 -4.721587353e-02
353678.470000000 -9.971653332e-05 -1.040997899e-04 -1.127416031e-04 4.329295804e-04 -1.854457241e-03 -4.616047587e-02
353678.475000000 -5.360257678e-05 -7.224276427e-05 -1.199469023e-04 9.878283170e-04 -3.770668605e-03 -4.624321064e-02
353678.480000000 -5.871193038e-05 -5.799338485e-05 -1.283264405e-04 2.046512062e-03 -6.412612302e-03 -4.785763439e-02
353678.485000000 -1.191835357e-04 -5.763008496e-05 -1.309652040e-04 2.416122435e-03 -6.458214238e-03 -4.928007964e-02
353678.490000000 -1.727961879e-04 -6.558495397e-05 -1.253981861e-04 2.122966444e-03 -2.398712958e-03 -4.877091230e-02
353678.495000000 -1.634320969e-04 -7.941415326e-05 -1.239147333e-04 1.633749661e-03 2.315367544e-03 -4.724398600e-02
353678.500000000 -1.019304556e-04 -8.886268868e-05 -1.264827438e-04 9.156278219e-04 3.263651672e-03 -4.621020931e-02
353678.505000000 -5.298571143e-05 -9.744419011e-05 -1.273111795e-04 4.495670240e-04 1.143298061e-03 -4.566788795e-02
353678.510000000 -7.811678206e-05 -1.070610613e-04 -1.303759027e-04 1.125481639e-03 -1.888872031e-03 -4.692232408e-02
353678.515000000 -1.417063126e-04 -1.115050123e-04 -1.336630445e-04 1.785918162e-03 -3.363787544e-03 -4.897285153e-02
353678.520000000 -1.587874659e-04 -1.069233861e-04 -1.381087049e-04 1.511989078e-03 -2.739742006e-03 -4.898960261e-02
353678.525000000 -1.244988543e-04 -9.843240292e-05 -1.471889225e-04 1.282290592e-03 -2.454375321e-03 -4.800139516e-02
353678.530000000 -9.899008924e-05 -8.856757299e-05 -1.598897249e-04 8.715548224e-04 -3.337739517e-03 -4.756545110e-02
353678.535000000 -1.351879892e-04 -8.084489070e-05 -1.716066037e-04 2.362427776e-04 -3.390051876e-03 -4.736799689e-02
353678.540000000 -2.025083760e-04 -7.801263313e-05 -1.770329837e-04 1.848805399e-04 -1.402616118e-03 -4.751805879e-02
353678.545000000 -2.277316910e-04 -7.258539492e-05 -1.780823938e-04 4.289579818e-04 1.261400529e-03 -4.843154188e-02
353678.550000000 -1.654056633e-04 -6.152519402e-05 -1.802861410e-04 9.387269403e-04 2.100871067e-03 -4.881185840e-02
353678.555000000 -8.068282563e-05 -5.238405357e-05 -1.834704591e-04 1.959104155e-03 5.588488669e-04 -4.836079750e-02
353678.560000000 -6.929981269e-05 -5.520797929e-05 -1.827068484e-04 2.753902159e-03 -1.023444859e-03 -4.825195872e-02
353678.565000000 -1.157773206e-04 -6.917515416e-05 -1.778110375e-04 2.617259270e-03 -1.090487331e-03 -4.808572727e-02
353678.570000000 -1.487652605e-04 -8.235883044e-05 -1.720051864e-04 2.219875917e-03 -5.853661215e-04 -4.768308081e-02
353678.575000000 -1.335833982e-04 -9.089219907e-05 -1.698345765e-04 2.055531789e-03 -1.200209190e-03 -4.810878294e-02
353678.580000000 -1.005611827e-04 -9.653522326e-05 -1.731189148e-04 1.552834481e-03 -2.930195064e-03 -4.912298088e-02
353678.585000000 -9.196260850e-05 -1.017099704e-04 -1.749632687e-04 1.057102649e-03 -4.282992502e-03 -4.931236737e-02
353678.590000000 -1.472427588e-04 -1.081537931e-04 -1.695946185e-04 1.017981344e-03 -2.515434374e-03 -4.892118698e-02
353678.595000000 -2.140231082e-04 -1.080384222e-04 -1.597561214e-04 7.879107374e-04 2.026619156e-03 -4.844478993e-02
353678.600000000 -2.067124408e-04 -9.898290053e-05 -1.527431200e-04 4.809635495e-04 5.032999544e-03 -4.768864869e-02
353678.605000000 -1.484213714e-04 -8.853933380e-05 -1.495775662e-04 9.965703019e-04 4.443735047e-03 -4.784755722e-02
353678.610000000 -1.135946018e-04 -8.299014497e-05 -1.471855599e-04 1.514723044e-03 1.043001015e-03 -4.958143233e-02
353678.615000000 -1.340786543e-04 -8.569411304e-05 -1.443888203e-04 1.179970993e-03 -1.747484699e-03 -5.072977557e-02
353678.620000000 -1.649804361e-04 -8.833971342e-05 -1.415576933e-04 1.000985949e-03 -1.757202718e-03 -5.012575812e-02
353678.625000000 -1.626117668e-04 -8.169031456e-05 -1.424094509e-04 1.339982806e-03 -7.799290534e-04 -4.916832826e-02
353678.630000000 -1.424509980e-04 -7.748437105e-05 -1.518499096e-04 1.694070833e-03 -5.597705114e-04 -4.774336699e-02
353678.635000000 -1.425140117e-04 -8.286507479e-05 -1.649874561e-04 2.295965541e-03 -1.271112309e-03 -4.660997151e-02
353678.640000000 -1.720817750e-04 -9.168769369e-05 -1.697014548e-04 2.956954581e-03 -1.727070553e-03 -4.759872079e-02
353678.645000000 -2.117723812e-04 -1.005866217e-04 -1.693138109e-04 2.893292681e-03 -7.529741866e-04 -4.928995406e-02
353678.650000000 -2.154070661e-04 -1.086956122e-04 -1.707057008e-04 2.254871981e-03 1.176413247e-03 -5.028365340e-02
353678.655000000 -1.721145459e-04 -1.124796667e-04 -1.733775768e-04 1.472492666e-03 2.165138141e-03 -5.106508634e-02
353678.660000000 -1.299344906e-04 -1.142883923e-04 -1.777433408e-04 6.773746632e-04 1.422490365e-03 -5.128916665e-02
353678.665000000 -1.208324948e-04 -1.168617223e-04 -1.813791062e-04 2.450465078e-04 1.253023473e-04 -5.041831850e-02
353678.670000000 -1.540148056e-04 -1.105997778e-04 -1.841218030e-04 6.590928011e-04 -3.291361620e-04 -4.946219422e-02
353678.675000000 -1.886258891e-04 -9.656744480e-05 -1.870962145e-04 1.377040413e-03 2.104958223e-05 -4.889907384e-02
353678.680000000 -1.786692053e-04 -8.529631766e-05 -1.884929635e-04 1.698118170e-03 -5.963726402e-05 -4.808947321e-02
353678.685000000 -1.534019132e-04 -7.841071492e-05 -1.903933736e-04 2.122295605e-03 -9.826420855e-04 -4.753179553e-02
353678.690000000 -1.725385638e-04 -8.161129880e-05 -1.896657190e-04 2.124430804e-03 -9.580875004e-04 -4.807470297e-02
353678.695000000 -2.304230893e-04 -9.398363429e-05 -1.832291502e-04 1.397929232e-03 1.200089974e-03 -4.877727042e-02
353678.700000000 -2.594982461e-04 -1.044576422e-04 -1.748600201e-04 1.265603511e-03 3.469509677e-03 -4.906667544e-02
353678.705000000 -2.355639715e-04 -1.132297324e-04 -1.666941367e-04 1.807210800e-03 3.957938580e-03 -4.975333581e-02
353678.710000000 -1.894464776e-04 -1.274588835e-04 -1.616529679e-04 2.219232221e-03 2.322312120e-03 -5.005033720e-02
353678.715000000 -1.651490279e-04 -1.453645828e-04 -1.585667273e-04 2.473948057e-03 3.104943835e-04 -4.939467207e-02
353678.720000000 -1.760799290e-04 -1.559631605e-04 -1.508096810e-04 2.470547725e-03 3.022772449e-04 -4.876303000e-02
353678.725000000 -1.936506827e-04 -1.582462429e-04 -1.416238424e-04 1.716982247e-03 2.055571940e-03 -4.795600358e-02
353678.730000000 -1.816763722e-04 -1.482258639e-04 -1.371270233e-04 7.295519474e-04 3.131871882e-03 -4.707051543e-02
353678.735000000 -1.496972496e-04 -1.266997957e-04 -1.367962824e-04 4.615682383e-04 1.960376592e-03 -4.773402580e-02
353678.740000000 -1.441586111e-04 -1.121607617e-04 -1.356573154e-04 6.971150016e-04 1.621205511e-04 -4.972153940e-02
353678.745000000 -1.734730621e-04 -1.079696478e-04 -1.330289200e-04 1.094050517e-03 8.289249925e-05 -5.089395605e-02
353678.750000000 -1.863139618e-04 -1.104381889e-04 -1.350292545e-04 1.787618939e-03 2.540606669e-03 -5.048192379e-02
353678.755000000 -1.458984406e-04 -1.180638817e-04 -1.370692726e-04 2.143756310e-03 5.401804755e-03 -4.898878126e-02
353678.760000000 -8.509603223e-05 -1.241123371e-04 -1.370654546e-04 1.914141910e-03 5.797052142e-03 -4.719951696e-02
353678.765000000 -5.653752740e-05 -1.288667744e-04 -1.401738014e-04 1.810324877e-03 4.236311404e-03 -4.624852192e-02
353678.770000000 -8.160314852e-05 -1.349374956e-04 -1.452347993e-04 1.337897754e-03 3.177320557e-03 -4.686430870e-02
353678.775000000 -1.120948201e-04 -1.378322010e-04 -1.456501187e-04 2.985647053e-04 3.426982080e-03 -4.784448209e-02
353678.780000000 -9.138652121e-05 -1.357382179e-04 -1.446803944e-04 9.199215999e-05 3.472210399e-03 -4.822949007e-02
353678.785000000 -4.210443840e-05 -1.289509428e-04 -1.497475143e-04 9.943727899e-04 2.537376419e-03 -4.877893589e-02
353678.790000000 -3.386767657e-05 -1.319538884e-04 -1.560872565e-04 1.544874018e-03 2.033999587e-03 -4.880768801e-02
353678.795000000 -7.834321962e-05 -1.469460471e-04 -1.608254224e-04 1.152904606e-03 3.141958684e-03 -4.807510668e-02
353678.800000000 -1.035309204e-04 -1.479115324e-04 -1.629140301e-04 5.863420606e-04 4.914599412e-03 -4.821682566e-02
353678.805000000 -7.261970369e-05 -1.333868436e-04 -1.618731630e-04 1.541241342e-04 5.748748778e-03 -4.887117356e-02
353678.810000000 -1.041063763e-05 -1.191212391e-04 -1.629402203e-04 1.528089782e-04 4.377138320e-03 -4.867283279e-02
353678.815000000 3.055114689e-05 -1.106361374e-04 -1.628664140e-04 6.578047128e-04 1.981159867e-03 -4.817234398e-02
353678.820000000 1.438252656e-05 -1.039074997e-04 -1.556976513e-04 1.012753052e-03 1.486385230e-03 -4.773032365e-02
353678.825000000 -2.828464782e-05 -9.822813728e-05 -1.482055818e-04 1.230632895e-03 3.171822633e-03 -4.664856723e-02
353678.830000000 -2.888009383e-05 -1.052313471e-04 -1.457779221e-04 1.551430668e-03 3.988889581e-03 -4.651369682e-02
353678.835000000 2.246667044e-05 -1.230385455e-04 -1.438577555e-04 1.586365232e-03 1.919868854e-03 -4.814369561e-02
353678.840000000 5.673277472e-05 -1.310281556e-04 -1.395204378e-04 1.444379080e-03 -1.298280465e-03 -4.947781621e-02
353678.845000000 3.352652498e-05 -1.329241262e-04 -1.340790579e-04 1.680149003e-03 -3.075398682e-03 -4.996364859e-02
353678.850000000 -2.034105761e-05 -1.397475584e-04 -1.284000174e-04 1.469592622e-03 -9.764046201e-04 -4.927778706e-02
353678.855000000 -3.434570175e-05 -1.387641924e-04 -1.261390564e-04 7.545591160e-04 2.912658613e-03 -4.712585216e-02
353678.860000000 8.560440388e-06 -1.267230773e-04 -1.266296258e-04 9.965348140e-04 3.502692372e-03 -4.553158180e-02
353678.865000000 3.893897921e-05 -1.187944543e-04 -1.254218707e-04 1.680388675e-03 1.167228913e-03 -4.601540958e-02
353678.870000000 4.097219961e-06 -1.168681825e-04 -1.227199559e-04 1.463735816e-03 -6.524755800e-04 -4.737449630e-02
353678.875000000 -5.648944996e-05 -1.094802645e-04 -1.216220786e-04 1.017195986e-03 -6.873847693e-04 -4.827583635e-02
353678.880000000 -6.690142174e-05 -9.800039393e-05 -1.234582245e-04 1.077555740e-03 5.902444863e-05 -4.894043930e-02
353678.885000000 -2.640275273e-05 -9.117169510e-05 -1.294739035e-04 1.033124782e-03 4.181800772e-04 -4.893193294e-02
353678.890000000 5.554795800e-06 -9.267745191e-05 -1.405376248e-04 1.492436182e-03 -6.640091050e-04 -4.774612051e-02
353678.895000000 -1.470972822e-05 -1.002660499e-04 -1.489993270e-04 2.727613937e-03 -2.386669695e-03 -4.702003725e-02
353678.900000000 -7.300736296e-05 -1.082049215e-04 -1.523900474e-04 3.355133085e-03 -2.403760787e-03 -4.765012190e-02
353678.905000000 -1.137265655e-04 -1.130942407e-04 -1.562923047e-04 3.347897795e-03 -1.190594713e-03 -4.839899832e-02
353678.910000000 -8.372354874e-05 -1.153705024e-04 -1.661468498e-04 3.428733853e-03 -1.625899917e-03 -4.890889838e-02
353678.915000000 -2.502136307e-05 -1.185999272e-04 -1.795232396e-04 3.293822771e-03 -3.942524659e-03 -4.902772679e-02
353678.920000000 -2.993019484e-05 -1.272666441e-04 -1.865313216e-04 2.743103960e-03 -5.256781774e-03 -4.818493868e-02
353678.925000000 -9.552124838e-05 -1.393688311e-04 -1.841380583e-04 2.312043478e-03 -4.354698545e-03 -4.712308709e-02
353678.930000000 -1.496591883e-04 -1.481878453e-04 -1.813846304e-04 2.026911414e-03 -2.093617171e-03 -4.677225401e-02
353678.935000000 -1.423201665e-04 -1.504927967e-04 -1.858267800e-04 1.820417338e-03 -5.675572502e-04 -4.695086736e-02
353678.940000000 -1.069767383e-04 -1.467988299e-04 -1.895422404e-04 2.075169635e-03 -1.154517840e-03 -4.743489756e-02
353678.945000000 -1.168468905e-04 -1.430554418e-04 -1.851557357e-04 2.533125332e-03 -1.030328547e-03 -4.797177841e-02
353678.950000000 -1.609028867e-04 -1.425549694e-04 -1.740925760e-04 2.709269974e-03 1.715007830e-03 -4.760049745e-02
353678.955000000 -1.689305388e-04 -1.438898251e-04 -1.637018026e-04 2.865163817e-03 4.216340844e-03 -4.658934857e-02
353678.960000000 -1.268850667e-04 -1.438828082e-04 -1.573409548e-04 3.244264783e-03 3.919396943e-03 -4.655811320e-02
353678.965000000 -7.722554785e-05 -1.440284496e-04 -1.521633682e-04 3.514572479e-03 3.471147073e-04 -4.750198756e-02
353678.970000000 -7.438070231e-05 -1.509763070e-04 -1.496044862e-04 3.689467013e-03 -3.818481598e-03 -4.812583848e-02
353678.975000000 -1.211162497e-04 -1.612221807e-04 -1.491609668e-04 3.892810824e-03 -4.631988808e-03 -4.801677665e-02
353678.980000000 -1.585329741e-04 -1.700633013e-04 -1.487869200e-04 3.670638678e-03 -2.436578959e-03 -4.704990322e-02
353678.985000000 -1.401153259e-04 -1.835281366e-04 -1.499090056e-04 3.204971974e-03 -3.077578667e-04 -4.521023580e-02
353678.990000000 -9.771066722e-05 -1.997770298e-04 -1.522130217e-04 2.870946833e-03 8.076803245e-05 -4.424373257e-02
353678.995000000 -9.979460704e-05 -2.099528907e-04 -1.530977374e-04 2.276257666e-03 -1.004322897e-04 -4.527826783e-02
353679.000000000 -1.429695755e-04 -2.177320975e-04 -1.527380992e-04 1.624681639e-03 7.956551407e-04 -4.684435476e-02
353679.005000000 -1.468236366e-04 -2.185599867e-04 -1.541591076e-04 1.495900505e-03 2.077994065e-03 -4.847885041e-02
353679.010000000 -8.198448344e-05 -2.030805686e-04 -1.574725466e-04 1.664561842e-03 2.078853536e-03 -4.975756160e-02
353679.015000000 -1.965019372e-05 -1.833107562e-04 -1.594489188e-04 1.878027963e-03 6.520733023e-04 -4.921801955e-02
353679.020000000 -7.583855823e-06 -1.729321744e-04 -1.612425933e-04 2.308074317e-03 -1.024090965e-03 -4.759259947e-02
353679.025000000 -3.713867918e-05 -1.698882956e-04 -1.653524465e-04 2.403135915e-03 -1.840968312e-03 -4.646085768e-02
353679.030000000 -6.661992282e-05 -1.637992140e-04 -1.722058657e-04 1.875988696e-03 -2.013202168e-03 -4.590524946e-02
353679.035000000 -5.975418887e-05 -1.518659388e-04 -1.819990925e-04 1.719894221e-03 -2.667506148e-03 -4.585372509e-02
353679.040000000 -4.481307849e-05 -1.471640768e-04 -1.913760142e-04 2.180128240e-03 -3.763983852e-03 -4.654295563e-02
353679.045000000 -7.802366214e-05 -1.608747209e-04 -1.974045827e-04 2.063994624e-03 -2.586361715e-03 -4.685432792e-02
353679.050000000 -1.425653321e-04 -1.851571244e-04 -1.989388498e-04 1.358287746e-03 1.693787647e-03 -4.618132919e-02
353679.055000000 -1.600427300e-04 -2.051413520e-04 -1.968564635e-04 1.173156736e-03 5.366050674e-03 -4.598239720e-02
353679.060000000 -1.112949770e-04 -2.169605061e-04 -1.925660297e-04 1.242594146e-03 5.901050209e-03 -4.692708926e-02
353679.065000000 -4.645637619e-05 -2.229675122e-04 -1.844066633e-04 1.378466122e-03 2.320477649e-03 -4.862847212e-02
353679.070000000 -3.071767820e-05 -2.218728258e-04 -1.738540939e-04 1.618305805e-03 -2.795265505e-03 -5.030152347e-02
353679.075000000 -7.206183561e-05 -2.158394927e-04 -1.661209331e-04 1.095702039e-03 -4.222074994e-03 -5.041640870e-02
353679.080000000 -1.094531565e-04 -2.072386651e-04 -1.637917895e-04 -2.069310805e-04 -2.459171844e-03 -4.839460736e-02
353679.085000000 -9.464499946e-05 -1.806796820e-04 -1.646249312e-04 -8.364959930e-04 -1.949273018e-03 -4.605046008e-02
353679.090000000 -6.727472527e-05 -1.415648496e-04 -1.658684986e-04 -2.916476195e-04 -3.890431846e-03 -4.540626880e-02
353679.095000000 -1.010404150e-04 -1.234622090e-04 -1.648947327e-04 4.859242002e-04 -5.362524944e-03 -4.606395649e-02
353679.100000000 -1.796210517e-04 -1.280497819e-04 -1.576384151e-04 1.246286692e-03 -4.282149026e-03 -4.710715429e-02
353679.105000000 -2.168782018e-04 -1.338270492e-04 -1.495307531e-04 1.691961440e-03 -7.172839122e-04 -4.811171976e-02
353679.110000000 -1.719582838e-04 -1.368009715e-04 -1.484806010e-04 1.380586409e-03 2.757403921e-03 -4.797872109e-02
353679.115000000 -1.046835114e-04 -1.475171935e-04 -1.468153404e-04 8.297732314e-04 2.923597883e-03 -4.689676875e-02
353679.120000000 -8.471365867e-05 -1.640452656e-04 -1.396643556e-04 4.362025428e-04 9.032626947e-04 -4.658699627e-02
353679.125000000 -1.174820879e-04 -1.735580718e-04 -1.327085351e-04 2.386440028e-04 -5.129371862e-04 -4.706702154e-02
353679.130000000 -1.526070860e-04 -1.714154471e-04 -1.315312365e-04 5.238296286e-04 -1.204217628e-03 -4.747408992e-02
353679.135000000 -1.436094196e-04 -1.606250213e-04 -1.373255239e-04 9.613868979e-04 -2.394263180e-03 -4.804305205e-02
353679.140000000 -1.164430786e-04 -1.414070646e-04 -1.459487530e-04 7.121648934e-04 -3.839332056e-03 -4.833178127e-02
353679.145000000 -1.318042513e-04 -1.165731931e-04 -1.504607751e-04 4.951332058e-05 -3.779377194e-03 -4.742694635e-02
353679.150000000 -1.912712160e-04 -9.552983504e-05 -1.508987311e-04 -4.353979834e-04 -1.477741848e-03 -4.648201832e-02
353679.155000000 -2.303778702e-04 -7.935072413e-05 -1.554144624e-04 -9.412347495e-04 1.458473549e-03 -4.674677995e-02
353679.160000000 -2.178476303e-04 -6.750337248e-05 -1.637751427e-04 -1.195211417e-03 2.903574390e-03 -4.725462184e-02
353679.165000000 -1.765277017e-04 -6.140733132e-05 -1.665545560e-04 -3.979667942e-04 1.431568388e-03 -4.783758352e-02
353679.170000000 -1.589396492e-04 -5.811813912e-05 -1.599156278e-04 9.631066661e-04 -9.477388318e-04 -4.832739565e-02
353679.175000000 -1.874132404e-04 -5.856531819e-05 -1.505609451e-04 1.814063583e-03 -5.700375819e-04 -4.714788779e-02
353679.180000000 -2.077968106e-04 -6.563282695e-05 -1.450490553e-04 2.273590686e-03 1.496597631e-03 -4.489062214e-02
353679.185000000 -1.720822966e-04 -7.689548186e-05 -1.476307598e-04 1.647812824e-03 1.573485036e-03 -4.354913661e-02
353679.190000000 -1.176950401e-04 -8.359417879e-05 -1.514825742e-04 -1.891678284e-04 -9.315155566e-04 -4.379483205e-02
353679.195000000 -1.187937397e-04 -8.060970725e-05 -1.447579008e-04 -7.898250311e-04 -3.193667535e-03 -4.559028653e-02
353679.200000000 -1.764336747e-04 -7.358686953e-05 -1.328599018e-04 4.299651687e-04 -2.815667612e-03 -4.845086209e-02
353679.205000000 -2.225609176e-04 -6.914127048e-05 -1.249375589e-04 1.909016392e-03 9.082658471e-04 -5.015651855e-02
353679.210000000 -2.032910334e-04 -6.455728754e-05 -1.211674415e-04 3.066377286e-03 5.195031345e-03 -4.950917451e-02
353679.215000000 -1.408353658e-04 -5.909180321e-05 -1.202100506e-04 3.535323303e-03 5.839418193e-03 -4.856747068e-02
353679.220000000 -9.855606145e-05 -6.206363572e-05 -1.162060325e-04 2.422084731e-03 3.953309333e-03 -4.821712579e-02
353679.225000000 -1.040741255e-04 -6.580375698e-05 -1.067522301e-04 -2.297697119e-04 2.659412577e-03 -4.722177211e-02
353679.230000000 -1.148657317e-04 -5.108654391e-05 -1.005567659e-04 -2.210079418e-03 1.841618911e-03 -4.608102264e-02
353679.235000000 -8.068638075e-05 -2.228192893e-05 -9.885885741e-05 -1.616989693e-03 7.370193492e-05 -4.593602901e-02
353679.240000000 -4.143467509e-05 -1.134432726e-07 -9.831074957e-05 9.205814218e-04 -2.394010668e-03 -4.597238976e-02
353679.245000000 -9.226006693e-05 -1.534995829e-06 -1.034599947e-04 4.414552256e-03 -2.764071103e-03 -4.620877358e-02
353679.250000000 -2.168435714e-04 -2.478046983e-05 -1.143674394e-04 6.898866880e-03 6.852012934e-04 -4.721970867e-02
353679.255000000 -2.719667381e-04 -5.302856174e-05 -1.253221759e-04 6.370386933e-03 5.140222146e-03 -4.812593811e-02
353679.260000000 -2.063105293e-04 -7.705621364e-05 -1.341089520e-04 4.072536269e-03 6.945306420e-03 -4.922783368e-02
353679.265000000 -9.689142918e-05 -9.339284099e-05 -1.419207044e-04 1.240932415e-03 5.054631602e-03 -5.093169056e-02
353679.270000000 -4.609968386e-05 -9.377223819e-05 -1.473938611e-04 -1.002544025e-03 2.334903962e-03 -5.120973006e-02
353679.275000000 -8.219016449e-05 -7.873099959e-05 -1.490645388e-04 -5.230152946e-04 2.575460093e-03 -4.893327322e-02
353679.280000000 -1.227220499e-04 -6.109062996e-05 -1.507896168e-04 2.046284625e-03 4.693653331e-03 -4.608453417e-02
353679.285000000 -9.568386073e-05 -4.214264885e-05 -1.593443568e-04 4.584482775e-03 4.188410660e-03 -4.464292080e-02
353679.290000000 -4.127066455e-05 -2.926196445e-05 -1.745031346e-04 5.909060509e-03 -2.188131409e-05 -4.538725254e-02
353679.295000000 -4.973707426e-05 -3.764108117e-05 -1.849312391e-04 5.302078986e-03 -3.402195044e-03 -4.831623067e-02
353679.300000000 -1.103982445e-04 -5.913275734e-05 -1.894281257e-04 2.993688245e-03 -3.059335206e-03 -5.165241707e-02
353679.305000000 -1.333902505e-04 -7.585091553e-05 -1.928752131e-04 6.490254831e-04 3.126203770e-05 -5.264798091e-02
353679.310000000 -9.121649711e-05 -7.902490261e-05 -1.942606896e-04 3.991952577e-04 3.088970828e-03 -5.100460034e-02
353679.315000000 -4.296185633e-05 -7.776085706e-05 -1.918446068e-04 2.381401358e-03 3.523803961e-03 -4.866321951e-02
353679.320000000 -3.821060539e-05 -8.398483930e-05 -1.850566714e-04 5.090265464e-03 2.520840406e-03 -4.645589327e-02
353679.325000000 -7.329348802e-05 -1.030240245e-04 -1.790022441e-04 6.976462124e-03 1.755288881e-03 -4.569048370e-02
353679.330000000 -1.025862403e-04 -1.276685834e-04 -1.768184054e-04 6.473193271e-03 9.767746337e-04 -4.713209623e-02
353679.335000000 -8.713735969e-05 -1.357154023e-04 -1.779137399e-04 3.763806982e-03 -2.486519402e-04 -4.864475137e-02
353679.340000000 -5.516701227e-05 -1.271188898e-04 -1.796389866e-04 1.054318184e-03 -1.971131870e-03 -4.933794083e-02
353679.345000000 -6.993842553e-05 -1.192773759e-04 -1.759729550e-04 1.214863592e-04 -2.837259548e-03 -4.995623723e-02
353679.350000000 -1.373587315e-04 -1.191957062e-04 -1.703596818e-04 1.204218738e-03 -1.602491844e-03 -4.975320980e-02
353679.355000000 -1.824633058e-04 -1.243091746e-04 -1.738141547e-04 3.565662341e-03 2.564093202e-04 -4.845417910e-02
353679.360000000 -1.673103718e-04 -1.308464079e-04 -1.830264539e-04 6.026217221e-03 8.579597375e-04 -4.773645059e-02
353679.365000000 -1.334729141e-04 -1.444996436e-04 -1.855954967e-04 6.266328526e-03 7.874398237e-04 -4.755961673e-02
353679.370000000 -1.268377450e-04 -1.616341090e-04 -1.799045877e-04 3.726130783e-03 1.593932435e-03 -4.678068145e-02
353679.375000000 -1.401794147e-04 -1.648603742e-04 -1.730604831e-04 1.012781759e-03 2.957515100e-03 -4.647594425e-02
353679.380000000 -1.308390889e-04 -1.515101340e-04 -1.707048951e-04 -7.148198729e-04 3.210758858e-03 -4.710157150e-02
353679.385000000 -9.063165524e-05 -1.269567697e-04 -1.728169191e-04 -3.323031794e-04 2.542850227e-04 -4.786388407e-02
353679.390000000 -7.208870888e-05 -1.074898920e-04 -1.773713211e-04 2.656326978e-03 -4.915419049e-03 -4.896956234e-02
353679.395000000 -1.182166077e-04 -1.121896816e-04 -1.849258556e-04 5.150411995e-03 -6.930686550e-03 -4.978937870e-02
353679.400000000 -1.863091782e-04 -1.301002627e-04 -1.960832925e-04 5.630713629e-03 -4.227660460e-03 -4.887063091e-02
353679.405000000 -1.902868443e-04 -1.515456519e-04 -2.074690453e-04 4.361133277e-03 9.461171277e-05 -4.710412174e-02
353679.410000000 -1.216239436e-04 -1.692159060e-04 -2.127800544e-04 1.592326118e-03 2.741032286e-03 -4.645029109e-02
353679.415000000 -7.774227720e-05 -1.699530219e-04 -2.091359699e-04 -9.384509264e-04 2.608175076e-03 -4.672279384e-02
353679.420000000 -1.030725425e-04 -1.599435329e-04 -2.051214703e-04 -1.908514508e-03 1.734139353e-03 -4.726615868e-02
353679.425000000 -1.340887736e-04 -1.435194840e-04 -2.017949540e-04 -1.058729987e-03 1.543335404e-03 -4.820442953e-02
353679.430000000 -1.101578631e-04 -1.250802479e-04 -1.919475553e-04 1.171788343e-03 1.300609865e-03 -4.851434952e-02
353679.435000000 -5.414179539e-05 -1.151753083e-04 -1.840755430e-04 3.494230004e-03 -1.360920626e-04 -4.755001533e-02
353679.440000000 -2.833168270e-05 -1.155381207e-04 -1.814861632e-04 4.767547034e-03 -2.210347332e-03 -4.682862626e-02
353679.445000000 -5.661830016e-05 -1.275116637e-04 -1.759212958e-04 3.767637337e-03 -2.965035229e-03 -4.683135110e-02
353679.450000000 -1.037192508e-04 -1.420431622e-04 -1.673728499e-04 1.214275111e-03 -2.301857311e-03 -4.696077754e-02
353679.455000000 -1.137142224e-04 -1.402362926e-04 -1.618795504e-04 -1.671643944e-04 -2.038855676e-03 -4.784750372e-02
353679.460000000 -1.003050991e-04 -1.265463124e-04 -1.596707621e-04 -2.202891878e-04 -2.329076388e-03 -4.904968344e-02
353679.465000000 -1.095989544e-04 -1.193010178e-04 -1.510879371e-04 8.337389949e-04 -1.433952458e-03 -4.891303667e-02
353679.470000000 -1.374679332e-04 -1.255394297e-04 -1.348615009e-04 3.135331458e-03 9.596835554e-04 -4.794722929e-02
353679.475000000 -1.454174684e-04 -1.399143234e-04 -1.245573933e-04 4.403699029e-03 3.027059591e-03 -4.769242621e-02
353679.480000000 -1.196336846e-04 -1.540016272e-04 -1.227744918e-04 3.714855253e-03 3.402705124e-03 -4.770956685e-02
353679.485000000 -7.837543367e-05 -1.602317349e-04 -1.215004574e-04 1.891061499e-03 1.060324455e-03 -4.815202553e-02
353679.490000000 -5.654584984e-05 -1.535036904e-04 -1.166863903e-04 -3.328056433e-04 -2.768916725e-03 -4.956925810e-02
353679.495000000 -7.770985308e-05 -1.368643608e-04 -1.103478727e-04 -1.419090427e-03 -4.124937289e-03 -5.008274981e-02
353679.500000000 -1.147032185e-04 -1.164007055e-04 -1.091471255e-04 -6.109592569e-04 -2.949529360e-03 -4.892180977e-02
353679.505000000 -1.239908877e-04 -9.548322810e-05 -1.136030052e-04 1.403988173e-03 -1.826796711e-03 -4.732720241e-02
353679.510000000 -1.107493159e-04 -8.127259748e-05 -1.193805875e-04 3.161838147e-03 -1.638605698e-03 -4.614023056e-02
353679.515000000 -1.180306621e-04 -8.465462097e-05 -1.233779843e-04 3.626488994e-03 -1.926250414e-03 -4.621689305e-02
353679.520000000 -1.446134234e-04 -9.745189815e-05 -1.255740805e-04 3.250154679e-03 -1.945089537e-03 -4.793259591e-02
353679.525000000 -1.504200722e-04 -1.084205233e-04 -1.314653895e-04 2.127956824e-03 -1.740898476e-03 -5.000826355e-02
353679.530000000 -1.295513784e-04 -1.153453549e-04 -1.419588271e-04 7.766011494e-04 -1.788576002e-03 -5.064600535e-02
353679.535000000 -1.184402861e-04 -1.143692354e-04 -1.479029368e-04 7.734813202e-04 -1.868475823e-03 -4.997146863e-02
353679.540000000 -1.430683116e-04 -1.119929726e-04 -1.478951154e-04 1.629480343e-03 -1.075067548e-03 -4.892186334e-02
353679.545000000 -1.787947251e-04 -1.140481087e-04 -1.489139089e-04 2.371884631e-03 6.094300040e-04 -4.711832835e-02
353679.550000000 -1.731865757e-04 -1.154805857e-04 -1.515434742e-04 3.066678642e-03 1.370740232e-03 -4.580342558e-02
353679.555000000 -1.259637343e-04 -1.132548824e-04 -1.532347325e-04 2.988334787e-03 -7.726069499e-05 -4.704517941e-02
353679.560000000 -9.757446654e-05 -1.075114467e-04 -1.511379221e-04 1.938327163e-03 -2.044089459e-03 -4.911356714e-02
353679.565000000 -1.379075468e-04 -1.003005818e-04 -1.459161245e-04 8.875794198e-04 -1.563719256e-03 -5.010868699e-02
353679.570000000 -2.082544182e-04 -9.616698472e-05 -1.416818697e-04 4.256562859e-04 1.719397753e-03 -5.018266396e-02
353679.575000000 -2.094420302e-04 -9.345322763e-05 -1.391035297e-04 6.504539473e-04 4.102579605e-03 -4.917611731e-02
353679.580000000 -1.497603273e-04 -9.273335480e-05 -1.343156325e-04 1.746772131e-03 3.273632791e-03 -4.786271056e-02
353679.585000000 -1.185500370e-04 -1.028036088e-04 -1.238115514e-04 3.154767624e-03 8.061666568e-04 -4.778755440e-02
353679.590000000 -1.446809865e-04 -1.205432836e-04 -1.133885076e-04 3.507176238e-03 -4.897962050e-04 -4.838210740e-02
353679.595000000 -1.833263814e-04 -1.338581490e-04 -1.110387381e-04 2.751992290e-03 6.147370360e-04 -4.792928040e-02
353679.600000000 -1.922236909e-04 -1.352418184e-04 -1.147795538e-04 1.704800939e-03 2.357087101e-03 -4.712367756e-02
353679.605000000 -1.715189419e-04 -1.222700500e-04 -1.182468122e-04 5.257667380e-04 2.976695176e-03 -4.687953200e-02
353679.610000000 -1.453605253e-04 -1.052055853e-04 -1.142299716e-04 1.347369190e-04 2.232577486e-03 -4.709003935e-02
353679.615000000 -1.445114493e-04 -9.620978002e-05 -1.061584432e-04 1.583025182e-03 9.900310442e-04 -4.850702002e-02
353679.620000000 -1.561737437e-04 -1.007370944e-04 -1.075348967e-04 3.373569087e-03 6.729876447e-04 -5.011454615e-02
353679.625000000 -1.437283333e-04 -1.129495454e-04 -1.178512774e-04 3.700053789e-03 1.384727752e-03 -4.974277546e-02
353679.630000000 -1.128590094e-04 -1.173250668e-04 -1.227466666e-04 2.975542950e-03 1.778413016e-03 -4.841251622e-02
353679.635000000 -9.736678457e-05 -1.119848780e-04 -1.214259869e-04 1.808510911e-03 1.931751346e-03 -4.769027791e-02
353679.640000000 -1.059498608e-04 -1.021265060e-04 -1.273611084e-04 7.791915652e-04 2.441915175e-03 -4.696061340e-02
353679.645000000 -1.097941307e-04 -8.939073889e-05 -1.421556145e-04 8.003603894e-04 2.062468060e-03 -4.660084236e-02
353679.650000000 -9.334893119e-05 -7.947366437e-05 -1.539323113e-04 1.629022702e-03 2.684675565e-04 -4.776015694e-02
353679.655000000 -8.784756583e-05 -7.975835766e-05 -1.570013540e-04 2.333766947e-03 -1.096369488e-03 -4.915126982e-02
353679.660000000 -1.136087271e-04 -9.405922344e-05 -1.598667288e-04 2.607476843e-03 -9.362396691e-05 -4.939858140e-02
353679.665000000 -1.363400341e-04 -1.105523211e-04 -1.684104389e-04 2.443058387e-03 2.564904658e-03 -4.904843413e-02
353679.670000000 -1.138652679e-04 -1.148697898e-04 -1.756242962e-04 1.651039871e-03 3.813785397e-03 -4.818818651e-02
353679.675000000 -6.625240392e-05 -1.149737379e-04 -1.784183679e-04 7.352265467e-04 2.503481584e-03 -4.706157522e-02
353679.680000000 -5.985993999e-05 -1.107810911e-04 -1.778862293e-04 4.042895748e-04 3.026290603e-04 -4.705006249e-02
353679.685000000 -1.100572231e-04 -9.844229035e-05 -1.716676621e-04 5.030452664e-04 -4.677459083e-04 -4.778563216e-02
353679.690000000 -1.496531130e-04 -9.032234117e-05 -1.660387071e-04 1.021067655e-03 6.539990877e-04 -4.752117766e-02
353679.695000000 -1.329106061e-04 -8.715582925e-05 -1.624176564e-04 1.932210112e-03 1.464812869e-03 -4.718288619e-02
353679.700000000 -9.388598407e-05 -8.451783578e-05 -1.572962249e-04 2.520893921e-03 7.086194930e-04 -4.776520452e-02
353679.705000000 -9.909769579e-05 -9.000405686e-05 -1.529010586e-04 2.535930079e-03 -5.581305057e-04 -4.830688092e-02
353679.710000000 -1.504073183e-04 -1.043727729e-04 -1.485692453e-04 2.277219699e-03 -7.533005078e-04 -4.876031514e-02
353679.715000000 -1.781600205e-04 -1.137864081e-04 -1.439800764e-04 1.519325883e-03 -2.244217794e-05 -4.925951593e-02
353679.720000000 -1.505422752e-04 -1.113827675e-04 -1.425750240e-04 7.199930875e-04 -5.050976163e-05 -4.889688687e-02
353679.725000000 -1.112080796e-04 -1.035404959e-04 -1.418309026e-04 9.583277967e-04 -1.197176700e-03 -4.781060658e-02
353679.730000000 -1.203157520e-04 -1.026714772e-04 -1.380876444e-04 1.512204142e-03 -1.458675378e-03 -4.736965962e-02
353679.735000000 -1.632777414e-04 -1.055268498e-04 -1.314698642e-04 1.557433882e-03 -2.809702938e-06 -4.716277298e-02
353679.740000000 -1.795677321e-04 -9.551703162e-05 -1.269916365e-04 1.894186048e-03 1.126711377e-03 -4.712129725e-02
353679.745000000 -1.461836774e-04 -7.889652355e-05 -1.286687835e-04 2.625460687e-03 5.312902353e-05 -4.847688961e-02
353679.750000000 -1.054605524e-04 -7.761903687e-05 -1.314833885e-04 2.450948609e-03 -2.261928472e-03 -5.004628988e-02
353679.755000000 -1.081927822e-04 -8.517413723e-05 -1.339113358e-04 1.549994818e-03 -3.658745932e-03 -5.041418092e-02
353679.760000000 -1.449300805e-04 -8.562536201e-05 -1.385864094e-04 1.138396823e-03 -2.869601857e-03 -4.970939534e-02
353679.765000000 -1.635215123e-04 -8.209822899e-05 -1.476861287e-04 1.098018282e-03 -5.634499031e-04 -4.780381520e-02
353679.770000000 -1.439027686e-04 -7.816631222e-05 -1.552898996e-04 1.279743841e-03 3.002131423e-04 -4.572337734e-02
353679.775000000 -1.319008207e-04 -6.945660625e-05 -1.582398196e-04 2.147657043e-03 -6.989571273e-04 -4.539189234e-02
353679.780000000 -1.601836311e-04 -6.546951092e-05 -1.630565886e-04 3.221375200e-03 -9.236159639e-04 -4.666127598e-02
353679.785000000 -1.966655275e-04 -7.873270214e-05 -1.684136044e-04 3.437006958e-03 4.968591423e-04 -4.783326628e-02
353679.790000000 -1.869211414e-04 -9.180809358e-05 -1.675368540e-04 2.910777189e-03 1.540440248e-03 -4.861560361e-02
353679.795000000 -1.421208902e-04 -9.488606210e-05 -1.633161094e-04 2.066261472e-03 1.266263295e-03 -4.951180666e-02
353679.800000000 -1.199990189e-04 -1.000645120e-04 -1.595219200e-04 1.203143827e-03 6.589148802e-04 -4.936050892e-02
353679.805000000 -1.303917842e-04 -1.075922163e-04 -1.528980515e-04 1.231641339e-03 -9.673177745e-05 -4.790476755e-02
353679.810000000 -1.427671004e-04 -1.051742442e-04 -1.491442434e-04 2.263697846e-03 -1.086361438e-03 -4.734239588e-02
353679.815000000 -1.425130030e-04 -9.566594734e-05 -1.520931412e-04 3.328791515e-03 -1.837581089e-03 -4.748686433e-02
353679.820000000 -1.445412763e-04 -9.289547886e-05 -1.506575832e-04 3.854480477e-03 -1.430293563e-03 -4.719657382e-02
353679.825000000 -1.618366300e-04 -9.936975498e-05 -1.413992567e-04 3.633776761e-03 7.294929169e-04 -4.740545629e-02
353679.830000000 -1.763032193e-04 -1.042888094e-04 -1.326489607e-04 2.669907777e-03 3.636661672e-03 -4.783983712e-02
353679.835000000 -1.648702008e-04 -1.059167744e-04 -1.273237669e-04 1.812334243e-03 5.330099713e-03 -4.801074780e-02
353679.840000000 -1.282024729e-04 -1.132038728e-04 -1.188043895e-04 1.842894949e-03 4.204573523e-03 -4.916740658e-02
353679.845000000 -9.341200450e-05 -1.242292252e-04 -1.052879057e-04 2.535372168e-03 1.040482302e-03 -5.096251876e-02
353679.850000000 -9.630074474e-05 -1.345924093e-04 -9.475966188e-05 3.590104933e-03 -6.006705749e-04 -5.083795165e-02
353679.855000000 -1.170863550e-04 -1.466625201e-04 -9.209627586e-05 4.764383602e-03 -9.364786464e-05 -4.917589042e-02
353679.860000000 -1.054271027e-04 -1.567045452e-04 -9.449317648e-05 4.934583528e-03 3.103023204e-04 -4.751025917e-02
353679.865000000 -7.201140520e-05 -1.572543796e-04 -9.723174001e-05 3.794038268e-03 -5.054516638e-04 -4.604015455e-02
353679.870000000 -7.791863526e-05 -1.532046828e-04 -1.010099953e-04 2.881307557e-03 -1.817735053e-03 -4.646251833e-02
353679.875000000 -1.261701374e-04 -1.538075145e-04 -1.041395706e-04 2.383657132e-03 -2.155948659e-03 -4.878521567e-02
353679.880000000 -1.621406507e-04 -1.553119471e-04 -1.049925612e-04 2.294232478e-03 -1.156185897e-03 -5.078403895e-02
353679.885000000 -1.489955021e-04 -1.525300100e-04 -1.108019425e-04 3.523877188e-03 1.868115983e-04 -5.140012205e-02
353679.890000000 -1.011259023e-04 -1.530599319e-04 -1.195511127e-04 4.975423471e-03 3.493752188e-04 -5.084850587e-02
353679.895000000 -6.608379293e-05 -1.633404141e-04 -1.226564410e-04 5.458628034e-03 -6.300514836e-04 -4.944440112e-02
353679.900000000 -7.646325704e-05 -1.785944721e-04 -1.241716494e-04 5.405002217e-03 -2.478313643e-03 -4.785901521e-02
353679.905000000 -1.317412026e-04 -1.913771214e-04 -1.299455092e-04 5.016469488e-03 -5.073501235e-03 -4.742252878e-02
353679.910000000 -1.784680279e-04 -1.987037280e-04 -1.375601440e-04 3.964250110e-03 -6.951179238e-03 -4.789715276e-02
353679.915000000 -1.930438556e-04 -2.019241157e-04 -1.444056088e-04 2.772368699e-03 -7.847626594e-03 -4.804945516e-02
353679.920000000 -2.147510043e-04 -2.082294449e-04 -1.494645228e-04 2.390552381e-03 -7.463308943e-03 -4.807081904e-02
353679.925000000 -2.606956424e-04 -2.210935718e-04 -1.542666499e-04 2.819603534e-03 -4.514733081e-03 -4.804128652e-02
353679.930000000 -2.914945326e-04 -2.341887746e-04 -1.561438228e-04 3.570965092e-03 -9.716749526e-04 -4.739842868e-02
353679.935000000 -2.879557460e-04 -2.466156311e-04 -1.531246164e-04 4.403967374e-03 5.090518279e-04 -4.736192050e-02
353679.940000000 -2.831938327e-04 -2.584232553e-04 -1.491533527e-04 4.187784764e-03 1.542904937e-04 -4.890497833e-02
353679.945000000 -2.967604884e-04 -2.589837367e-04 -1.437752350e-04 2.307778331e-03 -6.577861947e-04 -5.026046470e-02
353679.950000000 -3.009784044e-04 -2.480478602e-04 -1.397508176e-04 9.569383222e-04 -1.368119965e-03 -4.999406524e-02
353679.955000000 -2.693899290e-04 -2.302350423e-04 -1.357704418e-04 8.998588046e-04 -2.529910560e-03 -4.880870258e-02
353679.960000000 -2.405682746e-04 -2.126467458e-04 -1.284022685e-04 1.640882504e-03 -4.725005288e-03 -4.685222690e-02
353679.965000000 -2.729907583e-04 -2.028119382e-04 -1.225594034e-04 3.515060345e-03 -7.401384957e-03 -4.457921851e-02
353679.970000000 -3.445015729e-04 -2.048970982e-04 -1.205930286e-04 4.911310585e-03 -8.438613090e-03 -4.400387032e-02
353679.975000000 -3.991178945e-04 -2.187885357e-04 -1.219403772e-04 4.657076089e-03 -7.459037800e-03 -4.457982631e-02
353679.980000000 -4.217635059e-04 -2.363936857e-04 -1.266710041e-04 3.370485696e-03 -5.103101988e-03 -4.524791366e-02
353679.985000000 -4.211029342e-04 -2.560527180e-04 -1.294873501e-04 1.588664125e-03 -1.155594058e-03 -4.648595461e-02
353679.990000000 -4.153873904e-04 -2.733688487e-04 -1.289899049e-04 2.440659220e-04 2.701419805e-03 -4.707982249e-02
353679.995000000 -4.061517022e-04 -2.780076180e-04 -1.269773874e-04 3.224242831e-04 4.951828070e-03 -4.668570462e-02
353680.000000000 -3.836699014e-04 -2.720223997e-04 -1.228495879e-04 1.274905872e-03 4.867648540e-03 -4.683497262e-02
353680.005000000 -3.464595984e-04 -2.629841117e-04 -1.224705297e-04 1.418215542e-03 2.226572613e-03 -4.772113347e-02
353680.010000000 -3.081508733e-04 -2.432470680e-04 -1.267698074e-04 5.464094731e-04 -7.485867713e-04 -4.767548018e-02
353680.015000000 -2.844569314e-04 -2.146303806e-04 -1.348933644e-04 -1.547207477e-04 -2.565537537e-03 -4.639990970e-02
353680.020000000 -2.811405001e-04 -1.836316763e-04 -1.464561437e-04 -4.480108357e-04 -3.237257713e-03 -4.472153812e-02
